{"id":49,"name":"Comoros","iso3":"COM","iso2":"KM","numeric_code":"174","phone_code":"269","capital":"Moroni","currency":"KMF","currency_name":"Comorian franc","currency_symbol":"CF","tld":".km","native":"Komori","region":"Africa","region_id":"1","subregion":"Eastern Africa","subregion_id":"4","nationality":"Comoran, Comorian","timezones":[{"zoneName":"Indian/Comoro","gmtOffset":10800,"gmtOffsetName":"UTC+03:00","abbreviation":"EAT","tzName":"East Africa Time"}],"translations":{"kr":"\ucf54\ubaa8\ub85c","pt-BR":"Comores","pt":"Comores","nl":"Comoren","hr":"Komori","fa":"\u06a9\u0648\u0645\u0648\u0631","de":"Union der Komoren","es":"Comoras","fr":"Comores","ja":"\u30b3\u30e2\u30ed","it":"Comore","cn":"\u79d1\u6469\u7f57","tr":"Komorlar"},"latitude":"-12.16666666","longitude":"44.25000000","emoji":"\ud83c\uddf0\ud83c\uddf2","emojiU":"U+1F1F0 U+1F1F2","states":{"anjouan":{"id":2821,"name":"Anjouan","state_code":"A","latitude":"-12.21381450","longitude":"44.43706060","type":null,"cities":{"adda-dou\u00e9ni":{"id":65079,"name":"Adda-Dou\u00e9ni","latitude":"-12.29250000","longitude":"44.49722000"},"antsah\u00e9":{"id":65080,"name":"Antsah\u00e9","latitude":"-12.35639000","longitude":"44.52250000"},"assimpao":{"id":65081,"name":"Assimpao","latitude":"-12.23306000","longitude":"44.31972000"},"bambao":{"id":65084,"name":"Bambao","latitude":"-12.20325000","longitude":"44.51638000"},"bandajou":{"id":65085,"name":"Bandajou","latitude":"-12.19167000","longitude":"44.28694000"},"barakani":{"id":65086,"name":"Barakani","latitude":"-12.13861000","longitude":"44.43026000"},"bimbini":{"id":65087,"name":"Bimbini","latitude":"-12.18833000","longitude":"44.23556000"},"boungou\u00e9ni":{"id":65088,"name":"Boungou\u00e9ni","latitude":"-12.20556000","longitude":"44.29944000"},"chandra":{"id":65090,"name":"Chandra","latitude":"-12.19500000","longitude":"44.46472000"},"chironkamba":{"id":65093,"name":"Chironkamba","latitude":"-12.19111000","longitude":"44.35250000"},"chitrouni":{"id":65094,"name":"Chitrouni","latitude":"-12.18583000","longitude":"44.33556000"},"daji":{"id":65096,"name":"Daji","latitude":"-12.32583000","longitude":"44.48861000"},"domoni":{"id":65099,"name":"Domoni","latitude":"-12.25694000","longitude":"44.53194000"},"dziani":{"id":65102,"name":"Dziani","latitude":"-12.18333000","longitude":"44.48333000"},"hajoho":{"id":65105,"name":"Hajoho","latitude":"-12.12434000","longitude":"44.48881000"},"harembo":{"id":65107,"name":"Harembo","latitude":"-12.15108000","longitude":"44.49828000"},"kangani":{"id":65113,"name":"Kangani","latitude":"-12.32102000","longitude":"44.47270000"},"kavani":{"id":65114,"name":"Kavani","latitude":"-12.19194000","longitude":"44.26944000"},"koki":{"id":65115,"name":"Koki","latitude":"-12.17139000","longitude":"44.44167000"},"koni-djodjo":{"id":65116,"name":"Koni-Djodjo","latitude":"-12.22972000","longitude":"44.48167000"},"koni-ngani":{"id":65117,"name":"Koni-Ngani","latitude":"-12.21583000","longitude":"44.48000000"},"kyo":{"id":65119,"name":"Kyo","latitude":"-12.33222000","longitude":"44.51917000"},"limbi":{"id":65120,"name":"Limbi","latitude":"-12.23944000","longitude":"44.50528000"},"lingoni":{"id":65121,"name":"Lingoni","latitude":"-12.25583000","longitude":"44.41833000"},"magnassini-nindri":{"id":65123,"name":"Magnassini-Nindri","latitude":"-12.27806000","longitude":"44.41583000"},"marahar\u00e9":{"id":65125,"name":"Marahar\u00e9","latitude":"-12.23083000","longitude":"44.31333000"},"mirontsi":{"id":65128,"name":"Mirontsi","latitude":"-12.15667000","longitude":"44.40806000"},"mjamaou\u00e9":{"id":65131,"name":"Mjamaou\u00e9","latitude":"-12.19361000","longitude":"44.31000000"},"mjimandra":{"id":65132,"name":"Mjimandra","latitude":"-12.19167000","longitude":"44.37028000"},"moutsamoudou":{"id":65136,"name":"Moutsamoudou","latitude":"-12.16672000","longitude":"44.39944000"},"moya":{"id":65137,"name":"Moya","latitude":"-12.30967000","longitude":"44.43685000"},"mramani":{"id":65138,"name":"Mramani","latitude":"-12.34639000","longitude":"44.52861000"},"mr\u00e9mani":{"id":65139,"name":"Mr\u00e9mani","latitude":"-12.30833000","longitude":"44.49861000"},"ongoni":{"id":65147,"name":"Ongoni","latitude":"-12.17028000","longitude":"44.50694000"},"ouani":{"id":65149,"name":"Ouani","latitude":"-12.13554000","longitude":"44.42493000"},"ouzini":{"id":65154,"name":"Ouzini","latitude":"-12.26722000","longitude":"44.47972000"},"paj\u00e9":{"id":65155,"name":"Paj\u00e9","latitude":"-12.16972000","longitude":"44.38806000"},"patsi":{"id":65156,"name":"Patsi","latitude":"-12.15556000","longitude":"44.43722000"},"sima":{"id":65158,"name":"Sima","latitude":"-12.19556000","longitude":"44.27667000"},"tsimbeo":{"id":65162,"name":"Tsimbeo","latitude":"-12.20583000","longitude":"44.46472000"},"vouani":{"id":65165,"name":"Vouani","latitude":"-12.24417000","longitude":"44.37444000"}}},"grandecomore":{"id":2822,"name":"Grande Comore","state_code":"G","latitude":"-11.71673380","longitude":"43.36807880","type":null,"cities":{"bahani":{"id":65082,"name":"Bahani","latitude":"-11.63972000","longitude":"43.28417000"},"bambadjani":{"id":65083,"name":"Bambadjani","latitude":"-11.47861000","longitude":"43.37722000"},"bouni":{"id":65089,"name":"Bouni","latitude":"-11.48694000","longitude":"43.38833000"},"chezani":{"id":65091,"name":"Chezani","latitude":"-11.43140000","longitude":"43.39625000"},"chindini":{"id":65092,"name":"Chindini","latitude":"-11.92328000","longitude":"43.49109000"},"chouani":{"id":65095,"name":"Chouani","latitude":"-11.82330000","longitude":"43.29429000"},"demb\u00e9ni":{"id":65097,"name":"Demb\u00e9ni","latitude":"-11.87361000","longitude":"43.39778000"},"douniani":{"id":65100,"name":"Douniani","latitude":"-11.42111000","longitude":"43.28889000"},"dzahadjou":{"id":65101,"name":"Dzahadjou","latitude":"-11.85287000","longitude":"43.34987000"},"foumbouni":{"id":65104,"name":"Foumbouni","latitude":"-11.86537000","longitude":"43.49529000"},"hantsindzi":{"id":65106,"name":"Hantsindzi","latitude":"-11.43178000","longitude":"43.41102000"},"h\u00e9roumbili":{"id":65109,"name":"H\u00e9roumbili","latitude":"-11.54389000","longitude":"43.37972000"},"itsandra":{"id":65110,"name":"Itsandra","latitude":"-11.67111000","longitude":"43.25472000"},"itsandz\u00e9ni":{"id":65111,"name":"Itsandz\u00e9ni","latitude":"-11.47278000","longitude":"43.38444000"},"ivouani":{"id":65112,"name":"Ivouani","latitude":"-11.39157000","longitude":"43.39454000"},"koua":{"id":65118,"name":"Koua","latitude":"-11.42083000","longitude":"43.27639000"},"madjeou\u00e9ni":{"id":65122,"name":"Madjeou\u00e9ni","latitude":"-11.82167000","longitude":"43.27806000"},"mandza":{"id":65124,"name":"Mandza","latitude":"-11.41806000","longitude":"43.29528000"},"mavingouni":{"id":65126,"name":"Mavingouni","latitude":"-11.716390","longitude":"43.252500","postcode":"-","gmtOffset":10800,"gmtOffsetName":"UTC+03:00","ip2locationv4":["1725921792","1725922047","2761984256","2761984511","3321880832","3321881087"],"ip2locationv6":["281472407665152","281472407665407","281473443727616","281473443727871","281474003624192","281474003624447"]},"mb\u00e9ni":{"id":65127,"name":"Mb\u00e9ni","latitude":"-11.50139000","longitude":"43.37750000"},"mitsamiouli":{"id":65129,"name":"Mitsamiouli","latitude":"-11.38472000","longitude":"43.28444000"},"mitsoudj\u00e9":{"id":65130,"name":"Mitsoudj\u00e9","latitude":"-11.81209000","longitude":"43.28043000"},"mnoungou":{"id":65133,"name":"Mnoungou","latitude":"-11.51778000","longitude":"43.37389000"},"mohoro":{"id":65134,"name":"Mohoro","latitude":"-11.82701000","longitude":"43.45436000"},"moroni":{"id":65135,"name":"Moroni","latitude":"-11.702160","longitude":"43.255060","postcode":"-","gmtOffset":10800,"gmtOffsetName":"UTC+03:00","ip2locationv4":["700588032","700588543","961701376","961701887","1357366016","1357366271","1725921280","1725921791","2761984000","2761984255","2761984512","2761985023","3321880576","3321880831","3321881088","3321881343","3321881600","3321882623","3321883648","3321884159"],"ip2locationv6":["281471382331392","281471382331903","281471643444736","281471643445247","281472039109376","281472039109631","281472407664640","281472407665151","281473443727360","281473443727615","281473443727872","281473443728383","281474003623936","281474003624191","281474003624448","281474003624703","281474003624960","281474003625983","281474003627008","281474003627519","42540578174814481547530874733604110336","42540578174814481565977618807313661951","42540578174814482359187613976824381440","42540578174814482377634358050533933055","50512955734876360398856806186262462464","50512955734877569324676420815437168639","50512955734888449657052952478009524224","50512955734889658582872567107184230399","50543536576981600587918357043079020544","50543536576991271994475274076476669951","55838750783834710437207201489734336512","55838750783834710455653945563443888127","55838750783835333789582940282902544384","55838750783835333808029684356612095999","55838750783835919363026816118909042688","55838750783835919381473560192618594303","55838750783844381843764118523131985920","55838750783844381862210862596841537535","55838750783845005196139857316300193792","55838750783845005214586601390009745407","55838750783845590769583733152306692096","55838750783845590788030477226016243711","55838750783849217547042577039830810624","55838750783849217565489321113540362239","55838750783849840899418315832999018496","55838750783849840917865059906708570111","55838750783850426472862191669005516800","55838750783850426491308935742715068415","55849932188199597411997745524034764800","55849932188199597430444489597744316415","55849932188199724546957901530264502272","55849932188199729269324384399909715967","55849932188200807333941540133525258240","55849932188200807352388284207234809855","55849932188200990141175310595181772800","55849932188200994863541793464826986495","55849932188204434000719919578792067072","55849932188204434019166663652501618687","55849932188204583862068774395189395456","55849932188204588584435257264834609151","55849932208015553499548606338393178112","55849932208015629057412332252716597247","55849932208034896312662440405188476928","55849932208034971870526166319511896063","55849932208054239125776274471983775744","55849932208054314683640000386307194879","55849932208073581938890108538779074560","55849932208073657496753834453102493695","55849932208092924752003942605574373376","55849932208093000309867668519897792511","55849932208112267565117776672369672192","55849932208112343122981502586693091327","55849932208131610378231610739164971008","55849932208131685936095336653488390143","55849932208150953191345444805960269824","55849932208151028749209170720283688959","55878094332948252678345402468033101824","55878094332948252696792146541742653439","55878094332986938304573070601623699456","55878094332986938323019814675333251071","55878094333025623930800738735214297088","55878094333025623949247482808923848703","55878094333064309557028406868804894720","55878094333064309575475150942514446335","55878094414932766061331094579907133440","55878094414942437467888011613304782847","55878094494160928575595432173451083776","55878094494170599982152349206848733183","55878094552740638090841903463013548032","55878094552750309497398820496411197439","55878094557692398247983424562610044928","55878094557702069654540341596007694335","55878094652820353141819365061889622016","55878094652830024548376282095287271423","55878094732048515656083702655433572352","55878094732058187062640619688831221759","58568840456170907379305582040874745856","58568840535399069893569919634418696191","58568893063670816850825744154057768960","58568893142898979365090081747601719295"]},"mtsamdou":{"id":65141,"name":"Mtsamdou","latitude":"-11.60694000","longitude":"43.38056000"},"mvouni":{"id":65142,"name":"Mvouni","latitude":"-11.71611000","longitude":"43.26472000"},"nioumamilima":{"id":65144,"name":"Nioumamilima","latitude":"-11.85461000","longitude":"43.44607000"},"ntsaou\u00e9ni":{"id":65145,"name":"Ntsaou\u00e9ni","latitude":"-11.46583000","longitude":"43.26278000"},"ntsoudjini":{"id":65146,"name":"Ntsoudjini","latitude":"-11.659720","longitude":"43.261390","postcode":"-","gmtOffset":10800,"gmtOffsetName":"UTC+03:00","ip2locationv4":["3321882624","3321882879"],"ip2locationv6":["281474003625984","281474003626239"]},"ouellah":{"id":65150,"name":"Ouellah","latitude":"-11.39028000","longitude":"43.33194000"},"ouhozi":{"id":65151,"name":"Ouhozi","latitude":"-11.40500000","longitude":"43.28222000"},"ourov\u00e9ni":{"id":65152,"name":"Ourov\u00e9ni","latitude":"-11.91375000","longitude":"43.49804000"},"oussivo":{"id":65153,"name":"Oussivo","latitude":"-11.58500000","longitude":"43.26722000"},"salimani":{"id":65157,"name":"Salimani","latitude":"-11.81150000","longitude":"43.26823000"},"s\u00e9l\u00e9a":{"id":65160,"name":"S\u00e9l\u00e9a","latitude":"-11.78444000","longitude":"43.26083000"},"singani":{"id":65159,"name":"Singani","latitude":"-11.84784000","longitude":"43.31731000"},"tsidj\u00e9":{"id":65161,"name":"Tsidj\u00e9","latitude":"-11.69806000","longitude":"43.26194000"},"vanadjou":{"id":65163,"name":"Vanadjou","latitude":"-11.60750000","longitude":"43.27611000"},"vanambouani":{"id":65164,"name":"Vanambouani","latitude":"-11.61139000","longitude":"43.25306000"},"tsidje":{"name":"Tsidje","latitude":"-11.698060","longitude":"43.261940","postcode":"-","gmtOffset":10800,"gmtOffsetName":"UTC+03:00","ip2locationv4":["1725922048","1725922303","3321881344","3321881599","3321883136","3321883391","3321884160","3321884671"],"ip2locationv6":["281472407665408","281472407665663","281474003624704","281474003624959","281474003626496","281474003626751","281474003627520","281474003628031"]}}},"moh\u00e9li":{"id":2820,"name":"Moh\u00e9li","state_code":"M","latitude":"-12.33773760","longitude":"43.73340890","type":null,"cities":{"djoy\u00e9zi":{"id":65098,"name":"Djoy\u00e9zi","latitude":"-12.30587000","longitude":"43.77425000"},"fomboni":{"id":65103,"name":"Fomboni","latitude":"-12.28759000","longitude":"43.74344000"},"hoani":{"id":65108,"name":"Hoani","latitude":"-12.25083000","longitude":"43.67472000"},"mtakoudja":{"id":65140,"name":"Mtakoudja","latitude":"-12.26111000","longitude":"43.70361000"},"nioumachoua":{"id":65143,"name":"Nioumachoua","latitude":"-12.36139000","longitude":"43.71528000"},"ouanani":{"id":65148,"name":"Ouanani","latitude":"-12.33750000","longitude":"43.79750000"},"ziroudani":{"id":65166,"name":"Ziroudani","latitude":"-12.33250000","longitude":"43.77750000"}}},"moheli":{"name":"Moheli","cities":{"fomboni":{"name":"Fomboni","latitude":"-12.280000","longitude":"43.742500","postcode":"-","gmtOffset":10800,"gmtOffsetName":"UTC+03:00","ip2locationv4":["3321882880","3321883135","3321883392","3321883647"],"ip2locationv6":["281474003626240","281474003626495","281474003626752","281474003627007"]}}}}}