{"id":198,"name":"Sierra Leone","iso3":"SLE","iso2":"SL","numeric_code":"694","phone_code":"232","capital":"Freetown","currency":"SLL","currency_name":"Sierra Leonean leone","currency_symbol":"Le","tld":".sl","native":"Sierra Leone","region":"Africa","region_id":"1","subregion":"Western Africa","subregion_id":"3","nationality":"Sierra Leonean","timezones":[{"zoneName":"Africa/Freetown","gmtOffset":0,"gmtOffsetName":"UTC\u00b100","abbreviation":"GMT","tzName":"Greenwich Mean Time"}],"translations":{"kr":"\uc2dc\uc5d0\ub77c\ub9ac\uc628","pt-BR":"Serra Leoa","pt":"Serra Leoa","nl":"Sierra Leone","hr":"Sijera Leone","fa":"\u0633\u06cc\u0631\u0627\u0644\u0626\u0648\u0646","de":"Sierra Leone","es":"Sierra Leone","fr":"Sierra Leone","ja":"\u30b7\u30a8\u30e9\u30ec\u30aa\u30cd","it":"Sierra Leone","cn":"\u585e\u62c9\u5229\u6602","tr":"Sierra Leone"},"latitude":"8.50000000","longitude":"-11.50000000","emoji":"\ud83c\uddf8\ud83c\uddf1","emojiU":"U+1F1F8 U+1F1F1","states":{"easternprovince":{"id":914,"name":"Eastern Province","state_code":"E","latitude":null,"longitude":null,"type":null,"cities":{"barma":{"id":104606,"name":"Barma","latitude":"8.34959000","longitude":"-11.33059000"},"blama":{"id":104609,"name":"Blama","latitude":"7.87481000","longitude":"-11.34548000"},"boajibu":{"id":104612,"name":"Boajibu","latitude":"8.18763000","longitude":"-11.34026000"},"buedu":{"id":104617,"name":"Buedu","latitude":"8.27960000","longitude":"-10.37135000"},"bunumbu":{"id":104620,"name":"Bunumbu","latitude":"8.17421000","longitude":"-10.86432000"},"daru":{"id":104621,"name":"Daru","latitude":"7.98976000","longitude":"-10.84223000"},"giehun":{"id":104627,"name":"Giehun","latitude":"7.88405000","longitude":"-11.04908000"},"gorahun":{"id":104628,"name":"Gorahun","latitude":"7.46439000","longitude":"-11.23952000"},"hangha":{"id":104629,"name":"Hangha","latitude":"7.93974000","longitude":"-11.14132000"},"jojoima":{"id":104631,"name":"Jojoima","latitude":"7.87815000","longitude":"-10.78976000"},"kailahun":{"id":104633,"name":"Kailahun","latitude":"8.27890000","longitude":"-10.57300000"},"kailahundistrict":{"id":104634,"name":"Kailahun District","latitude":"8.10768000","longitude":"-10.75146000"},"kayima":{"id":104638,"name":"Kayima","latitude":"8.88790000","longitude":"-11.15932000"},"kenema":{"id":104639,"name":"Kenema","latitude":"7.87687000","longitude":"-11.19025000"},"kenemadistrict":{"id":104640,"name":"Kenema District","latitude":"7.95171000","longitude":"-11.19004000"},"koidu":{"id":104642,"name":"Koidu","latitude":"8.64387000","longitude":"-10.97140000"},"konodistrict":{"id":104645,"name":"Kono District","latitude":"8.70687000","longitude":"-10.93368000"},"koyima":{"id":104647,"name":"Koyima","latitude":"8.70552000","longitude":"-11.02241000"},"manowa":{"id":104658,"name":"Manowa","latitude":"8.17392000","longitude":"-10.74834000"},"mobai":{"id":104662,"name":"Mobai","latitude":"7.99343000","longitude":"-10.75355000"},"motema":{"id":104664,"name":"Motema","latitude":"8.61427000","longitude":"-11.01252000"},"panguma":{"id":104668,"name":"Panguma","latitude":"8.18507000","longitude":"-11.13290000"},"pendembu":{"id":104669,"name":"Pendembu","latitude":"8.09807000","longitude":"-10.69429000"},"segbwema":{"id":104677,"name":"Segbwema","latitude":"7.99471000","longitude":"-10.95020000"},"simbakoro":{"id":104680,"name":"Simbakoro","latitude":"8.61243000","longitude":"-11.00755000"},"tefeya":{"id":104682,"name":"Tefeya","latitude":"8.70395000","longitude":"-11.21260000"},"tombodu":{"id":104684,"name":"Tombodu","latitude":"8.13526000","longitude":"-10.61960000"},"tombu":{"id":104685,"name":"Tombu","latitude":"8.53991000","longitude":"-10.73132000"},"wima":{"id":104689,"name":"Wima","latitude":"8.30052000","longitude":"-11.20455000"},"yengema":{"id":104690,"name":"Yengema","latitude":"8.71441000","longitude":"-11.17057000"}}},"northernprovince":{"id":911,"name":"Northern Province","state_code":"N","latitude":null,"longitude":null,"type":null,"cities":{"alikalia":{"id":104603,"name":"Alikalia","latitude":"9.15356000","longitude":"-11.38712000"},"bindi":{"id":104607,"name":"Bindi","latitude":"9.91376000","longitude":"-11.44669000"},"binkolo":{"id":104608,"name":"Binkolo","latitude":"8.95225000","longitude":"-11.98029000"},"bombalidistrict":{"id":104613,"name":"Bombali District","latitude":"9.28444000","longitude":"-12.16449000"},"bumbuna":{"id":104618,"name":"Bumbuna","latitude":"9.04466000","longitude":"-11.74576000"},"gberiafotombu":{"id":104625,"name":"Gberia Fotombu","latitude":"9.87852000","longitude":"-11.16548000"},"kabala":{"id":104632,"name":"Kabala","latitude":"9.58893000","longitude":"-11.55256000"},"kamakwie":{"id":104635,"name":"Kamakwie","latitude":"9.49689000","longitude":"-12.24061000"},"kambia":{"id":104636,"name":"Kambia","latitude":"9.12504000","longitude":"-12.91816000"},"kassiri":{"id":104637,"name":"Kassiri","latitude":"8.93814000","longitude":"-13.11541000"},"koinadugudistrict":{"id":104643,"name":"Koinadugu District","latitude":"9.50991000","longitude":"-11.34601000"},"konakridee":{"id":104644,"name":"Konakridee","latitude":"8.69778000","longitude":"-13.23917000"},"kukuna":{"id":104648,"name":"Kukuna","latitude":"9.39841000","longitude":"-12.66476000"},"loma":{"id":104650,"name":"Loma","latitude":"9.75931000","longitude":"-12.03383000"},"lunsar":{"id":104651,"name":"Lunsar","latitude":"8.68439000","longitude":"-12.53499000"},"magburaka":{"id":104652,"name":"Magburaka","latitude":"8.72306000","longitude":"-11.94880000"},"makali":{"id":104653,"name":"Makali","latitude":"8.62964000","longitude":"-11.66168000"},"makeni":{"id":104654,"name":"Makeni","latitude":"8.88605000","longitude":"-12.04417000"},"mambolo":{"id":104655,"name":"Mambolo","latitude":"8.91860000","longitude":"-13.03674000"},"mange":{"id":104657,"name":"Mange","latitude":"8.92262000","longitude":"-12.85688000"},"masaka":{"id":104659,"name":"Masaka","latitude":"8.66492000","longitude":"-11.80260000"},"masingbi":{"id":104660,"name":"Masingbi","latitude":"8.78197000","longitude":"-11.95171000"},"masoyila":{"id":104661,"name":"Masoyila","latitude":"8.61119000","longitude":"-13.19101000"},"pepel":{"id":104670,"name":"Pepel","latitude":"8.58611000","longitude":"-13.05444000"},"rokupr":{"id":104674,"name":"Rokupr","latitude":"8.67121000","longitude":"-12.38497000"},"sawkta":{"id":104676,"name":"Sawkta","latitude":"8.63230000","longitude":"-13.20250000"},"seidu":{"id":104678,"name":"Seidu","latitude":"9.01801000","longitude":"-10.59496000"},"tintafor":{"id":104683,"name":"Tintafor","latitude":"8.62667000","longitude":"-13.21500000"},"tonkolilidistrict":{"id":104687,"name":"Tonkolili District","latitude":"8.61885000","longitude":"-11.84173000"},"yonibana":{"id":104691,"name":"Yonibana","latitude":"8.44347000","longitude":"-12.23929000"}}},"southernprovince":{"id":912,"name":"Southern Province","state_code":"S","latitude":null,"longitude":null,"type":null,"cities":{"baiima":{"id":104604,"name":"Baiima","latitude":"8.10826000","longitude":"-11.84772000"},"baoma":{"id":104605,"name":"Baoma","latitude":"7.99344000","longitude":"-11.71468000"},"bo":{"id":104610,"name":"Bo","latitude":"7.96472000","longitude":"-11.73833000"},"bodistrict":{"id":104611,"name":"Bo District","latitude":"7.98877000","longitude":"-11.67340000"},"bomi":{"id":104614,"name":"Bomi","latitude":"7.24611000","longitude":"-11.52583000"},"bonthe":{"id":104615,"name":"Bonthe","latitude":"7.52639000","longitude":"-12.50500000"},"bonthedistrict":{"id":104616,"name":"Bonthe District","latitude":"7.51622000","longitude":"-12.33591000"},"bumpe":{"id":104619,"name":"Bumpe","latitude":"7.89209000","longitude":"-11.90541000"},"foindu":{"id":104622,"name":"Foindu","latitude":"7.40906000","longitude":"-11.54328000"},"gandorhun":{"id":104624,"name":"Gandorhun","latitude":"7.55502000","longitude":"-11.69260000"},"gbewebu":{"id":104626,"name":"Gbewebu","latitude":"7.55091000","longitude":"-11.60750000"},"koribundu":{"id":104646,"name":"Koribundu","latitude":"7.70952000","longitude":"-11.69354000"},"largo":{"id":104649,"name":"Largo","latitude":"8.27903000","longitude":"-12.15780000"},"mamboma":{"id":104656,"name":"Mamboma","latitude":"8.08742000","longitude":"-11.68841000"},"mogbwemo":{"id":104663,"name":"Mogbwemo","latitude":"7.76237000","longitude":"-12.30864000"},"moyamba":{"id":104665,"name":"Moyamba","latitude":"8.15898000","longitude":"-12.43168000"},"moyambadistrict":{"id":104666,"name":"Moyamba District","latitude":"8.06290000","longitude":"-12.44401000"},"palima":{"id":104667,"name":"Palima","latitude":"8.11996000","longitude":"-11.50702000"},"potoru":{"id":104671,"name":"Potoru","latitude":"7.50596000","longitude":"-11.47897000"},"pujehun":{"id":104672,"name":"Pujehun","latitude":"7.35806000","longitude":"-11.72083000"},"pujehundistrict":{"id":104673,"name":"Pujehun District","latitude":"7.31855000","longitude":"-11.57920000"},"rotifunk":{"id":104675,"name":"Rotifunk","latitude":"8.22591000","longitude":"-12.67760000"},"serabu":{"id":104679,"name":"Serabu","latitude":"7.79311000","longitude":"-12.05294000"},"sumbuya":{"id":104681,"name":"Sumbuya","latitude":"7.64789000","longitude":"-11.96060000"},"tongole":{"id":104686,"name":"Tongole","latitude":"7.45092000","longitude":"-11.90071000"},"zimmi":{"id":104692,"name":"Zimmi","latitude":"7.31356000","longitude":"-11.30818000"}}},"westernarea":{"id":913,"name":"Western Area","state_code":"W","latitude":"40.25459690","longitude":"-80.24554440","type":null,"cities":{"freetown":{"id":104623,"name":"Freetown","latitude":"8.484031","longitude":"-13.229987","postcode":"-","gmtOffset":0,"gmtOffsetName":"UTC+00:00","ip2locationv4":["692999168","692999423","692999680","693000191","700446720","700447743","701359872","701360127","702514176","702515199","961715712","961716223","1347544064","1347544319","1712744448","1712745471","1712819200","1712820223","1720647680","1720649983","1720650240","1720652287","1720652544","1720680447","1725051904","1725052159","1725088000","1725088255","1725492736","1725492991","1725757696","1725757951","1725929984","1725930495","1725933568","1725934591","1742831616","1742831871","2178827776","2178828287","2685638656","2685639679","2685693952","2685694975","2773085184","2773086207","2851062784","2851063807","2851075328","2851076095","3278811136","3278813183","3291211008","3291211263","3302546432","3302546943","3302951424","3302951679","3315460096","3315461119","3319201792","3319206911","3319207424","3319208191","3319208448","3319208703","3319208960","3319209215","3319209472","3319209983","3319211008","3319228159","3319228416","3319228671","3319228928","3319229183","3319229440","3319234559","3585524480","3585524735"],"ip2locationv6":["281471374742528","281471374742783","281471374743040","281471374743551","281471382190080","281471382191103","281471383103232","281471383103487","281471384257536","281471384258559","281471643459072","281471643459583","281472029287424","281472029287679","281472394487808","281472394488831","281472394562560","281472394563583","281472402391040","281472402393343","281472402393600","281472402395647","281472402395904","281472402423807","281472406795264","281472406795519","281472406831360","281472406831615","281472407236096","281472407236351","281472407501056","281472407501311","281472407673344","281472407673855","281472407676928","281472407677951","281472424574976","281472424575231","281472860571136","281472860571647","281473367382016","281473367383039","281473367437312","281473367438335","281473454828544","281473454829567","281473532806144","281473532807167","281473532818688","281473532819455","281473960554496","281473960556543","281473972954368","281473972954623","281473984289792","281473984290303","281473984694784","281473984695039","281473997203456","281473997204479","281474000945152","281474000950271","281474000950784","281474000951551","281474000951808","281474000952063","281474000952320","281474000952575","281474000952832","281474000953343","281474000954368","281474000971519","281474000971776","281474000972031","281474000972288","281474000972543","281474000972800","281474000977919","281474267267840","281474267268095","42540578174775876349107367973658558464","42540578174775876367554112047368110079","42541866732216361904276658824784379904","42541866732217570830096273453959086079","42541866735272526376262441378441592832","42541866735273735302082056007616299007","50541822694119157270224178522324205568","50541822694138500083338012589119504383","50541822696841658215996323423762513920","50541822696861001029110157490557812735","50543536581536833076226279773371891712","50543536581546504482783196806769541119","55838750780353004076717069466580549632","55838750780353004095163813540290101247","55838750780353643367079687944801353728","55838750780353643385526432018510905343","55838750780354213002536684095755255808","55838750780354213020983428169464807423","55838750780355421928356298724929961984","55838750780355421946803042798639513599","55838750780356061218718917203150766080","55838750780356061237165661276860317695","55838750780356630854175913354104668160","55838750780356630872622657427814219775","55838750780357839779995527983279374336","55838750780357839798442272056988925951","55838750780358479070358146461500178432","55838750780358479088804890535209730047","55838750780359048705815142612454080512","55838750780359048724261886686163632127","55838750780360257631634757241628786688","55838750780360257650081501315338338303","55838750780360896921997375719849590784","55838750780360896940444119793559142399","55838750780361466557454371870803492864","55838750780361466575901115944513044479","55838750780367511186552445016677023744","55838750780367511204999189090386575359","55838750780368150476915063494897827840","55838750780368150495361807568607379455","55838750780368720112372059645851729920","55838750780368720130818803719561281535","55838750780372346889830903533375848448","55838750780372346908277647607085400063","55838750780372986180193522011596652544","55838750780372986198640266085306204159","55838750780373555815650518162550554624","55838750780373555834097262236260106239","55849932188200807665982933460297187328","55849932188200807684429677534006738943","55849932188201051531939587900569550848","55849932188201056254306070770214764543","55849932188204434314314568831854444544","55849932188204434332761312905563996159","55849932188204640530466568830931959808","55849932188204645252833051700577173503","55849932188211687537190863280130752512","55849932188211687555637607353840304127","55849932188211851584085910779173273600","55849932188211856306452393648818487295","55849932208021900360101583141560385536","55849932208021975917965309055883804671","55849932208041243173215417208355684352","55849932208041318731079143122679103487","55849932208060585986329251275150983168","55849932208060661544192977189474402303","55849932208079928799443085341946281984","55849932208080004357306811256269701119","55849932208099271612556919408741580800","55849932208099347170420645323064999935","55849932208118614425670753475536879616","55849932208118689983534479389860298751","55849932208137957238784587542332178432","55849932208138032796648313456655597567","55849932208157300051898421609127477248","55849932208157375609762147523450896383","55878094345946623090841895354473906176","55878094345946623109288639428183457791","55878094345985308717069563488064503808","55878094345985308735516307561774055423","55878094346023994343297231621655101440","55878094346023994361743975695364653055","55878094346062679969524899755245699072","55878094346062679987971643828955250687","55878094419487998549639017310200004608","55878094419497669956195934343597654015","55878094498716161063903354903743954944","55878094498725832470460271937141604351","55878094553543364835066017235018448896","55878094553553036241622934268416098303","55878094558495124992207538334614945792","55878094558504796398764455368012595199","55878094657462628289139541092761337856","55878094657472299695696458126158987263","55878094736690790803403878686305288192","55878094736700462209960795719702937599","55908462102617648390619064416249839616","55908462102618857316438679045424545791","55928283611848135718382763776030015488","55928283691076298232647101369573965823","58564778271292529814839874931895828480","58564778271369901067295211199077023743","58564778275470577447428033359680372736","58564778275547948699883369626861567999","58564889823075296102375817565335191552","58564889902303458616640155158879141887","58565665625242635778769533547696881664","58565665704470798293033871141240831999","58568681999845878850630394952974073856","58568682079074041364894732546518024191","58568690239574780334121504681544908800","58568690318802942848385842275088859135","58568757425056592430279784006814793728","58568757504284754944544121600358744063"]},"hastings":{"id":104630,"name":"Hastings","latitude":"8.37994000","longitude":"-13.13693000"},"kent":{"id":104641,"name":"Kent","latitude":"8.33333000","longitude":"-13.06667000"},"waterloo":{"id":104688,"name":"Waterloo","latitude":"8.338330","longitude":"-13.071940","postcode":"-","gmtOffset":0,"gmtOffsetName":"UTC+00:00","ip2locationv4":["3319210496","3319210751"],"ip2locationv6":["281474000953856","281474000954111"]}}},"eastern":{"name":"Eastern","cities":{"simbakoro":{"name":"Simbakoro","latitude":"8.600000","longitude":"-11.016670","postcode":"-","gmtOffset":0,"gmtOffsetName":"UTC+00:00","ip2locationv4":["692999424","692999679"],"ip2locationv6":["281471374742784","281471374743039"]},"daru":{"name":"Daru","latitude":"7.991940","longitude":"-10.840560","postcode":"-","gmtOffset":0,"gmtOffsetName":"UTC+00:00","ip2locationv4":["1064222976","1064223231","1064223488","1064223743","1064224000","1064224511","1064228352","1064228607","1064229888","1064230143","1065067520","1065068031","1065069056","1065069311","1104776192","1104776447","3460440064","3460440319","3460440576","3460441087","3460441600","3460442879","3460482304","3460482559","3460484096","3460484351","3463634944","3463638783","3463639040","3463640063","3463640320","3463640575","3463640832","3463641855","3463642624","3463643135"],"ip2locationv6":["281471745966336","281471745966591","281471745966848","281471745967103","281471745967360","281471745967871","281471745971712","281471745971967","281471745973248","281471745973503","281471746810880","281471746811391","281471746812416","281471746812671","281471786519552","281471786519807","281474142183424","281474142183679","281474142183936","281474142184447","281474142184960","281474142186239","281474142225664","281474142225919","281474142227456","281474142227711","281474145378304","281474145382143","281474145382400","281474145383423","281474145383680","281474145383935","281474145384192","281474145385215","281474145385984","281474145386495"]},"kenema":{"name":"Kenema","latitude":"7.876670","longitude":"-11.187500","postcode":"-","gmtOffset":0,"gmtOffsetName":"UTC+00:00","ip2locationv4":["3319207168","3319207423","3319208704","3319208959","3319209984","3319210239"],"ip2locationv6":["281474000950528","281474000950783","281474000952064","281474000952319","281474000953344","281474000953599"]}}},"southern":{"name":"Southern","cities":{"mogbwemo":{"name":"Mogbwemo","latitude":"7.769440","longitude":"-12.310560","postcode":"-","gmtOffset":0,"gmtOffsetName":"UTC+00:00","ip2locationv4":["1720649984","1720650239","3319228672","3319228927","3319229184","3319229439"],"ip2locationv6":["281472402393344","281472402393599","281474000972032","281474000972287","281474000972544","281474000972799"]},"bo":{"name":"Bo","latitude":"7.964720","longitude":"-11.738330","postcode":"-","gmtOffset":0,"gmtOffsetName":"UTC+00:00","ip2locationv4":["3319206912","3319207167","3319208192","3319208447","3319209216","3319209471","3319210752","3319211007"],"ip2locationv6":["281474000950272","281474000950527","281474000951552","281474000951807","281474000952576","281474000952831","281474000954112","281474000954367"]}}},"northern":{"name":"Northern","cities":{"makeni":{"name":"Makeni","latitude":"8.883330","longitude":"-12.050000","postcode":"-","gmtOffset":0,"gmtOffsetName":"UTC+00:00","ip2locationv4":["1720652288","1720652543","2851075072","2851075327"],"ip2locationv6":["281472402395648","281472402395903","281473532818432","281473532818687"]},"makali":{"name":"Makali","latitude":"8.633330","longitude":"-11.666670","postcode":"-","gmtOffset":0,"gmtOffsetName":"UTC+00:00","ip2locationv4":["1725492992","1725493247"],"ip2locationv6":["281472407236352","281472407236607"]},"rokupr":{"name":"Rokupr","latitude":"8.671670","longitude":"-12.395000","postcode":"-","gmtOffset":0,"gmtOffsetName":"UTC+00:00","ip2locationv4":["3319228160","3319228415"],"ip2locationv6":["281474000971520","281474000971775"]}}},"northwestern":{"name":"North Western","cities":{"portloko":{"name":"Port Loko","latitude":"8.766670","longitude":"-12.783330","postcode":"-","gmtOffset":0,"gmtOffsetName":"UTC+00:00","ip2locationv4":["3319210240","3319210495"],"ip2locationv6":["281474000953600","281474000953855"]}}}}}