{"id":160,"name":"Niger","iso3":"NER","iso2":"NE","numeric_code":"562","phone_code":"227","capital":"Niamey","currency":"XOF","currency_name":"West African CFA franc","currency_symbol":"CFA","tld":".ne","native":"Niger","region":"Africa","region_id":"1","subregion":"Western Africa","subregion_id":"3","nationality":"Nigerien","timezones":[{"zoneName":"Africa/Niamey","gmtOffset":3600,"gmtOffsetName":"UTC+01:00","abbreviation":"WAT","tzName":"West Africa Time"}],"translations":{"kr":"\ub2c8\uc81c\ub974","pt-BR":"N\u00edger","pt":"N\u00edger","nl":"Niger","hr":"Niger","fa":"\u0646\u06cc\u062c\u0631","de":"Niger","es":"N\u00edger","fr":"Niger","ja":"\u30cb\u30b8\u30a7\u30fc\u30eb","it":"Niger","cn":"\u5c3c\u65e5\u5c14","tr":"Nijer"},"latitude":"16.00000000","longitude":"8.00000000","emoji":"\ud83c\uddf3\ud83c\uddea","emojiU":"U+1F1F3 U+1F1EA","states":{"agadezregion":{"id":71,"name":"Agadez Region","state_code":"1","latitude":"20.66707520","longitude":"12.07182810","type":null,"cities":{"agadez":{"id":76675,"name":"Agadez","latitude":"16.97333000","longitude":"7.99111000"},"alaghsas":{"id":76677,"name":"Alaghsas","latitude":"17.01870000","longitude":"8.01680000"},"arlit":{"id":76678,"name":"Arlit","latitude":"18.83409000","longitude":"7.43327000"},"bilma":{"id":76681,"name":"Bilma","latitude":"18.68532000","longitude":"12.91643000"},"d\u00e9partementdebilma":{"id":76690,"name":"D\u00e9partement de Bilma","latitude":"20.50000000","longitude":"13.25000000"},"d\u00e9partementdetchiroz\u00e9rine":{"id":76711,"name":"D\u00e9partement de Tchiroz\u00e9rine","latitude":"17.43293000","longitude":"7.89321000"}}},"diffaregion":{"id":72,"name":"Diffa Region","state_code":"2","latitude":"13.67686470","longitude":"12.71351210","type":null,"cities":{"d\u00e9partementdediffa":{"id":76694,"name":"D\u00e9partement de Diffa","latitude":"13.66667000","longitude":"12.50000000"},"d\u00e9partementdema\u00efn\u00e9-soroa":{"id":76705,"name":"D\u00e9partement de Ma\u00efn\u00e9-Soroa","latitude":"13.31206000","longitude":"12.08321000"},"d\u00e9partementdenguigmi":{"id":76706,"name":"D\u00e9partement de Nguigmi","latitude":"14.20753000","longitude":"13.12177000"},"diffa":{"id":76686,"name":"Diffa","latitude":"13.31536000","longitude":"12.61135000"},"ma\u00efn\u00e9soroa":{"id":76729,"name":"Ma\u00efn\u00e9 Soroa","latitude":"13.21139000","longitude":"12.02410000"},"nguigmi":{"id":76731,"name":"Nguigmi","latitude":"14.24953000","longitude":"13.10921000"}}},"dossoregion":{"id":68,"name":"Dosso Region","state_code":"3","latitude":"13.15139470","longitude":"3.41955270","type":null,"cities":{"boboyedepartment":{"id":76683,"name":"Boboye Department","latitude":"13.08167000","longitude":"2.91083000"},"d\u00e9partementdedogondoutchi":{"id":76695,"name":"D\u00e9partement de Dogondoutchi","latitude":"13.50000000","longitude":"4.00000000"},"d\u00e9partementdedosso":{"id":76696,"name":"D\u00e9partement de Dosso","latitude":"12.83333000","longitude":"3.33333000"},"d\u00e9partementdegaya":{"id":76698,"name":"D\u00e9partement de Gaya","latitude":"11.95970000","longitude":"3.46045000"},"d\u00e9partementdeloga":{"id":76702,"name":"D\u00e9partement de Loga","latitude":"13.63333000","longitude":"3.50000000"},"dogondoutchi":{"id":76687,"name":"Dogondoutchi","latitude":"13.64030000","longitude":"4.02649000"},"dosso":{"id":76688,"name":"Dosso","latitude":"13.04900000","longitude":"3.19370000"},"gaya":{"id":76716,"name":"Gaya","latitude":"11.88435000","longitude":"3.44919000"}}},"maradiregion":{"id":70,"name":"Maradi Region","state_code":"4","latitude":"13.80180740","longitude":"7.43813550","type":null,"cities":{"agui\u00e9":{"id":76676,"name":"Agui\u00e9","latitude":"13.50601000","longitude":"7.77863000"},"dakoro":{"id":76685,"name":"Dakoro","latitude":"14.51056000","longitude":"6.76500000"},"d\u00e9partementd\u2019agui\u00e9":{"id":76714,"name":"D\u00e9partement d\u2019Agui\u00e9","latitude":"13.46976000","longitude":"7.74219000"},"d\u00e9partementdedakoro":{"id":76693,"name":"D\u00e9partement de Dakoro","latitude":"14.75000000","longitude":"7.00000000"},"d\u00e9partementdemayahi":{"id":76704,"name":"D\u00e9partement de Mayahi","latitude":"14.10000000","longitude":"7.60000000"},"d\u00e9partementdetessaoua":{"id":76712,"name":"D\u00e9partement de Tessaoua","latitude":"13.60000000","longitude":"7.90000000"},"guidanroumdjidepartment":{"id":76718,"name":"Guidan Roumdji Department","latitude":"13.65750000","longitude":"6.69583000"},"madarounfa":{"id":76724,"name":"Madarounfa","latitude":"13.28253000","longitude":"7.15495000"},"maradi":{"id":76726,"name":"Maradi","latitude":"13.50000000","longitude":"7.10174000"},"mayahi":{"id":76728,"name":"Mayahi","latitude":"13.95532000","longitude":"7.67122000"},"tessaoua":{"id":76738,"name":"Tessaoua","latitude":"13.75737000","longitude":"7.98740000"},"tibiri":{"id":76739,"name":"Tibiri","latitude":"13.56271000","longitude":"7.04848000"}}},"tahouaregion":{"id":73,"name":"Tahoua Region","state_code":"5","latitude":"16.09025430","longitude":"5.39395510","type":null,"cities":{"abalak":{"id":76674,"name":"Abalak","latitude":"15.41618000","longitude":"6.16975000"},"birninkonni":{"id":76682,"name":"Birni N Konni","latitude":"13.79599000","longitude":"5.25026000"},"bouza":{"id":76684,"name":"Bouza","latitude":"14.42293000","longitude":"6.04278000"},"d\u00e9partementd\u0027ill\u00e9la":{"id":76689,"name":"D\u00e9partement d\u0027 Ill\u00e9la","latitude":"14.25000000","longitude":"5.00000000"},"d\u00e9partementdebirninkonni":{"id":76691,"name":"D\u00e9partement de Birni Nkonni","latitude":"13.90000000","longitude":"5.25000000"},"d\u00e9partementdebouza":{"id":76692,"name":"D\u00e9partement de Bouza","latitude":"14.43333000","longitude":"6.00000000"},"d\u00e9partementdeke\u00efta":{"id":76701,"name":"D\u00e9partement de Ke\u00efta","latitude":"14.80000000","longitude":"6.00000000"},"d\u00e9partementdemadaoua":{"id":76703,"name":"D\u00e9partement de Madaoua","latitude":"13.99988000","longitude":"6.10012000"},"d\u00e9partementdetahoua":{"id":76709,"name":"D\u00e9partement de Tahoua","latitude":"14.80000000","longitude":"4.80000000"},"d\u00e9partementdetchin-tabaraden":{"id":76710,"name":"D\u00e9partement de Tchin-Tabaraden","latitude":"15.86694000","longitude":"5.71042000"},"ill\u00e9la":{"id":76719,"name":"Ill\u00e9la","latitude":"14.46050000","longitude":"5.24370000"},"ke\u00efta":{"id":76720,"name":"Ke\u00efta","latitude":"14.75510000","longitude":"5.77490000"},"madaoua":{"id":76723,"name":"Madaoua","latitude":"14.07300000","longitude":"5.96000000"},"tahoua":{"id":76734,"name":"Tahoua","latitude":"14.88880000","longitude":"5.26920000"},"tchintabaraden":{"id":76736,"name":"Tchintabaraden","latitude":"15.89690000","longitude":"5.79850000"}}},"tillab\u00e9riregion":{"id":67,"name":"Tillab\u00e9ri Region","state_code":"6","latitude":"14.64895250","longitude":"2.14502450","type":null,"cities":{"ayorou":{"id":76679,"name":"Ayorou","latitude":"14.73075000","longitude":"0.91739000"},"balleyara":{"id":76680,"name":"Balleyara","latitude":"13.72848000","longitude":"2.87503000"},"d\u00e9partementdefilingu\u00e9":{"id":76697,"name":"D\u00e9partement de Filingu\u00e9","latitude":"14.31645000","longitude":"3.23611000"},"d\u00e9partementdeouallam":{"id":76707,"name":"D\u00e9partement de Ouallam","latitude":"14.63333000","longitude":"2.25000000"},"d\u00e9partementdesay":{"id":76708,"name":"D\u00e9partement de Say","latitude":"13.03579000","longitude":"2.22112000"},"filingu\u00e9":{"id":76715,"name":"Filingu\u00e9","latitude":"14.35210000","longitude":"3.31680000"},"kollo":{"id":76721,"name":"Kollo","latitude":"13.30430000","longitude":"2.33900000"},"kollodepartment":{"id":76722,"name":"Kollo Department","latitude":"13.57600000","longitude":"2.45200000"},"ouallam":{"id":76732,"name":"Ouallam","latitude":"14.31641000","longitude":"2.08597000"},"say":{"id":76733,"name":"Say","latitude":"13.10070000","longitude":"2.36890000"},"t\u00e9ra":{"id":76742,"name":"T\u00e9ra","latitude":"14.00776000","longitude":"0.75306000"},"teradepartment":{"id":76737,"name":"Tera Department","latitude":"14.18600000","longitude":"0.84300000"},"tillab\u00e9ri":{"id":76741,"name":"Tillab\u00e9ri","latitude":"14.20711000","longitude":"1.45418000"},"tillaberidepartment":{"id":76740,"name":"Tillaberi Department","latitude":"14.51600000","longitude":"1.44300000"}}},"zinderregion":{"id":69,"name":"Zinder Region","state_code":"7","latitude":"15.17188810","longitude":"10.26001250","type":null,"cities":{"d\u00e9partementdegour\u00e9":{"id":76699,"name":"D\u00e9partement de Gour\u00e9","latitude":"14.01618000","longitude":"10.14722000"},"d\u00e9partementdekantch\u00e9":{"id":76700,"name":"D\u00e9partement de Kantch\u00e9","latitude":"13.40000000","longitude":"8.60000000"},"d\u00e9partementdet\u00e2nout":{"id":76713,"name":"D\u00e9partement de T\u00e2nout","latitude":"14.75000000","longitude":"8.33333000"},"gour\u00e9":{"id":76717,"name":"Gour\u00e9","latitude":"13.98350000","longitude":"10.27035000"},"magaria":{"id":76725,"name":"Magaria","latitude":"12.99826000","longitude":"8.90991000"},"matamey":{"id":76727,"name":"Matamey","latitude":"13.42309000","longitude":"8.47485000"},"mirriah":{"id":76730,"name":"Mirriah","latitude":"13.70727000","longitude":"9.15013000"},"tanout":{"id":76735,"name":"Tanout","latitude":"14.97089000","longitude":"8.88786000"},"zinder":{"id":76743,"name":"Zinder","latitude":"13.80716000","longitude":"8.98810000"}}},"niamey":{"name":"Niamey","cities":{"niamey":{"name":"Niamey","latitude":"13.513660","longitude":"2.109800","postcode":"-","gmtOffset":3600,"gmtOffsetName":"UTC+01:00","ip2locationv4":["693007360","693007871","696918016","696918271","696918528","696918783","696919040","696926207","701202432","701205247","701205504","701206527","701206784","701207295","701207552","701207807","701208064","701208319","701208576","701208831","701209088","701210623","702404864","702405119","961713664","961714175","1725250560","1725251583","1725297664","1725298687","1725301760","1725302783","1725387776","1725388799","1725521920","1725522943","1725700352","1725701119","2588073216","2588073727","2592034816","2592035583","2592035840","2592038655","3319136256","3319136767","3319137024","3319140351","3319141120","3319141631","3319141888","3319148031","3319148288","3319152639","3508327936","3508328447"],"ip2locationv6":["281471374750720","281471374751231","281471378661376","281471378661631","281471378661888","281471378662143","281471378662400","281471378669567","281471382945792","281471382948607","281471382948864","281471382949887","281471382950144","281471382950655","281471382950912","281471382951167","281471382951424","281471382951679","281471382951936","281471382952191","281471382952448","281471382953983","281471384148224","281471384148479","281471643457024","281471643457535","281472406993920","281472406994943","281472407041024","281472407042047","281472407045120","281472407046143","281472407131136","281472407132159","281472407265280","281472407266303","281472407443712","281472407444479","281473269816576","281473269817087","281473273778176","281473273778943","281473273779200","281473273782015","281474000879616","281474000880127","281474000880384","281474000883711","281474000884480","281474000884991","281474000885248","281474000891391","281474000891648","281474000895999","281474190071296","281474190071807","42540578165214408881988269498825703424","42540578165214408900435013572535255039","42540578174151986730394172088469422080","42540578174153195656213786717644128255","42540578174775809110725219302342918144","42540578174775809129171963376052469759","42540578174797596172769052105855991808","42540578174797596191215796179565543423","47886561179658556133114453294525186048","47886561179677898946228287361320484863","50543536578935224712415597789404200960","50543536578944896118972514822801850367","55838750791107608168008810604766691328","55838750791107608186455554678476242943","55838750791108240965117515137225326592","55838750791108240983564259210934878207","55838750791108817093828425233941397504","55838750791108817112275169307650949119","55838750791117279574565727638164340736","55838750791117279593012471711873892351","55838750791117912371674432170622976000","55838750791117912390121176244332527615","55838750791118488500385342267339046912","55838750791118488518832086341048598527","55838750791122115277844186154863165440","55838750791122115296290930228572717055","55838750791122748074952890687321800704","55838750791122748093399634761031352319","55838750791123324203663800784037871616","55838750791123324222110544857747423231","55849932188211687481850631059002097664","55849932188211687500297375132711649279","55849932188211842139352945039882846208","55849932188211846861719427909528059903","55849932188221358168984529217727234048","55849932188221358187431273291436785663","55849932188221513545909862073280495616","55849932188221518268276344942925709311","55849932188239491908704796065671413760","55849932188239491927151540139380965375","55849932188239576597706838466222882816","55849932188239581320073321335868096511","55849932208018802487688820654300200960","55849932208018878045552546568623620095","55849932208038145300802654721095499776","55849932208038220858666380635418918911","55849932208057488113916488787890798592","55849932208057563671780214702214217727","55849932208076830927030322854686097408","55849932208076906484894048769009516543","55849932208096173740144156921481396224","55849932208096249298007882835804815359","55849932208115516553257990988276695040","55849932208115592111121716902600114175","55849932208134859366371825055071993856","55849932208134934924235550969395412991","55849932208154202179485659121867292672","55849932208154277737349385036190711807","55878094339602180389504321445615894528","55878094339602180407951065519325446143","55878094339640866015731989579206492160","55878094339640866034178733652916043775","55878094339679551641959657712797089792","55878094339679551660406401786506641407","55878094339718237268187325846387687424","55878094339718237286634069920097239039","55878094416886390185828335326232313856","55878094416896061592385252359629963263","55878094496114552700092672919776264192","55878094496124224106649589953173913599","55878094553146837166232418865714823168","55878094553156508572789335899112472575","55878094558098597323373939965311320064","55878094558108268729930856998708969471","55878094654783648672873522841612451840","55878094654793320079430439875010101247","55878094734011811187137860435156402176","55878094734021482593694777468554051583","58565031799942521664068785196094193664","58565031879170684178333122789638143999","58566035779217902421754770585032851456","58566035858446064936019108178576801791","58568680732195278622400993456270868480","58568680811423441136665331049814818815","58568962150628529289328125724382461952","58568962229856691803592463317926412287"]}}},"tahoua":{"name":"Tahoua","cities":{"tahoua":{"name":"Tahoua","latitude":"14.888800","longitude":"5.269200","postcode":"-","gmtOffset":3600,"gmtOffsetName":"UTC+01:00","ip2locationv4":["693007872","693008127"],"ip2locationv6":["281471374751232","281471374751487"]},"abalak":{"name":"Abalak","latitude":"15.450900","longitude":"6.279300","postcode":"-","gmtOffset":3600,"gmtOffsetName":"UTC+01:00","ip2locationv4":["696918272","696918527","696918784","696919039"],"ip2locationv6":["281471378661632","281471378661887","281471378662144","281471378662399"]}}},"tillaberi":{"name":"Tillaberi","cities":{"kollo":{"name":"Kollo","latitude":"13.304300","longitude":"2.339000","postcode":"-","gmtOffset":3600,"gmtOffsetName":"UTC+01:00","ip2locationv4":["693008128","693008383","1725700096","1725700351"],"ip2locationv6":["281471374751488","281471374751743","281472407443456","281472407443711"]},"tillaberi":{"name":"Tillaberi","latitude":"14.211670","longitude":"1.453060","postcode":"-","gmtOffset":3600,"gmtOffsetName":"UTC+01:00","ip2locationv4":["3319136768","3319137023"],"ip2locationv6":["281474000880128","281474000880383"]}}},"zinder":{"name":"Zinder","cities":{"tessaoua":{"name":"Tessaoua","latitude":"13.757370","longitude":"7.987400","postcode":"-","gmtOffset":3600,"gmtOffsetName":"UTC+01:00","ip2locationv4":["701205248","701205503","701208832","701209087","3319140864","3319141119"],"ip2locationv6":["281471382948608","281471382948863","281471382952192","281471382952447","281474000884224","281474000884479"]}}},"agadez":{"name":"Agadez","cities":{"alaghsas":{"name":"Alaghsas","latitude":"17.018700","longitude":"8.016800","postcode":"-","gmtOffset":3600,"gmtOffsetName":"UTC+01:00","ip2locationv4":["701206528","701206783","701207296","701207551","701207808","701208063","2592035584","2592035839","2592038656","2592038911","3319141632","3319141887"],"ip2locationv6":["281471382949888","281471382950143","281471382950656","281471382950911","281471382951168","281471382951423","281473273778944","281473273779199","281473273782016","281473273782271","281474000884992","281474000885247"]}}},"dosso":{"name":"Dosso","cities":{"gaya":{"name":"Gaya","latitude":"11.884350","longitude":"3.449190","postcode":"-","gmtOffset":3600,"gmtOffsetName":"UTC+01:00","ip2locationv4":["701208320","701208575","3319140352","3319140607"],"ip2locationv6":["281471382951680","281471382951935","281474000883712","281474000883967"]},"dosso":{"name":"Dosso","latitude":"13.049000","longitude":"3.193700","postcode":"-","gmtOffset":3600,"gmtOffsetName":"UTC+01:00","ip2locationv4":["3319148032","3319148287"],"ip2locationv6":["281474000891392","281474000891647"]}}},"diffa":{"name":"Diffa","cities":{"diffa":{"name":"Diffa","latitude":"13.315360","longitude":"12.611340","postcode":"-","gmtOffset":3600,"gmtOffsetName":"UTC+01:00","ip2locationv4":["2588072960","2588073215","2588073728","2588073983"],"ip2locationv6":["281473269816320","281473269816575","281473269817088","281473269817343"]}}},"maradi":{"name":"Maradi","cities":{"maradi":{"name":"Maradi","latitude":"13.500000","longitude":"7.101740","postcode":"-","gmtOffset":3600,"gmtOffsetName":"UTC+01:00","ip2locationv4":["3319140608","3319140863"],"ip2locationv6":["281474000883968","281474000884223"]}}}}}