{"id":63,"name":"Timor-Leste","iso3":"TLS","iso2":"TL","numeric_code":"626","phone_code":"670","capital":"Dili","currency":"USD","currency_name":"United States dollar","currency_symbol":"$","tld":".tl","native":"Timor-Leste","region":"Asia","region_id":"3","subregion":"South-Eastern Asia","subregion_id":"13","nationality":"Timorese","timezones":[{"zoneName":"Asia/Dili","gmtOffset":32400,"gmtOffsetName":"UTC+09:00","abbreviation":"TLT","tzName":"Timor Leste Time"}],"translations":{"kr":"\ub3d9\ud2f0\ubaa8\ub974","pt-BR":"Timor Leste","pt":"Timor Leste","nl":"Oost-Timor","hr":"Isto\u010dni Timor","fa":"\u062a\u06cc\u0645\u0648\u0631 \u0634\u0631\u0642\u06cc","de":"Timor-Leste","es":"Timor Oriental","fr":"Timor oriental","ja":"\u6771\u30c6\u30a3\u30e2\u30fc\u30eb","it":"Timor Est","cn":"\u4e1c\u5e1d\u6c76","tr":"Do\u011fu Timor"},"latitude":"-8.83333333","longitude":"125.91666666","emoji":"\ud83c\uddf9\ud83c\uddf1","emojiU":"U+1F1F9 U+1F1F1","states":{"aileumunicipality":{"id":4520,"name":"Aileu municipality","state_code":"AL","latitude":"-8.70439940","longitude":"125.60954740","type":null,"cities":{"aileu":{"id":106830,"name":"Aileu","latitude":"-8.72806000","longitude":"125.56639000"},"lequidoe":{"id":106854,"name":"Lequidoe","latitude":"-8.69139000","longitude":"125.63611000"},"remexio":{"id":106868,"name":"Remexio","latitude":"-8.61667000","longitude":"125.66667000"}}},"ainaromunicipality":{"id":4518,"name":"Ainaro Municipality","state_code":"AN","latitude":"-9.01131710","longitude":"125.52200120","type":null,"cities":{"ainaro":{"id":106831,"name":"Ainaro","latitude":"-8.99241000","longitude":"125.50816000"},"hato-udo":{"id":106846,"name":"Hato-Udo","latitude":"-9.12036000","longitude":"125.58935000"}}},"baucaumunicipality":{"id":4521,"name":"Baucau Municipality","state_code":"BA","latitude":"-8.47143080","longitude":"126.45759910","type":null,"cities":{"baguia":{"id":106834,"name":"Baguia","latitude":"-8.62787000","longitude":"126.65743000"},"baucau":{"id":106836,"name":"Baucau","latitude":"-8.46667000","longitude":"126.45000000"},"baukau":{"id":106837,"name":"Baukau","latitude":"-8.47572000","longitude":"126.45633000"},"laga":{"id":106852,"name":"Laga","latitude":"-8.47411000","longitude":"126.59228000"},"quelicai":{"id":106866,"name":"Quelicai","latitude":"-8.60135000","longitude":"126.55904000"},"vemasse":{"id":106877,"name":"Vemasse","latitude":"-8.51036000","longitude":"126.20823000"},"venilale":{"id":106878,"name":"Venilale","latitude":"-8.64306000","longitude":"126.37833000"}}},"bobonaromunicipality":{"id":4525,"name":"Bobonaro Municipality","state_code":"BO","latitude":"-8.96554060","longitude":"125.25879640","type":null,"cities":{"maliana":{"id":106859,"name":"Maliana","latitude":"-8.99167000","longitude":"125.21972000"}}},"covalimamunicipality":{"id":4522,"name":"Cova Lima Municipality","state_code":"CO","latitude":"-9.26503750","longitude":"125.25879640","type":null,"cities":{"fatumean":{"id":106843,"name":"Fatumean","latitude":"-9.22917000","longitude":"125.03583000"},"fohorem":{"id":106844,"name":"Fohorem","latitude":"-9.28361000","longitude":"125.08944000"},"maucatar":{"id":106863,"name":"Maucatar","latitude":"-9.21772000","longitude":"125.22981000"},"suai":{"id":106871,"name":"Suai","latitude":"-9.30000000","longitude":"125.25000000"},"tilomar":{"id":106872,"name":"Tilomar","latitude":"-9.34182000","longitude":"125.10887000"}}},"dilimunicipality":{"id":4524,"name":"Dili municipality","state_code":"DI","latitude":"-8.24496130","longitude":"125.58766970","type":null,"cities":{"atauroisland":{"id":106833,"name":"Atauro Island","latitude":"-8.26785000","longitude":"125.59699000"},"cristorei":{"id":106839,"name":"Cristo Rei","latitude":"-8.52047000","longitude":"125.60837000"},"dili":{"id":106840,"name":"Dili","latitude":"-8.55861000","longitude":"125.57361000"},"metinaro":{"id":106864,"name":"Metinaro","latitude":"-8.53007000","longitude":"125.74163000"}}},"ermeradistrict":{"id":4516,"name":"Ermera District","state_code":"ER","latitude":"-8.75248020","longitude":"125.39872940","type":null,"cities":{"ermeravilla":{"id":106841,"name":"Ermera Villa","latitude":"-8.75222000","longitude":"125.39694000"},"gleno":{"id":106845,"name":"Gleno","latitude":"-8.72389000","longitude":"125.43611000"},"hatulia":{"id":106847,"name":"Hatulia","latitude":"-8.81667000","longitude":"125.31667000"},"letefoho":{"id":106855,"name":"Letefoho","latitude":"-8.83444000","longitude":"125.42639000"},"railaco":{"id":106867,"name":"Railaco","latitude":"-8.67237000","longitude":"125.42546000"}}},"laut\u00e9mmunicipality":{"id":4523,"name":"Laut\u00e9m Municipality","state_code":"LA","latitude":"-8.36423070","longitude":"126.90438450","type":null,"cities":{"iliomar":{"id":106848,"name":"Iliomar","latitude":"-8.70917000","longitude":"126.82833000"},"lautem":{"id":106853,"name":"Lautem","latitude":"-8.36514000","longitude":"126.90389000"},"lospalos":{"id":106857,"name":"Lospalos","latitude":"-8.52167000","longitude":"126.99833000"},"luro":{"id":106858,"name":"Luro","latitude":"-8.54359000","longitude":"126.83003000"},"tutuala":{"id":106874,"name":"Tutuala","latitude":"-8.39597000","longitude":"127.25923000"}}},"liqui\u00e7\u00e1municipality":{"id":4515,"name":"Liqui\u00e7\u00e1 Municipality","state_code":"LI","latitude":"-8.66740950","longitude":"125.25879640","type":null,"cities":{"bazartete":{"id":106838,"name":"Bazartete","latitude":"-8.62464000","longitude":"125.38168000"},"likis\u00e1":{"id":106856,"name":"Likis\u00e1","latitude":"-8.58750000","longitude":"125.34194000"},"maubara":{"id":106862,"name":"Maubara","latitude":"-8.61194000","longitude":"125.20611000"}}},"manatutodistrict":{"id":4517,"name":"Manatuto District","state_code":"MT","latitude":"-8.51556080","longitude":"126.01592550","type":null,"cities":{"barique":{"id":106835,"name":"Barique","latitude":"-8.85472000","longitude":"126.06556000"},"laclo":{"id":106849,"name":"Laclo","latitude":"-8.55000000","longitude":"125.91667000"},"laclubar":{"id":106850,"name":"Laclubar","latitude":"-8.74975000","longitude":"125.91186000"},"manatuto":{"id":106860,"name":"Manatuto","latitude":"-8.52207000","longitude":"126.01516000"},"manatutu":{"id":106861,"name":"Manatutu","latitude":"-8.51139000","longitude":"126.01306000"},"soibada":{"id":106870,"name":"Soibada","latitude":"-8.86000000","longitude":"125.94000000"}}},"manufahimunicipality":{"id":4519,"name":"Manufahi Municipality","state_code":"MF","latitude":"-9.01454950","longitude":"125.82799590","type":null,"cities":{"alas":{"id":106832,"name":"Alas","latitude":"-9.02730000","longitude":"125.78680000"},"fatuberliu":{"id":106842,"name":"Fatuberliu","latitude":"-8.94790000","longitude":"125.86633000"},"same":{"id":106869,"name":"Same","latitude":"-9.00000000","longitude":"125.65000000"},"turiscai":{"id":106873,"name":"Turiscai","latitude":"-8.82371000","longitude":"125.70454000"}}},"viquequemunicipality":{"id":4514,"name":"Viqueque Municipality","state_code":"VI","latitude":"-8.85979180","longitude":"126.36335160","type":null,"cities":{"lacluta":{"id":106851,"name":"Lacluta","latitude":"-8.80000000","longitude":"126.13333000"},"ossu":{"id":106865,"name":"Ossu","latitude":"-8.73477000","longitude":"126.38324000"},"uatocarabau":{"id":106875,"name":"Uatocarabau","latitude":"-8.75658000","longitude":"126.68060000"},"uatolari":{"id":106876,"name":"Uatolari","latitude":"-8.76277000","longitude":"126.57353000"},"viqueque":{"id":106879,"name":"Viqueque","latitude":"-8.85908000","longitude":"126.36972000"}}},"dili":{"name":"Dili","cities":{"dili":{"name":"Dili","latitude":"-8.558610","longitude":"125.573610","postcode":"-","gmtOffset":32400,"gmtOffsetName":"UTC+09:00","ip2locationv4":["243867904","243868159","737376256","737377279","737390592","737391103","737391360","737391615","738081024","738081791","762529792","762530047","762530304","762530815","999916544","999917567","1730048000","1730049023","1731670016","1731671039","1734259712","1734259967","1734260224","1734260735","1734547968","1734548223","1735402496","1735403519","1737466880","1737467391","1737799680","1737800191","1739559936","1739560191","1739590656","1739591167","1739642624","1739642879","1740766208","1740766975","1741074432","1741075455","1741693952","1741694975","1743223552","1743223807","1743680512","1743681023","1743681280","1743681535","2532469760","2532470015","2532470272","2532470783","2644975104","2644975359","3032326144","3032326655","3032326912","3032330239","3112054272","3112054783","3119654400","3119654911"],"ip2locationv6":["281470925611264","281470925611519","281471419119616","281471419120639","281471419133952","281471419134463","281471419134720","281471419134975","281471419824384","281471419825151","281471444273152","281471444273407","281471444273664","281471444274175","281471681659904","281471681660927","281472411791360","281472411792383","281472413413376","281472413414399","281472416003072","281472416003327","281472416003584","281472416004095","281472416291328","281472416291583","281472417145856","281472417146879","281472419210240","281472419210751","281472419543040","281472419543551","281472421303296","281472421303551","281472421334016","281472421334527","281472421385984","281472421386239","281472422509568","281472422510335","281472422817792","281472422818815","281472423437312","281472423438335","281472424966912","281472424967167","281472425423872","281472425424383","281472425424640","281472425424895","281473214213120","281473214213375","281473214213632","281473214214143","281473326718464","281473326718719","281473714069504","281473714070015","281473714070272","281473714073599","281473793797632","281473793798143","281473801397760","281473801398271","42540578165214434947237645650422136832","42540578165214434965684389724131688447","42540578165300314889524188964253073408","42540578165300314907970933037962625023","42540770850612944986732987007094489088","42540770850614153912552601636269195263","42540770885816864853910988574538334208","42540770885818073779730603203713040383","42540770925276203606132484836947918848","42540770925277412531952099466122625023","42540771479873341205982847991755571200","42540771479874550131802462620930277375","47858931467040581953282592683893719040","47858931546268744467546930277437669375","47866821324376402453077508164643979264","47866821403604564967341845758187929599","47878798087247358764462849016528371712","47878798166475521278727186610072322047","47882494556397624281397613403075248128","47882494635625786795661950996619198463","47893477481198001660932180839646625792","47893477560426164175196518433190576127","50543536582281531381108891344990896128","50543536582291202787665808378388545535","55838750778882950280065680390137839616","55838750778882950298512424463847391231","55838750778883595473386402455415160832","55838750778883595491833146529124712447","55838750778884159205885295019312545792","55838750778884159224332039093022097407","55838750778885368131704909648487251968","55838750778885368150151653722196803583","55838750778886013325025631713764573184","55838750778886013343472375787474124799","55838750778886577057524524277661958144","55838750778886577075971268351371509759","55838750778887785983344138906836664320","55838750778887786001790882980546215935","55838750778888431176664860972113985536","55838750778888431195111605045823537151","55838750778888994909163753536011370496","55838750778888994927610497609720922111","55838750778892621686622597423535489024","55838750778892621705069341497245040639","55838750778893266879943319488812810240","55838750778893266898390063562522361855","55838750778893830612442212052710195200","55838750778893830630888956126419746815","55838750778894475805762934117987516416","55838750778894475824209678191697068031","55838750778895039538261826681884901376","55838750778895039556708570755594452991","55838750778896248464081441311059607552","55838750778896248482528185384769159167","55849932188197179541911772191975800832","55849932188197179560358516265685352447","55849932188197316140051638011205517312","55849932188197320862418120880850731007","55849932188198389463855566801466294272","55849932188198389482302310875175845887","55849932188198638402666841511865352192","55849932188198643125033324381510565887","55849932188203224650625191254297673728","55849932188203224669071935328007225343","55849932188203398548081574114240757760","55849932188203403270448056983885971455","55849932188292685161276673813225930752","55849932188292685179723417886935482367","55849932188292859058733056673169014784","55849932188292863781099539542814228479","55849932208023260401648649599381929984","55849932208023335959512375513705349119","55849932208042603214762483666177228800","55849932208042678772626209580500647935","55849932208061946027876317732972527616","55849932208062021585740043647295946751","55849932208081288840990151799767826432","55849932208081364398853877714091245567","55849932208100631654103985866563125248","55849932208100707211967711780886544383","55849932208119974467217819933358424064","55849932208120050025081545847681843199","55849932208139317280331654000153722880","55849932208139392838195379914477142015","55849932208158660093445488066949021696","55849932208158735651309213981272440831","55878094348731988179234000972996935680","55878094348731988197680745046706487295","55878094348770673805461669106587533312","55878094348770673823908413180297084927","55878094348809359431689337240178130944","55878094348809359450136081313887682559","55878094348848045057917005373768728576","55878094348848045076363749447478280191","55878094420232696854521628881819009024","55878094420242368261078545915216658431","55878094499460859368785966475362959360","55878094499470530775342883508760608767","55878094553717450153090523836176138240","55878094553727121559647440869573787647","55878094558669210310232044935772635136","55878094558678881716788961969170284543","55878094658207326594022152664380342272","55878094658216998000579069697777991679","55878094737435489108286490257924292608","55878094737445160514843407291321942015"]}}},"manatuto":{"name":"Manatuto","cities":{"dadeanhuhun":{"name":"Dadean Huhun","latitude":"-8.519170","longitude":"126.043000","postcode":"-","gmtOffset":32400,"gmtOffsetName":"UTC+09:00","ip2locationv4":["737391104","737391359"],"ip2locationv6":["281471419134464","281471419134719"]}}},"liquica":{"name":"Liquica","cities":{"libaulelo":{"name":"Libaulelo","latitude":"-8.570000","longitude":"125.492000","postcode":"-","gmtOffset":32400,"gmtOffsetName":"UTC+09:00","ip2locationv4":["738080768","738081023","1734259968","1734260223"],"ip2locationv6":["281471419824128","281471419824383","281472416003328","281472416003583"]},"liquica":{"name":"Liquica","latitude":"-8.587500","longitude":"125.342000","postcode":"-","gmtOffset":32400,"gmtOffsetName":"UTC+09:00","ip2locationv4":["1743552512","1743553023"],"ip2locationv6":["281472425295872","281472425296383","47857833681620784306620896538917863424","47857833760848946820885234132461813759"]}}},"ainaro":{"name":"Ainaro","cities":{"xananagusm":{"name":"Xanana Gusm","latitude":"-8.550000","longitude":"125.583000","postcode":"-","gmtOffset":32400,"gmtOffsetName":"UTC+09:00","ip2locationv4":["762530048","762530303","1729781504","1729781759"],"ip2locationv6":["281471444273408","281471444273663","281472411524864","281472411525119"]}}},"bobonaro":{"name":"Bobonaro","cities":{"maliana":{"name":"Maliana","latitude":"-8.991670","longitude":"125.220000","postcode":"-","gmtOffset":32400,"gmtOffsetName":"UTC+09:00","ip2locationv4":["1743681024","1743681279"],"ip2locationv6":["281472425424384","281472425424639"]}}},"ermera":{"name":"Ermera","cities":{"gleno":{"name":"Gleno","latitude":"-8.723890","longitude":"125.436000","postcode":"-","gmtOffset":32400,"gmtOffsetName":"UTC+09:00","ip2locationv4":["2532470016","2532470271"],"ip2locationv6":["281473214213376","281473214213631"]}}},"viqueque":{"name":"Viqueque","cities":{"uatocarabau":{"name":"Uatocarabau","latitude":"-8.756670","longitude":"126.684000","postcode":"-","gmtOffset":32400,"gmtOffsetName":"UTC+09:00","ip2locationv4":["3032326656","3032326911"],"ip2locationv6":["281473714070016","281473714070271"]}}}}}