{"id":7,"name":"Angola","iso3":"AGO","iso2":"AO","numeric_code":"024","phone_code":"244","capital":"Luanda","currency":"AOA","currency_name":"Angolan kwanza","currency_symbol":"Kz","tld":".ao","native":"Angola","region":"Africa","region_id":"1","subregion":"Middle Africa","subregion_id":"2","nationality":"Angolan","timezones":[{"zoneName":"Africa/Luanda","gmtOffset":3600,"gmtOffsetName":"UTC+01:00","abbreviation":"WAT","tzName":"West Africa Time"}],"translations":{"kr":"\uc559\uace8\ub77c","pt-BR":"Angola","pt":"Angola","nl":"Angola","hr":"Angola","fa":"\u0622\u0646\u06af\u0648\u0644\u0627","de":"Angola","es":"Angola","fr":"Angola","ja":"\u30a2\u30f3\u30b4\u30e9","it":"Angola","cn":"\u5b89\u54e5\u62c9","tr":"Angola"},"latitude":"-12.50000000","longitude":"18.50000000","emoji":"\ud83c\udde6\ud83c\uddf4","emojiU":"U+1F1E6 U+1F1F4","states":{"bengoprovince":{"id":221,"name":"Bengo Province","state_code":"BGO","latitude":"-9.10422570","longitude":"13.72891670","type":null,"cities":{"ambriz":{"id":153645,"name":"Ambriz","latitude":"-7.85740000","longitude":"13.12510000"},"bulaatumba":{"id":153646,"name":"Bula Atumba","latitude":"-7.31170000","longitude":"14.31470000"},"caxito":{"id":598,"name":"Caxito","latitude":"-8.57848000","longitude":"13.66425000"},"dande":{"id":153647,"name":"Dande","latitude":"-8.11330000","longitude":"13.76520000"},"muxima":{"id":153648,"name":"Muxima","latitude":"-9.58790000","longitude":"13.52510000"},"nambuangongo":{"id":153649,"name":"Nambuangongo","latitude":"-8.56560000","longitude":"13.65720000"},"pangoaluqu\u00e9m":{"id":153650,"name":"Pango Aluqu\u00e9m","latitude":"-8.55440000","longitude":"13.58150000"},"\u00dacua":{"id":153651,"name":"\u00dacua","latitude":"-8.67240000","longitude":"13.68290000"}}},"benguelaprovince":{"id":218,"name":"Benguela Province","state_code":"BGU","latitude":"-12.80037440","longitude":"13.91439900","type":null,"cities":{"ba\u00edafarta":{"id":153653,"name":"Ba\u00eda Farta","latitude":"-12.57660000","longitude":"13.47760000"},"balombo":{"id":153654,"name":"Balombo","latitude":"-12.90460000","longitude":"13.59590000"},"benguela":{"id":590,"name":"Benguela","latitude":"-12.57626000","longitude":"13.40547000"},"bocoio":{"id":153656,"name":"Bocoio","latitude":"-12.53030000","longitude":"13.40420000"},"caimbambo":{"id":153659,"name":"Caimbambo","latitude":"-12.61330000","longitude":"14.41940000"},"catumbela":{"id":153652,"name":"Catumbela","latitude":"-12.39860000","longitude":"13.54940000"},"chongoroi":{"id":153655,"name":"Chongoroi","latitude":"-12.78880000","longitude":"13.79750000"},"cubal":{"id":153658,"name":"Cubal","latitude":"-12.58850000","longitude":"14.42670000"},"ganda":{"id":153657,"name":"Ganda","latitude":"-12.68250000","longitude":"14.42330000"},"lobito":{"id":613,"name":"Lobito","latitude":"-12.36440000","longitude":"13.53601000"},"sumbe":{"id":153660,"name":"Sumbe","latitude":"-11.20610000","longitude":"13.84480000"}}},"bi\u00e9province":{"id":212,"name":"Bi\u00e9 Province","state_code":"BIE","latitude":"-12.57279070","longitude":"17.66888700","type":null,"cities":{"camacupa":{"id":595,"name":"Camacupa","latitude":"-12.01667000","longitude":"17.48333000"},"catabola":{"id":596,"name":"Catabola","latitude":"-12.15000000","longitude":"17.28333000"},"chissamba":{"id":605,"name":"Chissamba","latitude":"-12.16667000","longitude":"17.33333000"},"cuito":{"id":606,"name":"Cuito","latitude":"-12.38333000","longitude":"16.93333000"}}},"cabindaprovince":{"id":228,"name":"Cabinda Province","state_code":"CAB","latitude":"-5.02487490","longitude":"12.34638750","type":null,"cities":{"cabinda":{"id":591,"name":"Cabinda","latitude":"-5.55000000","longitude":"12.20000000"}}},"cuandocubangoprovince":{"id":226,"name":"Cuando Cubango Province","state_code":"CCU","latitude":"-16.41808240","longitude":"18.80761950","type":null,"cities":{"menongue":{"id":625,"name":"Menongue","latitude":"-14.65850000","longitude":"17.69099000"}}},"cuanzanorteprovince":{"id":217,"name":"Cuanza Norte Province","state_code":"CNO","latitude":"-9.23985130","longitude":"14.65878210","type":null,"cities":{"camabatela":{"id":594,"name":"Camabatela","latitude":"-8.18812000","longitude":"15.37495000"},"n\u2019dalatando":{"id":627,"name":"N\u2019dalatando","latitude":"-9.29782000","longitude":"14.91162000"}}},"cuanzasul":{"id":216,"name":"Cuanza Sul","state_code":"CUS","latitude":"-10.59519100","longitude":"15.40680790","type":null,"cities":{"quibala":{"id":629,"name":"Quibala","latitude":"-10.73366000","longitude":"14.97995000"},"sumbe":{"id":634,"name":"Sumbe","latitude":"-11.20605000","longitude":"13.84371000"},"uacucungo":{"id":635,"name":"Uacu Cungo","latitude":"-11.35669000","longitude":"15.11719000"}}},"cuneneprovince":{"id":215,"name":"Cunene Province","state_code":"CNN","latitude":"-16.28022210","longitude":"16.15809370","type":null,"cities":{"ondjiva":{"id":628,"name":"Ondjiva","latitude":"-17.06667000","longitude":"15.73333000"}}},"huamboprovince":{"id":213,"name":"Huambo Province","state_code":"HUA","latitude":"-12.52682210","longitude":"15.59433880","type":null,"cities":{"ca\u00e1la":{"id":600,"name":"Ca\u00e1la","latitude":"-12.85250000","longitude":"15.56056000"},"chela":{"id":601,"name":"Chela","latitude":"-12.30261000","longitude":"15.43358000"},"huambo":{"id":609,"name":"Huambo","latitude":"-12.77611000","longitude":"15.73917000"},"longonjo":{"id":614,"name":"Longonjo","latitude":"-12.90667000","longitude":"15.25333000"}}},"hu\u00edlaprovince":{"id":225,"name":"Hu\u00edla Province","state_code":"HUI","latitude":"-14.92805530","longitude":"14.65878210","type":null,"cities":{"caconda":{"id":592,"name":"Caconda","latitude":"-13.73333000","longitude":"15.06667000"},"caluquembe":{"id":593,"name":"Caluquembe","latitude":"-13.92093000","longitude":"14.53476000"},"chibia":{"id":602,"name":"Chibia","latitude":"-15.23657000","longitude":"13.88468000"},"chicomba":{"id":603,"name":"Chicomba","latitude":"-14.30788000","longitude":"14.98672000"},"chipindo":{"id":604,"name":"Chipindo","latitude":"-13.86830000","longitude":"15.73277000"},"cuvango":{"id":607,"name":"Cuvango","latitude":"-14.27693000","longitude":"16.31475000"},"gambos":{"id":608,"name":"Gambos","latitude":"-15.80926000","longitude":"14.07661000"},"humpata":{"id":610,"name":"Humpata","latitude":"-15.07250000","longitude":"13.36771000"},"jamba":{"id":612,"name":"Jamba","latitude":"-14.76294000","longitude":"15.83493000"},"lubango":{"id":617,"name":"Lubango","latitude":"-14.91717000","longitude":"13.49250000"},"matala":{"id":623,"name":"Matala","latitude":"-15.23967000","longitude":"15.17246000"},"quilengues":{"id":630,"name":"Quilengues","latitude":"-13.99213000","longitude":"13.76705000"},"quipungo":{"id":631,"name":"Quipungo","latitude":"-15.12203000","longitude":"14.55953000"}}},"luandaprovince":{"id":222,"name":"Luanda Province","state_code":"LUA","latitude":"-9.03508800","longitude":"13.26634790","type":null,"cities":{"belas":{"id":589,"name":"Belas","latitude":"-9.06875000","longitude":"13.16072000"},"cacuaco":{"id":153641,"name":"Cacuaco","latitude":"-8.82960000","longitude":"13.29730000"},"cazenga":{"id":153642,"name":"Cazenga","latitude":"-8.82860000","longitude":"13.26650000"},"icoloebengo":{"id":611,"name":"Icolo e Bengo","latitude":"-9.24191000","longitude":"13.73549000"},"luanda":{"id":615,"name":"Luanda","latitude":"-8.83682000","longitude":"13.23432000"},"talatona":{"id":153643,"name":"Talatona","latitude":"-8.89570000","longitude":"13.19430000"},"viana":{"id":153644,"name":"Viana","latitude":"-8.90210000","longitude":"13.28610000"}}},"lundanorteprovince":{"id":223,"name":"Lunda Norte Province","state_code":"LNO","latitude":"-8.35250220","longitude":"19.18800470","type":null,"cities":{"lucapa":{"id":618,"name":"Lucapa","latitude":"-8.68337000","longitude":"20.27045000"}}},"lundasulprovince":{"id":220,"name":"Lunda Sul Province","state_code":"LSU","latitude":"-10.28665780","longitude":"20.71224650","type":null,"cities":{"cazaji":{"id":599,"name":"Cazaji","latitude":"-11.06715000","longitude":"20.70148000"},"saurimo":{"id":632,"name":"Saurimo","latitude":"-9.66078000","longitude":"20.39155000"}}},"malanjeprovince":{"id":227,"name":"Malanje Province","state_code":"MAL","latitude":"-9.82511830","longitude":"16.91225100","type":null,"cities":{"malanje":{"id":622,"name":"Malanje","latitude":"-9.54015000","longitude":"16.34096000"}}},"moxicoprovince":{"id":219,"name":"Moxico Province","state_code":"MOX","latitude":"-13.42935790","longitude":"20.33088140","type":null,"cities":{"l\u00e9ua":{"id":621,"name":"L\u00e9ua","latitude":"-11.65000000","longitude":"20.45000000"},"luau":{"id":616,"name":"Luau","latitude":"-10.70727000","longitude":"22.22466000"},"luena":{"id":619,"name":"Luena","latitude":"-11.78333000","longitude":"19.91667000"},"lumeje":{"id":620,"name":"Lumeje","latitude":"-11.55000000","longitude":"20.78333000"}}},"u\u00edgeprovince":{"id":224,"name":"U\u00edge Province","state_code":"UIG","latitude":"-7.17367320","longitude":"15.40680790","type":null,"cities":{"u\u00edge":{"id":636,"name":"U\u00edge","latitude":"-7.60874000","longitude":"15.06131000"}}},"zaireprovince":{"id":214,"name":"Zaire Province","state_code":"ZAI","latitude":"-6.57334580","longitude":"13.17403480","type":null,"cities":{"mbanzacongo":{"id":624,"name":"Mbanza Congo","latitude":"-6.26703000","longitude":"14.24010000"},"n\u0027zeto":{"id":626,"name":"N\u0027zeto","latitude":"-7.23116000","longitude":"12.86660000"},"soio":{"id":633,"name":"Soio","latitude":"-6.13490000","longitude":"12.36894000"}}},"luanda":{"name":"Luanda","cities":{"luanda":{"name":"Luanda","latitude":"-8.836820","longitude":"13.234320","postcode":"-","gmtOffset":3600,"gmtOffsetName":"UTC+01:00","ip2locationv4":["692035584","692036351","692036608","692041215","692041472","692041727","692486144","692486399","692486656","692488191","692488704","692488959","692489216","692490239","692490496","692491007","692491264","692491519","692491776","692492031","692492288","692492543","692492800","692493055","692494080","692494335","692494592","692495359","692495616","692495871","692496384","692497151","692498176","692498943","692499712","692501247","692502272","692502527","692502784","692504063","692504320","692505599","692506112","692506623","692506880","692507135","692507392","692507903","692508160","692509695","692509952","692510207","692511488","692511743","692512768","692513023","692513536","692514559","692514816","692515071","692515328","692516607","692517120","692517375","692517632","692518143","692518400","692518911","692776960","692777727","692777984","692780031","692780288","692780543","692780800","692781055","692981760","692982015","692982272","692982783","701308928","701313791","701314304","701315327","701315584","701315839","701316096","701316863","701677824","701681919","701683712","701685759","701689856","701693951","702082048","702083071","702180352","702180607","702184448","702185215","702410752","702414847","702466048","702467071","702475264","702475519","702475776","702476031","702479872","702480383","702490624","702491647","702505984","702506239","702506496","702507007","702520320","702521343","702522624","702523391","961688576","961689087","1347946752","1347947007","1425965056","1425965311","1713692672","1713693695","1715485696","1715485951","1715486208","1715486719","1719812096","1719813119","1719813376","1719814143","1719844864","1719853055","1724974080","1724975103","1725012480","1725012735","1725039616","1725040639","1725069312","1725070335","1725081856","1725082111","1725083904","1725084415","1725096960","1725097983","1725118208","1725118463","1725136896","1725137919","1725155328","1725156351","1725161472","1725162495","1725224960","1725225983","1725238272","1725239295","1725243392","1725244415","1725249024","1725249279","1725259776","1725261311","1725261568","1725262079","1725262336","1725262591","1725262848","1725263871","1725296640","1725296895","1725300736","1725301759","1725310208","1725310975","1725333248","1725333503","1725361152","1725362175","1725381632","1725382655","1725409280","1725410303","1725412608","1725414399","1725443072","1725446911","1725467648","1725468671","1725474816","1725475071","1725475328","1725475839","1725485056","1725486079","1725496320","1725497343","1725527040","1725527295","1725527808","1725528063","1725546496","1725547519","1725584384","1725584639","1725584896","1725585151","1725586432","1725587199","1725600768","1725601535","1725608960","1725609215","1725609472","1725609983","1725636096","1725636351","1725648896","1725649151","1725660672","1725660927","1725675520","1725676543","1725686272","1725686527","1725743104","1725744127","1725772800","1725773823","1725787136","1725788159","1725803520","1725804543","1725829120","1725830143","1725848576","1725849599","1725891328","1725891583","1746741248","1746741503","1747730688","1747730943","1772617984","1772618751","1772621568","1772621823","1772622336","1772622591","1772623104","1772623359","1772623616","1772623871","1772624640","1772624895","1772625152","1772625407","1772628736","1772629503","1772629760","1772630015","1772630272","1772630527","1772632064","1772632319","1772633088","1772633343","1772637440","1772638207","1772639232","1772639999","1772640256","1772640767","1772641536","1772641791","1772642048","1772642303","1772643072","1772643839","1772644608","1772644863","1772645376","1772645631","1772646912","1772647935","1772648448","1772648703","1772649728","1772650495","1772651264","1772651775","1772652032","1772652543","1772653056","1772653311","1772655104","1772655871","1772656640","1772656895","1772658176","1772658431","1772658688","1772659967","1772660992","1772661503","1772662272","1772662527","1772663296","1772663807","1772665088","1772665343","1772666880","1772667135","1772667392","1772667647","1772668160","1772668415","1772668928","1772669183","1772669696","1772669951","1772670720","1772670975","1772671232","1772671487","1772672512","1772672767","1772673280","1772673535","1772674816","1772675071","1772675328","1772675583","1772676096","1772676607","1772678144","1772678399","1772678656","1772678911","1772679168","1772679423","1772680960","1772681215","1772681728","1772682239","1772683264","1772699903","1772700160","1772701951","1772702208","1772879871","1772880384","1772880895","1772881664","1772881919","1772882176","1772882687","1772883456","1772883967","1772884736","1772884991","1772885760","1772886015","1772886272","1772886527","1772887040","1772887295","1772888064","1772888319","1772889088","1772889343","1772889600","1772889855","1772890112","1772890367","1772890624","1772890879","1772891136","1772891647","1772891904","1772892671","1772893184","1772893951","1772894976","1772895231","1772895488","1772895743","1772897792","1772898559","1772898816","1772899327","1772900096","1772900351","1772901632","1772901887","1772902144","1772902399","1772902912","1772903167","1772903424","1772903935","1772904192","1772904447","1772904704","1772904959","1772905216","1772905471","1772905984","1772906239","1772907008","1772907263","1772908032","1772908543","1772909312","1772909823","1772910080","1772911103","1772911360","1772911871","1772912384","1772912639","1772913920","1772914175","1772915200","1772915455","1772915968","1772916223","1772916992","1772917247","1772918016","1772918783","1772919552","1772920319","1772921088","1772921343","1772921600","1772922111","1772922624","1772922879","1772923136","1772923391","1772924160","1772924671","1772924928","1772925183","1772925952","1772926207","1772926976","1772927743","1772928512","1772928767","1772929024","1772929279","1772930048","1772930303","1772931328","1772931583","1772932096","1772932607","1772933376","1772933631","1772934656","1772935167","1772935424","1772935935","1772936448","1772936959","1772937728","1772938239","1772938496","1772938751","1772939008","1772939519","1772940032","1772940543","1772942080","1772942335","1772942592","1772942847","1772944640","1772944895","1772945408","1772949503","1772949760","1772956671","1772956928","1772961023","1772961280","1772973055","1772973312","1772974335","1772974592","1772975103","1772975360","1772982015","1772982528","1772987903","1772988160","1773001215","1773001472","1773004543","1773004800","1773010943","1773011200","1773011967","1773012480","1773015039","1773015808","1773018623","1773019136","1773020159","1773020416","1773020927","1773021696","1773021951","1773022208","1773022463","1773022720","1773023231","1773023488","1773024255","1773024512","1773025023","1773025280","1773142015","1833187584","1833187839","2172289024","2172291071","2172291328","2172301311","2172301568","2172308479","2172308736","2172309247","2172309504","2172310015","2172310528","2172311295","2172311808","2172312063","2172312320","2172313343","2172314368","2172314623","2172314880","2172315135","2172315392","2172315903","2172316160","2172316927","2172317440","2172317695","2172318208","2172319487","2172320000","2172321535","2179386880","2179387135","2450992128","2450992639","2505548800","2505549055","2505549312","2505549567","2587984128","2587984383","2587984640","2587985151","2587985408","2587985663","2587985920","2587986431","2587986944","2587987199","2587987712","2587987967","2587988224","2587988991","2587989504","2587989759","2587990016","2587990271","2587991552","2587992319","2587992832","2587993087","2587993856","2587994111","2587995136","2587995903","2587996160","2587996415","2587996672","2587998207","2587998464","2587999231","2587999488","2587999743","2588000000","2588001023","2588002816","2588004095","2588004352","2588005119","2588005376","2588005631","2588006144","2588006655","2588006912","2588007167","2588007680","2588007935","2588009472","2588009983","2588010240","2588011007","2588011264","2588011519","2588012032","2588012287","2588013056","2588014591","2588014848","2588015615","2588015872","2588016127","2588016384","2588016639","2588037120","2588038143","2588043264","2588044031","2588377088","2588378623","2588378880","2588379647","2588380160","2588381183","2588381696","2588382207","2588382720","2588383487","2588383744","2588409855","2591326208","2591358975","2591473664","2591481855","2592047104","2592054271","2592054784","2592055551","2592055808","2592057343","2592058368","2592060415","2592060672","2592062463","2592062976","2592065535","2592065792","2592066047","2592066304","2592068095","2592068352","2592068863","2592069120","2592070143","2592070656","2592072703","2592074752","2592076031","2592077824","2592078079","2606301696","2606302207","2606302464","2606302975","2606303488","2606305023","2606305536","2606306303","2606306560","2606307327","2606307840","2606309119","2606309376","2606309887","2606310144","2606338047","2606338304","2606339071","2606339584","2606339839","2606340096","2606340351","2606341120","2606341375","2606342144","2606344959","2606345728","2606345983","2606346240","2606348543","2606348800","2606349055","2606350336","2606350591","2606351360","2606352127","2606352640","2606353407","2606353920","2606354175","2606354944","2606355455","2606356480","2606356735","2606356992","2606357247","2606358272","2606358527","2606359040","2606359295","2606359552","2606360319","2606360832","2606361343","2606362112","2606362367","2606362624","2606362879","2606363136","2606363647","2606364160","2606364671","2606364928","2606365439","2606365952","2606366207","2606366464","2606366719","2644992512","2644992767","2692214784","2692215551","2699034624","2699165695","2700218880","2700219135","2700219392","2700219647","2700219904","2700220671","2700221184","2700221439","2700221952","2700222207","2700243968","2700244991","2728328192","2728328447","2851032064","2851032575","2851032832","2851033087","2851040256","2851040511","2851040768","2851041279","2851046656","2851047167","2852083712","2852084735","2890147840","2890148095","3222040320","3222040575","3228404480","3228404735","3288403712","3288403967","3288792832","3288793087","3289103616","3289103871","3289115136","3289115391","3289214208","3289214463","3289238528","3289238783","3289248512","3289248767","3290284032","3290284543","3290284800","3290288127","3290480640","3290481151","3290481408","3290482431","3291041024","3291041279","3291202816","3291203071","3291206144","3291206399","3291209472","3291209727","3291324416","3291325439","3291354368","3291354623","3291367424","3291369471","3291547136","3291547391","3292351488","3292352511","3301637120","3301638143","3302531328","3302531583","3302553600","3302554111","3302949120","3302949375","3302952192","3302952447","3302953728","3302953983","3304701952","3304710399","3304710656","3304710911","3304711424","3304718335","3314810880","3314812671","3314812928","3314819327","3314819584","3314823167","3314823424","3314827263","3314833408","3314835455","3315450880","3315451903","3319267328","3319269119","3319269632","3319270143","3319270656","3319270911","3319271936","3319272447","3319273216","3319273983","3319274496","3319276287","3319276800","3319278335","3319278592","3319279615","3319279872","3319280127","3319280384","3319280895","3319281152","3319282687","3319283200","3319284991","3319285248","3319289087","3319289600","3319292415","3319292672","3319293439","3319293696","3319293951","3319294208","3319294463","3319294720","3319365887","3319366144","3319366911","3319367424","3319367679","3319367936","3319368191","3319368448","3319368959","3319369472","3319382015","3319382272","3319398399","3320477440","3320477951","3320478208","3320478719","3320479232","3320479743","3320938496","3320938751","3320939008","3320939775","3320940800","3320941311","3320941824","3320943103","3320943616","3320944127","3320944640","3320945407","3320946688","3320946943","3320948224","3320948479","3320948736","3320948991","3320949248","3320951039","3320951296","3320951551","3320951808","3320954367","3320954624","3320963071","3320963328","3320967679","3320967936","3320971263","3423128576","3423128831","3471657984","3471658239","3471658496","3471658751","3563067648","3563067903"],"ip2locationv6":["281471373778944","281471373779711","281471373779968","281471373784575","281471373784832","281471373785087","281471374229504","281471374229759","281471374230016","281471374231551","281471374232064","281471374232319","281471374232576","281471374233599","281471374233856","281471374234367","281471374234624","281471374234879","281471374235136","281471374235391","281471374235648","281471374235903","281471374236160","281471374236415","281471374237440","281471374237695","281471374237952","281471374238719","281471374238976","281471374239231","281471374239744","281471374240511","281471374241536","281471374242303","281471374243072","281471374244607","281471374245632","281471374245887","281471374246144","281471374247423","281471374247680","281471374248959","281471374249472","281471374249983","281471374250240","281471374250495","281471374250752","281471374251263","281471374251520","281471374253055","281471374253312","281471374253567","281471374254848","281471374255103","281471374256128","281471374256383","281471374256896","281471374257919","281471374258176","281471374258431","281471374258688","281471374259967","281471374260480","281471374260735","281471374260992","281471374261503","281471374261760","281471374262271","281471374520320","281471374521087","281471374521344","281471374523391","281471374523648","281471374523903","281471374524160","281471374524415","281471374725120","281471374725375","281471374725632","281471374726143","281471383052288","281471383057151","281471383057664","281471383058687","281471383058944","281471383059199","281471383059456","281471383060223","281471383421184","281471383425279","281471383427072","281471383429119","281471383433216","281471383437311","281471383825408","281471383826431","281471383923712","281471383923967","281471383927808","281471383928575","281471384154112","281471384158207","281471384209408","281471384210431","281471384218624","281471384218879","281471384219136","281471384219391","281471384223232","281471384223743","281471384233984","281471384235007","281471384249344","281471384249599","281471384249856","281471384250367","281471384263680","281471384264703","281471384265984","281471384266751","281471643431936","281471643432447","281472029690112","281472029690367","281472107708416","281472107708671","281472395436032","281472395437055","281472397229056","281472397229311","281472397229568","281472397230079","281472401555456","281472401556479","281472401556736","281472401557503","281472401588224","281472401596415","281472406717440","281472406718463","281472406755840","281472406756095","281472406782976","281472406783999","281472406812672","281472406813695","281472406825216","281472406825471","281472406827264","281472406827775","281472406840320","281472406841343","281472406861568","281472406861823","281472406880256","281472406881279","281472406898688","281472406899711","281472406904832","281472406905855","281472406968320","281472406969343","281472406981632","281472406982655","281472406986752","281472406987775","281472406992384","281472406992639","281472407003136","281472407004671","281472407004928","281472407005439","281472407005696","281472407005951","281472407006208","281472407007231","281472407040000","281472407040255","281472407044096","281472407045119","281472407053568","281472407054335","281472407076608","281472407076863","281472407104512","281472407105535","281472407124992","281472407126015","281472407152640","281472407153663","281472407155968","281472407157759","281472407186432","281472407190271","281472407211008","281472407212031","281472407218176","281472407218431","281472407218688","281472407219199","281472407228416","281472407229439","281472407239680","281472407240703","281472407270400","281472407270655","281472407271168","281472407271423","281472407289856","281472407290879","281472407327744","281472407327999","281472407328256","281472407328511","281472407329792","281472407330559","281472407344128","281472407344895","281472407352320","281472407352575","281472407352832","281472407353343","281472407379456","281472407379711","281472407392256","281472407392511","281472407404032","281472407404287","281472407418880","281472407419903","281472407429632","281472407429887","281472407486464","281472407487487","281472407516160","281472407517183","281472407530496","281472407531519","281472407546880","281472407547903","281472407572480","281472407573503","281472407591936","281472407592959","281472407634688","281472407634943","281472428484608","281472428484863","281472429474048","281472429474303","281472454361344","281472454362111","281472454364928","281472454365183","281472454365696","281472454365951","281472454366464","281472454366719","281472454366976","281472454367231","281472454368000","281472454368255","281472454368512","281472454368767","281472454372096","281472454372863","281472454373120","281472454373375","281472454373632","281472454373887","281472454375424","281472454375679","281472454376448","281472454376703","281472454380800","281472454381567","281472454382592","281472454383359","281472454383616","281472454384127","281472454384896","281472454385151","281472454385408","281472454385663","281472454386432","281472454387199","281472454387968","281472454388223","281472454388736","281472454388991","281472454390272","281472454391295","281472454391808","281472454392063","281472454393088","281472454393855","281472454394624","281472454395135","281472454395392","281472454395903","281472454396416","281472454396671","281472454398464","281472454399231","281472454400000","281472454400255","281472454401536","281472454401791","281472454402048","281472454403327","281472454404352","281472454404863","281472454405632","281472454405887","281472454406656","281472454407167","281472454408448","281472454408703","281472454410240","281472454410495","281472454410752","281472454411007","281472454411520","281472454411775","281472454412288","281472454412543","281472454413056","281472454413311","281472454414080","281472454414335","281472454414592","281472454414847","281472454415872","281472454416127","281472454416640","281472454416895","281472454418176","281472454418431","281472454418688","281472454418943","281472454419456","281472454419967","281472454421504","281472454421759","281472454422016","281472454422271","281472454422528","281472454422783","281472454424320","281472454424575","281472454425088","281472454425599","281472454426624","281472454443263","281472454443520","281472454445311","281472454445568","281472454623231","281472454623744","281472454624255","281472454625024","281472454625279","281472454625536","281472454626047","281472454626816","281472454627327","281472454628096","281472454628351","281472454629120","281472454629375","281472454629632","281472454629887","281472454630400","281472454630655","281472454631424","281472454631679","281472454632448","281472454632703","281472454632960","281472454633215","281472454633472","281472454633727","281472454633984","281472454634239","281472454634496","281472454635007","281472454635264","281472454636031","281472454636544","281472454637311","281472454638336","281472454638591","281472454638848","281472454639103","281472454641152","281472454641919","281472454642176","281472454642687","281472454643456","281472454643711","281472454644992","281472454645247","281472454645504","281472454645759","281472454646272","281472454646527","281472454646784","281472454647295","281472454647552","281472454647807","281472454648064","281472454648319","281472454648576","281472454648831","281472454649344","281472454649599","281472454650368","281472454650623","281472454651392","281472454651903","281472454652672","281472454653183","281472454653440","281472454654463","281472454654720","281472454655231","281472454655744","281472454655999","281472454657280","281472454657535","281472454658560","281472454658815","281472454659328","281472454659583","281472454660352","281472454660607","281472454661376","281472454662143","281472454662912","281472454663679","281472454664448","281472454664703","281472454664960","281472454665471","281472454665984","281472454666239","281472454666496","281472454666751","281472454667520","281472454668031","281472454668288","281472454668543","281472454669312","281472454669567","281472454670336","281472454671103","281472454671872","281472454672127","281472454672384","281472454672639","281472454673408","281472454673663","281472454674688","281472454674943","281472454675456","281472454675967","281472454676736","281472454676991","281472454678016","281472454678527","281472454678784","281472454679295","281472454679808","281472454680319","281472454681088","281472454681599","281472454681856","281472454682111","281472454682368","281472454682879","281472454683392","281472454683903","281472454685440","281472454685695","281472454685952","281472454686207","281472454688000","281472454688255","281472454688768","281472454692863","281472454693120","281472454700031","281472454700288","281472454704383","281472454704640","281472454716415","281472454716672","281472454717695","281472454717952","281472454718463","281472454718720","281472454725375","281472454725888","281472454731263","281472454731520","281472454744575","281472454744832","281472454747903","281472454748160","281472454754303","281472454754560","281472454755327","281472454755840","281472454758399","281472454759168","281472454761983","281472454762496","281472454763519","281472454763776","281472454764287","281472454765056","281472454765311","281472454765568","281472454765823","281472454766080","281472454766591","281472454766848","281472454767615","281472454767872","281472454768383","281472454768640","281472454885375","281472514930944","281472514931199","281472854032384","281472854034431","281472854034688","281472854044671","281472854044928","281472854051839","281472854052096","281472854052607","281472854052864","281472854053375","281472854053888","281472854054655","281472854055168","281472854055423","281472854055680","281472854056703","281472854057728","281472854057983","281472854058240","281472854058495","281472854058752","281472854059263","281472854059520","281472854060287","281472854060800","281472854061055","281472854061568","281472854062847","281472854063360","281472854064895","281472861130240","281472861130495","281473132735488","281473132735999","281473187292160","281473187292415","281473187292672","281473187292927","281473269727488","281473269727743","281473269728000","281473269728511","281473269728768","281473269729023","281473269729280","281473269729791","281473269730304","281473269730559","281473269731072","281473269731327","281473269731584","281473269732351","281473269732864","281473269733119","281473269733376","281473269733631","281473269734912","281473269735679","281473269736192","281473269736447","281473269737216","281473269737471","281473269738496","281473269739263","281473269739520","281473269739775","281473269740032","281473269741567","281473269741824","281473269742591","281473269742848","281473269743103","281473269743360","281473269744383","281473269746176","281473269747455","281473269747712","281473269748479","281473269748736","281473269748991","281473269749504","281473269750015","281473269750272","281473269750527","281473269751040","281473269751295","281473269752832","281473269753343","281473269753600","281473269754367","281473269754624","281473269754879","281473269755392","281473269755647","281473269756416","281473269757951","281473269758208","281473269758975","281473269759232","281473269759487","281473269759744","281473269759999","281473269780480","281473269781503","281473269786624","281473269787391","281473270120448","281473270121983","281473270122240","281473270123007","281473270123520","281473270124543","281473270125056","281473270125567","281473270126080","281473270126847","281473270127104","281473270153215","281473273069568","281473273102335","281473273217024","281473273225215","281473273790464","281473273797631","281473273798144","281473273798911","281473273799168","281473273800703","281473273801728","281473273803775","281473273804032","281473273805823","281473273806336","281473273808895","281473273809152","281473273809407","281473273809664","281473273811455","281473273811712","281473273812223","281473273812480","281473273813503","281473273814016","281473273816063","281473273818112","281473273819391","281473273821184","281473273821439","281473288045056","281473288045567","281473288045824","281473288046335","281473288046848","281473288048383","281473288048896","281473288049663","281473288049920","281473288050687","281473288051200","281473288052479","281473288052736","281473288053247","281473288053504","281473288081407","281473288081664","281473288082431","281473288082944","281473288083199","281473288083456","281473288083711","281473288084480","281473288084735","281473288085504","281473288088319","281473288089088","281473288089343","281473288089600","281473288091903","281473288092160","281473288092415","281473288093696","281473288093951","281473288094720","281473288095487","281473288096000","281473288096767","281473288097280","281473288097535","281473288098304","281473288098815","281473288099840","281473288100095","281473288100352","281473288100607","281473288101632","281473288101887","281473288102400","281473288102655","281473288102912","281473288103679","281473288104192","281473288104703","281473288105472","281473288105727","281473288105984","281473288106239","281473288106496","281473288107007","281473288107520","281473288108031","281473288108288","281473288108799","281473288109312","281473288109567","281473288109824","281473288110079","281473326735872","281473326736127","281473373958144","281473373958911","281473380777984","281473380909055","281473381962240","281473381962495","281473381962752","281473381963007","281473381963264","281473381964031","281473381964544","281473381964799","281473381965312","281473381965567","281473381987328","281473381988351","281473410071552","281473410071807","281473532775424","281473532775935","281473532776192","281473532776447","281473532783616","281473532783871","281473532784128","281473532784639","281473532790016","281473532790527","281473533827072","281473533828095","281473571891200","281473571891455","281473903783680","281473903783935","281473910147840","281473910148095","281473970147072","281473970147327","281473970536192","281473970536447","281473970846976","281473970847231","281473970858496","281473970858751","281473970957568","281473970957823","281473970981888","281473970982143","281473970991872","281473970992127","281473972027392","281473972027903","281473972028160","281473972031487","281473972224000","281473972224511","281473972224768","281473972225791","281473972784384","281473972784639","281473972946176","281473972946431","281473972949504","281473972949759","281473972952832","281473972953087","281473973067776","281473973068799","281473973097728","281473973097983","281473973110784","281473973112831","281473973290496","281473973290751","281473974094848","281473974095871","281473983380480","281473983381503","281473984274688","281473984274943","281473984296960","281473984297471","281473984692480","281473984692735","281473984695552","281473984695807","281473984697088","281473984697343","281473986445312","281473986453759","281473986454016","281473986454271","281473986454784","281473986461695","281473996554240","281473996556031","281473996556288","281473996562687","281473996562944","281473996566527","281473996566784","281473996570623","281473996576768","281473996578815","281473997194240","281473997195263","281474001010688","281474001012479","281474001012992","281474001013503","281474001014016","281474001014271","281474001015296","281474001015807","281474001016576","281474001017343","281474001017856","281474001019647","281474001020160","281474001021695","281474001021952","281474001022975","281474001023232","281474001023487","281474001023744","281474001024255","281474001024512","281474001026047","281474001026560","281474001028351","281474001028608","281474001032447","281474001032960","281474001035775","281474001036032","281474001036799","281474001037056","281474001037311","281474001037568","281474001037823","281474001038080","281474001109247","281474001109504","281474001110271","281474001110784","281474001111039","281474001111296","281474001111551","281474001111808","281474001112319","281474001112832","281474001125375","281474001125632","281474001141759","281474002220800","281474002221311","281474002221568","281474002222079","281474002222592","281474002223103","281474002681856","281474002682111","281474002682368","281474002683135","281474002684160","281474002684671","281474002685184","281474002686463","281474002686976","281474002687487","281474002688000","281474002688767","281474002690048","281474002690303","281474002691584","281474002691839","281474002692096","281474002692351","281474002692608","281474002694399","281474002694656","281474002694911","281474002695168","281474002697727","281474002697984","281474002706431","281474002706688","281474002711039","281474002711296","281474002714623","281474104871936","281474104872191","281474153401344","281474153401599","281474153401856","281474153402111","281474244811008","281474244811263","42540578165181764213956603842907865088","42540578165181764232403347916617416703","42540578165184217372663990181339070464","42540578165184217391110734255048622079","42540578165184249359318213993701572608","42540578165184249377764958067411124223","42540578165198713082411528178932645888","42540578165198713100858272252642197503","42540578165211981493382354132638105600","42540578165211981511829098206347657215","42540578165211999276043641188645863424","42540578165211999294490385262355415039","42540578165214404399429459587404660736","42540578165214404417876203661114212351","42540578165292990480662514070817079296","42540578165292990499109258144526630911","42540578165300237339412103089298079744","42540578165300237357858847163007631359","42540578165302652682294138323148472320","42540578165302652700740882396858023935","42540578165302662237707568504696209408","42540578165302662256154312578405761023","42540578165302674597026097890095792128","42540578165302674615472841963805343743","42540578165302682307765120700688367616","42540578165302682326211864774397919231","42540578165318365987831005593406013440","42540578165318366006277749667115565055","42540578165318367186869370384526868480","42540578165318367205316114458236420095","42540578174773419851539304293798510592","42540578174773419869986048367508062207","42540578174775797839764590265806880768","42540578174775797858211334339516432383","42540578174775809018491498933795160064","42540578174775809036938243007504711679","42540578174785524918595121754631307264","42540578174785524937041865828340858879","42540578174792718816742475152989618176","42540578174792718835189219226699169791","42540578174799973109529925876419919872","42540578174799973127976669950129471487","42540578174799978532872683547028094976","42540578174799978551319427620737646591","42540578174802406954496267040950583296","42540578174802406972943011114660134911","42540578177602261019574323753080848384","42540578177603469945393938382255554559","42540578182517753402127405977436160000","42540578182518962327947020606610866175","42540578182546767621798157077629108224","42540578182547976547617771706803814399","42540578187722179055568384574546247680","42540578187723387981387999203720953855","42540578192889128008601309667240443904","42540578192890336934420924296415150079","42540578221761903358457498246748045312","42540578221763112284277112875922751487","42540578237248243107720897974734159872","42540578237249452033540512603908866047","42540619695440661515700028022781378560","42540619695441870441519642651956084735","42540680211044196480215997593853886464","42540680211044196480215997593853886465","42541828069279254074010660799166545920","42541828069279254092457404872876097535","42541833139262684911945344427401150464","42541833218490847426209682020945100799","42541866733106131307513025897368125440","42541866733108549159152255155717537791","42541866733241530999309864364935217152","42541866733551016009131209433659998207","42541866734286042907456903971881353216","42541866734287251833276518601056059391","42541866734402099786139908372653146112","42541866734403308711959523001827852287","42541866735040412618896432576898007040","42541866735041621544716047206072713215","42541866735253183563148607311646294016","42541866735254392488968221940821000191","42541866736259009845067978785001832448","42541866736260218770887593414176538623","42541866737264836126987350258357370880","42541866737266045052806964887532077055","47856325177587851586575309838309392384","47856325177589060512394924467484098559","47856325179290019140592707716295688192","47856325179291228066412322345470394367","50512955749966172479286607544944951296","50512955749967381405106222174119657471","50521102391849136101723946046187372544","50521102391868478914837780112982671359","50526573013334126365156346540589056000","50526573013335335290975961169763762175","50543536555307978493867285198946697216","50543536555317649900424202232344346623","50676817341918495049014523057720524800","50676817341918495067461267131430076415","50676817341918852380893974885444878336","50676817341918852399340718959154429951","55838750792190805702383518345303425024","55838750792190805720830262419012976639","55838750792191495758185827672210276352","55838750792191495776632571745919827967","55838750792191495831972803967048482816","55838750792191495850419548040758034431","55838750792191495868866292114467586048","55838750792191495905759780261886689279","55838750792192014628203132974478131200","55838750792192014646649877048187682815","55838750792200477108940435378701074432","55838750792200477127387179452410626047","55838750792201167164742744705607925760","55838750792201167183189488779317477375","55838750792201167238529721000446132224","55838750792201167256976465074155683839","55838750792201167275423209147865235456","55838750792201167312316697295284338687","55838750792201686034760050007875780608","55838750792201686053206794081585332223","55838750792205312812218893895399899136","55838750792205312830665637969109450751","55838750792206002868021203222306750464","55838750792206002886467947296016302079","55838750792206002941808179517144956928","55838750792206002960254923590854508543","55838750792206002978701667664564060160","55838750792206003015595155811983163391","55838750792206521738038508524574605312","55838750792206521756485252598284156927","55849932188204432764788066640252108800","55849932188204432783234810713961660415","55849932188204513026571531350511190016","55849932188204517748938014220156403711","55849932188221357726262671448697995264","55849932188221357744709415522407546879","55849932188221437988046136158957076480","55849932188221442710412619028602290175","55849932188240700520929761441783742464","55849932188240700539376505515493294079","55849932188240776078793487356107161600","55849932188240780801159970225752375295","55849932208007166576675029848493654016","55849932208007242134538755762817073151","55849932208026509389788863915288952832","55849932208026584947652589829612371967","55849932208045852202902697982084251648","55849932208045927760766423896407670783","55849932208065195016016532048879550464","55849932208065270573880257963202969599","55849932208084537829130366115674849280","55849932208084613386994092029998268415","55849932208103880642244200182470148096","55849932208103956200107926096793567231","55849932208123223455358034249265446912","55849932208123299013221760163588866047","55849932208142566268471868316060745728","55849932208142641826335594230384164863","55878094234868100933010537524121042944","55878094234869309858830152153295749119","55878094239638592038136183238164480000","55878094239638592056582927311874031615","55878094315462349623439406085082972160","55878094315462349641886150158792523775","55878094315501035249667074218673569792","55878094315501035268113818292383121407","55878094315539720875894742352264167424","55878094315539720894341486425973719039","55878094315578406502122410485854765056","55878094315578406520569154559564316671","55878094393259143967280022735774810112","55878094393268815373836939769172459519","55878094472487306481544360329318760448","55878094472496977888101277362716409855","55878094551667111963024112755874463744","55878094551676783369581029789272113151","55878094556618872120165633855470960640","55878094556628543526722550888868610047","55878094630943631510073035516406661120","55878094630953302916629952549804310527","55878094710171794024337373109950611456","55878094710181465430894290143348260863","55881451169999147648077625058238922752","55881451170308632657898970126963703807","55928283532619973204118426182486065152","55928283611848135718382763776030015487","58563977114643131777206739939027320832","58563977193871294291471077532571271167","58564443610064015765626490725806899200","58564443689292178279890828319350849535","58564494316088024894802550593935114240","58564494395316187409066888187479064575","58564707281388863237342002040073617408","58564707360617025751606339633617567743","58564798552232079669858909802704404480","58564798631460242184123247396248354815","58565660554640234865851927560884060160","58565660633868397380116265154428010495","58565969861386690553825892756466171904","58565969940614853068090230350010122239","58568650308580873144895357535393939456","58568650387809035659159695128937889791","58568665520388075883648175495832403968","58568665599616238397912513089376354303","58568676295418177823598088217809649664","58568676374646340337862425811353599999","58568682638622939121886616800922173440","58568682638932424131707961869646954495","58568791651622798592473624417801338880","58568791730850961106737962011345289215","58568834751743206352273275305710321664","58568834830971368866537612899254271999","58568931093188823697707789055153930240","58568931172416986211972126648697880575","58568947572646626664690008512295600128","58568947651874789178954346105839550463","58568949474122527007034110757350408192","58568949474124954358746537976118902783","58568949474124954377193282049828454400","58568949553350689521298448350894358527","58568957080026128376410519737569640448","58568957159254290890674857331113590783","58568976748417472542532327334855311360","58568976763272753013956890633644802047","58568991306592334538604360148556185600","58568991385820497052868697742100135935","58568994475718835109177863890314199040","58568994554946997623442201483858149375","58569005884574237163242477360643047424","58569005963802399677506814954186997759","58569014124303138646733587089213882368","58569014203531301160997924682757832703","58569016025779038989077689334268690432","58569016105007201503342026927812640767"]},"viana":{"name":"Viana","latitude":"-8.905130","longitude":"13.374990","postcode":"-","gmtOffset":3600,"gmtOffsetName":"UTC+01:00","ip2locationv4":["692036352","692036607","692041216","692041471","692488192","692488447","692488960","692489215","692491520","692491775","692494336","692494591","692495360","692495615","692496128","692496383","692497152","692497407","692497664","692498175","692498944","692499199","692499456","692499711","692501248","692502015","692505600","692506111","692507904","692508159","692511232","692511487","692511744","692511999","692513280","692513535","692514560","692514815","692515072","692515327","701314048","701314303","701315328","701315583","701315840","701316095","701677568","701677823","1715485952","1715486207","1725083648","1725083903","1725084416","1725084671","1725262080","1725262335","1725309952","1725310207","1725475072","1725475327","1725584640","1725584895","1725587200","1725587455","1725601536","1725601791","1725609216","1725609471","1772617728","1772617983","1772618752","1772619007","1772619264","1772619519","1772619776","1772620543","1772621056","1772621311","1772622848","1772623103","1772625664","1772626175","1772626688","1772626943","1772627712","1772627967","1772628224","1772628735","1772631040","1772631295","1772632320","1772632575","1772633344","1772633855","1772635392","1772635647","1772636160","1772636415","1772640000","1772640255","1772641792","1772642047","1772642816","1772643071","1772644352","1772644607","1772644864","1772645375","1772645632","1772645887","1772651008","1772651263","1772652800","1772653055","1772653568","1772654079","1772654336","1772654591","1772656128","1772656383","1772657152","1772657407","1772657664","1772658175","1772660224","1772660479","1772662528","1772662783","1772664576","1772665087","1772665344","1772665599","1772665856","1772666367","1772667904","1772668159","1772668416","1772668671","1772670464","1772670719","1772670976","1772671231","1772672000","1772672255","1772672768","1772673023","1772673792","1772674047","1772674304","1772674559","1772677376","1772677631","1772678912","1772679167","1772680192","1772680703","1772681216","1772681727","1772683008","1772683263","1772881920","1772882175","1772882944","1772883199","1772884224","1772884735","1772886016","1772886271","1772886528","1772886783","1772888576","1772888831","1772889344","1772889599","1772889856","1772890111","1772893952","1772894207","1772894720","1772894975","1772896000","1772896511","1772897536","1772897791","1772900864","1772901119","1772903936","1772904191","1772904448","1772904703","1772906496","1772906751","1772907520","1772907775","1772911104","1772911359","1772912640","1772913151","1772915456","1772915711","1772916736","1772916991","1772917248","1772917503","1772919296","1772919551","1772920832","1772921087","1772922112","1772922367","1772924672","1772924927","1772926720","1772926975","1772928000","1772928511","1772929280","1772929535","1772929792","1772930047","1772931072","1772931327","1772931584","1772932095","1772933120","1772933375","1772933632","1772933887","1772936192","1772936447","1772937216","1772937471","1772940800","1772941055","1772942848","1772943103","1772961024","1772961279","1773012224","1773012479","1773015552","1773015807","1773018624","1773018879","1773021184","1773021439","2172291072","2172291327","2172311296","2172311551","2172314112","2172314367","2172314624","2172314879","2172315136","2172315391","2172316928","2172317183","2172319488","2172319743","2587985152","2587985407","2587986688","2587986943","2587988992","2587989247","2587990784","2587991551","2587992320","2587992575","2587994112","2587994367","2587996416","2587996671","2588001280","2588001535","2588001792","2588002559","2588005888","2588006143","2588007424","2588007679","2588008192","2588008447","2588009984","2588010239","2588011008","2588011263","2588012544","2588013055","2588014592","2588014847","2588015616","2588015871","2588016128","2588016383","2588044032","2588044287","2588378624","2588378879","2588383488","2588383743","2592055552","2592055807","2592060416","2592060671","2592065536","2592065791","2592066048","2592066303","2592068864","2592069119","2592070400","2592070655","2606302208","2606302463","2606302976","2606303231","2606309888","2606310143","2606340352","2606340607","2606341632","2606341887","2606348544","2606348799","2606349312","2606349567","2606349824","2606350335","2606352384","2606352639","2606353408","2606353663","2606355456","2606355967","2606357248","2606357503","2606358528","2606359039","2606363904","2606364159","2606365440","2606365951","2692215552","2692215807","2700219136","2700219391","2700219648","2700219903","2851047168","2851047423","3304710400","3304710655","3304711168","3304711423","3319293952","3319294207","3319365888","3319366143","3319368960","3319369215","3320477184","3320477439","3320938752","3320939007","3320941312","3320941823","3320943104","3320943359","3320944384","3320944639","3320945664","3320946431","3320947200","3320947455","3320947968","3320948223","3320951552","3320951807"],"ip2locationv6":["281471373779712","281471373779967","281471373784576","281471373784831","281471374231552","281471374231807","281471374232320","281471374232575","281471374234880","281471374235135","281471374237696","281471374237951","281471374238720","281471374238975","281471374239488","281471374239743","281471374240512","281471374240767","281471374241024","281471374241535","281471374242304","281471374242559","281471374242816","281471374243071","281471374244608","281471374245375","281471374248960","281471374249471","281471374251264","281471374251519","281471374254592","281471374254847","281471374255104","281471374255359","281471374256640","281471374256895","281471374257920","281471374258175","281471374258432","281471374258687","281471383057408","281471383057663","281471383058688","281471383058943","281471383059200","281471383059455","281471383420928","281471383421183","281472397229312","281472397229567","281472406827008","281472406827263","281472406827776","281472406828031","281472407005440","281472407005695","281472407053312","281472407053567","281472407218432","281472407218687","281472407328000","281472407328255","281472407330560","281472407330815","281472407344896","281472407345151","281472407352576","281472407352831","281472454361088","281472454361343","281472454362112","281472454362367","281472454362624","281472454362879","281472454363136","281472454363903","281472454364416","281472454364671","281472454366208","281472454366463","281472454369024","281472454369535","281472454370048","281472454370303","281472454371072","281472454371327","281472454371584","281472454372095","281472454374400","281472454374655","281472454375680","281472454375935","281472454376704","281472454377215","281472454378752","281472454379007","281472454379520","281472454379775","281472454383360","281472454383615","281472454385152","281472454385407","281472454386176","281472454386431","281472454387712","281472454387967","281472454388224","281472454388735","281472454388992","281472454389247","281472454394368","281472454394623","281472454396160","281472454396415","281472454396928","281472454397439","281472454397696","281472454397951","281472454399488","281472454399743","281472454400512","281472454400767","281472454401024","281472454401535","281472454403584","281472454403839","281472454405888","281472454406143","281472454407936","281472454408447","281472454408704","281472454408959","281472454409216","281472454409727","281472454411264","281472454411519","281472454411776","281472454412031","281472454413824","281472454414079","281472454414336","281472454414591","281472454415360","281472454415615","281472454416128","281472454416383","281472454417152","281472454417407","281472454417664","281472454417919","281472454420736","281472454420991","281472454422272","281472454422527","281472454423552","281472454424063","281472454424576","281472454425087","281472454426368","281472454426623","281472454625280","281472454625535","281472454626304","281472454626559","281472454627584","281472454628095","281472454629376","281472454629631","281472454629888","281472454630143","281472454631936","281472454632191","281472454632704","281472454632959","281472454633216","281472454633471","281472454637312","281472454637567","281472454638080","281472454638335","281472454639360","281472454639871","281472454640896","281472454641151","281472454644224","281472454644479","281472454647296","281472454647551","281472454647808","281472454648063","281472454649856","281472454650111","281472454650880","281472454651135","281472454654464","281472454654719","281472454656000","281472454656511","281472454658816","281472454659071","281472454660096","281472454660351","281472454660608","281472454660863","281472454662656","281472454662911","281472454664192","281472454664447","281472454665472","281472454665727","281472454668032","281472454668287","281472454670080","281472454670335","281472454671360","281472454671871","281472454672640","281472454672895","281472454673152","281472454673407","281472454674432","281472454674687","281472454674944","281472454675455","281472454676480","281472454676735","281472454676992","281472454677247","281472454679552","281472454679807","281472454680576","281472454680831","281472454684160","281472454684415","281472454686208","281472454686463","281472454704384","281472454704639","281472454755584","281472454755839","281472454758912","281472454759167","281472454761984","281472454762239","281472454764544","281472454764799","281472854034432","281472854034687","281472854054656","281472854054911","281472854057472","281472854057727","281472854057984","281472854058239","281472854058496","281472854058751","281472854060288","281472854060543","281472854062848","281472854063103","281473269728512","281473269728767","281473269730048","281473269730303","281473269732352","281473269732607","281473269734144","281473269734911","281473269735680","281473269735935","281473269737472","281473269737727","281473269739776","281473269740031","281473269744640","281473269744895","281473269745152","281473269745919","281473269749248","281473269749503","281473269750784","281473269751039","281473269751552","281473269751807","281473269753344","281473269753599","281473269754368","281473269754623","281473269755904","281473269756415","281473269757952","281473269758207","281473269758976","281473269759231","281473269759488","281473269759743","281473269787392","281473269787647","281473270121984","281473270122239","281473270126848","281473270127103","281473273798912","281473273799167","281473273803776","281473273804031","281473273808896","281473273809151","281473273809408","281473273809663","281473273812224","281473273812479","281473273813760","281473273814015","281473288045568","281473288045823","281473288046336","281473288046591","281473288053248","281473288053503","281473288083712","281473288083967","281473288084992","281473288085247","281473288091904","281473288092159","281473288092672","281473288092927","281473288093184","281473288093695","281473288095744","281473288095999","281473288096768","281473288097023","281473288098816","281473288099327","281473288100608","281473288100863","281473288101888","281473288102399","281473288107264","281473288107519","281473288108800","281473288109311","281473373958912","281473373959167","281473381962496","281473381962751","281473381963008","281473381963263","281473532790528","281473532790783","281473986453760","281473986454015","281473986454528","281473986454783","281474001037312","281474001037567","281474001109248","281474001109503","281474001112320","281474001112575","281474002220544","281474002220799","281474002682112","281474002682367","281474002684672","281474002685183","281474002686464","281474002686719","281474002687744","281474002687999","281474002689024","281474002689791","281474002690560","281474002690815","281474002691328","281474002691583","281474002694912","281474002695167","55838750792191495942653268409305792512","55838750792191495961100012483015344127","55838750792201167349210185442703441920","55838750792201167367656929516412993535","55838750792206003052488643959402266624","55838750792206003070935388033111818239"]},"camana":{"name":"Camana","latitude":"-9.066670","longitude":"13.366670","postcode":"-","gmtOffset":3600,"gmtOffsetName":"UTC+01:00","ip2locationv4":["692493056","692493311","692497408","692497663","692502016","692502271","692506624","692506879","692509696","692509951","692510464","692510719","692510976","692511231","692516864","692517119","692518144","692518399","1725261312","1725261567","1725262592","1725262847","1725412352","1725412607","1725446912","1725447167","1725527552","1725527807","1725585152","1725585407","1772623872","1772624127","1772632576","1772632831","1772637184","1772637439","1772643840","1772644095","1772646400","1772646655","1772657408","1772657663","1772662016","1772662271","1772675072","1772675327","1772677888","1772678143","1772699904","1772700159","1772885248","1772885503","1772905472","1772905727","1772919040","1772919295","1772925696","1772925951","1772933888","1772934143","1772943360","1772943871","1773024256","1773024511","2172308480","2172308735","2172309248","2172309503","2172310016","2172310527","2172311552","2172311807","2172312064","2172312319","2172313344","2172314111","2172315904","2172316159","2172317184","2172317439","2172317696","2172318207","2172319744","2172319999","2172321536","2172321791","2587990272","2587990783","2587992576","2587992831","2587999744","2587999999","2588001024","2588001279","2588004096","2588004351","2588008704","2588009471","2588012288","2588012543","2592062464","2592062975","2592068096","2592068351","2592070144","2592070399","2606301184","2606301439","2606306304","2606306559","2606309120","2606309375","2606341376","2606341631","2606344960","2606345215","2606351104","2606351359","2606354176","2606354431","2606357504","2606358271","2606360576","2606360831","2606361856","2606362111","2606364672","2606364927","2606366208","2606366463","2851046400","2851046655","3290481152","3290481407","3304710912","3304711167","3314823168","3314823423","3319293440","3319293695","3319294464","3319294719","3319369216","3319369471","3320940032","3320940287","3320940544","3320940799","3320943360","3320943615","3320946432","3320946687","3320946944","3320947199","3320951040","3320951295"],"ip2locationv6":["281471374236416","281471374236671","281471374240768","281471374241023","281471374245376","281471374245631","281471374249984","281471374250239","281471374253056","281471374253311","281471374253824","281471374254079","281471374254336","281471374254591","281471374260224","281471374260479","281471374261504","281471374261759","281472407004672","281472407004927","281472407005952","281472407006207","281472407155712","281472407155967","281472407190272","281472407190527","281472407270912","281472407271167","281472407328512","281472407328767","281472454367232","281472454367487","281472454375936","281472454376191","281472454380544","281472454380799","281472454387200","281472454387455","281472454389760","281472454390015","281472454400768","281472454401023","281472454405376","281472454405631","281472454418432","281472454418687","281472454421248","281472454421503","281472454443264","281472454443519","281472454628608","281472454628863","281472454648832","281472454649087","281472454662400","281472454662655","281472454669056","281472454669311","281472454677248","281472454677503","281472454686720","281472454687231","281472454767616","281472454767871","281472854051840","281472854052095","281472854052608","281472854052863","281472854053376","281472854053887","281472854054912","281472854055167","281472854055424","281472854055679","281472854056704","281472854057471","281472854059264","281472854059519","281472854060544","281472854060799","281472854061056","281472854061567","281472854063104","281472854063359","281472854064896","281472854065151","281473269733632","281473269734143","281473269735936","281473269736191","281473269743104","281473269743359","281473269744384","281473269744639","281473269747456","281473269747711","281473269752064","281473269752831","281473269755648","281473269755903","281473273805824","281473273806335","281473273811456","281473273811711","281473273813504","281473273813759","281473288044544","281473288044799","281473288049664","281473288049919","281473288052480","281473288052735","281473288084736","281473288084991","281473288088320","281473288088575","281473288094464","281473288094719","281473288097536","281473288097791","281473288100864","281473288101631","281473288103936","281473288104191","281473288105216","281473288105471","281473288108032","281473288108287","281473288109568","281473288109823","281473532789760","281473532790015","281473972224512","281473972224767","281473986454272","281473986454527","281473996566528","281473996566783","281474001036800","281474001037055","281474001037824","281474001038079","281474001112576","281474001112831","281474002683392","281474002683647","281474002683904","281474002684159","281474002686720","281474002686975","281474002689792","281474002690047","281474002690304","281474002690559","281474002694400","281474002694655"]}}},"benguela":{"name":"Benguela","cities":{"benguela":{"name":"Benguela","latitude":"-12.576260","longitude":"13.405470","postcode":"-","gmtOffset":3600,"gmtOffsetName":"UTC+01:00","ip2locationv4":["692041728","692042495","692042752","692043775","692490240","692490495","692492032","692492287","692495872","692496127","692510720","692510975","692513024","692513279","692517376","692517631","701681920","701683711","702478592","702478847","702479104","702479615","1772619520","1772619775","1772620800","1772621055","1772630016","1772630271","1772633856","1772634623","1772634880","1772635135","1772635904","1772636159","1772636928","1772637183","1772638720","1772638975","1772642304","1772642815","1772644096","1772644351","1772645888","1772646399","1772646656","1772646911","1772647936","1772648447","1772648960","1772649215","1772651776","1772652031","1772654080","1772654335","1772654592","1772654847","1772655872","1772656127","1772664320","1772664575","1772669952","1772670207","1772671744","1772671999","1772673536","1772673791","1772676864","1772677375","1772680704","1772680959","1772879872","1772880127","1772883200","1772883455","1772885504","1772885759","1772887552","1772887807","1772890368","1772890623","1772897024","1772897279","1772898560","1772898815","1772900352","1772900607","1772901376","1772901631","1772902656","1772902911","1772905728","1772905983","1772907264","1772907519","1772908800","1772909055","1772909824","1772910079","1772911872","1772912383","1772913408","1772913663","1772914176","1772914687","1772915712","1772915967","1772925440","1772925695","1772926208","1772926463","1772930304","1772930559","1772932608","1772932863","1772941056","1772941311","1772941824","1772942079","1772942336","1772942591","1772943872","1772944127","1772973056","1772973311","1772974336","1772974591","2587983872","2587984127","2587987456","2587987711","2587989248","2587989503","2587993344","2587993855","2587994624","2587994879","2587999232","2587999487","2592057344","2592057599","2592057856","2592058367","2592078336","2592078591","2592078848","2592079615","2606339072","2606339583","2606340608","2606340863","2606341888","2606342143","2606349568","2606349823","2606350592","2606350847","2606354432","2606354687","2606355968","2606356479","2606359296","2606359551","2606361344","2606361599","2851032576","2851032831","3290482432","3290482687","3319269376","3319269631","3319276544","3319276799","3319280896","3319281151","3320944128","3320944383","3320947456","3320947711","3320948480","3320948735","3320948992","3320949247","3320963072","3320963327"],"ip2locationv6":["281471373785088","281471373785855","281471373786112","281471373787135","281471374233600","281471374233855","281471374235392","281471374235647","281471374239232","281471374239487","281471374254080","281471374254335","281471374256384","281471374256639","281471374260736","281471374260991","281471383425280","281471383427071","281471384221952","281471384222207","281471384222464","281471384222975","281472454362880","281472454363135","281472454364160","281472454364415","281472454373376","281472454373631","281472454377216","281472454377983","281472454378240","281472454378495","281472454379264","281472454379519","281472454380288","281472454380543","281472454382080","281472454382335","281472454385664","281472454386175","281472454387456","281472454387711","281472454389248","281472454389759","281472454390016","281472454390271","281472454391296","281472454391807","281472454392320","281472454392575","281472454395136","281472454395391","281472454397440","281472454397695","281472454397952","281472454398207","281472454399232","281472454399487","281472454407680","281472454407935","281472454413312","281472454413567","281472454415104","281472454415359","281472454416896","281472454417151","281472454420224","281472454420735","281472454424064","281472454424319","281472454623232","281472454623487","281472454626560","281472454626815","281472454628864","281472454629119","281472454630912","281472454631167","281472454633728","281472454633983","281472454640384","281472454640639","281472454641920","281472454642175","281472454643712","281472454643967","281472454644736","281472454644991","281472454646016","281472454646271","281472454649088","281472454649343","281472454650624","281472454650879","281472454652160","281472454652415","281472454653184","281472454653439","281472454655232","281472454655743","281472454656768","281472454657023","281472454657536","281472454658047","281472454659072","281472454659327","281472454668800","281472454669055","281472454669568","281472454669823","281472454673664","281472454673919","281472454675968","281472454676223","281472454684416","281472454684671","281472454685184","281472454685439","281472454685696","281472454685951","281472454687232","281472454687487","281472454716416","281472454716671","281472454717696","281472454717951","281473269727232","281473269727487","281473269730816","281473269731071","281473269732608","281473269732863","281473269736704","281473269737215","281473269737984","281473269738239","281473269742592","281473269742847","281473273800704","281473273800959","281473273801216","281473273801727","281473273821696","281473273821951","281473273822208","281473273822975","281473288082432","281473288082943","281473288083968","281473288084223","281473288085248","281473288085503","281473288092928","281473288093183","281473288093952","281473288094207","281473288097792","281473288098047","281473288099328","281473288099839","281473288102656","281473288102911","281473288104704","281473288104959","281473532775936","281473532776191","281473972225792","281473972226047","281474001012736","281474001012991","281474001019904","281474001020159","281474001024256","281474001024511","281474002687488","281474002687743","281474002690816","281474002691071","281474002691840","281474002692095","281474002692352","281474002692607","281474002706432","281474002706687"]},"lobito":{"name":"Lobito","latitude":"-12.348060","longitude":"13.545560","postcode":"-","gmtOffset":3600,"gmtOffsetName":"UTC+01:00","ip2locationv4":["692042496","692042751","692493568","692493823","702478336","702478591","702478848","702479103","702479616","702479871","702506240","702506495","1772619008","1772619263","1772621824","1772622079","1772624384","1772624639","1772631552","1772631807","1772641024","1772641279","1772667136","1772667391","1772669440","1772669695","1772670208","1772670463","1772674560","1772674815","1772675584","1772675839","1772679424","1772679679","1772881408","1772881663","1772902400","1772902655","1772918784","1772919039","1772920576","1772920831","1772927744","1772927999","1772930816","1772931071","2587984384","2587984639","2587986432","2587986687","2587998208","2587998463","2588005632","2588005887","2588008448","2588008703","2588011520","2588011775","2588381184","2588381695","2588382208","2588382719","2592057600","2592057855","2592078080","2592078335","2592078592","2592078847","2606301440","2606301695","2606305024","2606305279","2606354688","2606354943","2606356736","2606356991","3319270400","3319270655","3319271424","3319271679","3320939776","3320940031"],"ip2locationv6":["281471373785856","281471373786111","281471374236928","281471374237183","281471384221696","281471384221951","281471384222208","281471384222463","281471384222976","281471384223231","281471384249600","281471384249855","281472454362368","281472454362623","281472454365184","281472454365439","281472454367744","281472454367999","281472454374912","281472454375167","281472454384384","281472454384639","281472454410496","281472454410751","281472454412800","281472454413055","281472454413568","281472454413823","281472454417920","281472454418175","281472454418944","281472454419199","281472454422784","281472454423039","281472454624768","281472454625023","281472454645760","281472454646015","281472454662144","281472454662399","281472454663936","281472454664191","281472454671104","281472454671359","281472454674176","281472454674431","281473269727744","281473269727999","281473269729792","281473269730047","281473269741568","281473269741823","281473269748992","281473269749247","281473269751808","281473269752063","281473269754880","281473269755135","281473270124544","281473270125055","281473270125568","281473270126079","281473273800960","281473273801215","281473273821440","281473273821695","281473273821952","281473273822207","281473288044800","281473288045055","281473288048384","281473288048639","281473288098048","281473288098303","281473288100096","281473288100351","281474001013760","281474001014015","281474001014784","281474001015039","281474002683136","281474002683391","55838750792191495813526059893338931200","55838750792191495831972803967048482815","55838750792201167220082976926736580608","55838750792201167238529721000446132223","55838750792206002923361435443435405312","55838750792206002941808179517144956927"]},"catumbela":{"name":"Catumbela","latitude":"-12.431390","longitude":"13.547220","postcode":"-","gmtOffset":3600,"gmtOffsetName":"UTC+01:00","ip2locationv4":["692488448","692488703","692502528","692502783","1772672256","1772672511","1772936960","1772937215","2588011776","2588012031","2606307584","2606307839","2606362880","2606363135"],"ip2locationv6":["281471374231808","281471374232063","281471374245888","281471374246143","281472454415616","281472454415871","281472454680320","281472454680575","281473269755136","281473269755391","281473288050944","281473288051199","281473288106240","281473288106495"]}}},"cabinda":{"name":"Cabinda","cities":{"cabinda":{"name":"Cabinda","latitude":"-5.550000","longitude":"12.200000","postcode":"-","gmtOffset":3600,"gmtOffsetName":"UTC+01:00","ip2locationv4":["692486400","692486655","692492544","692492799","692510208","692510463","692512256","692512767","692516608","692516863","692777728","692777983","701685760","701689855","1772648704","1772648959","1772660736","1772660991","1772666624","1772666879","1772682240","1772682751","1772890880","1772891135","1772895232","1772895487","1772895744","1772895999","1772901120","1772901375","1772922880","1772923135","1772934400","1772934655","1772940544","1772940799","1772956672","1772956927","1773021952","1773022207","2587989760","2587990015","2587994368","2587994623","2588006656","2588006911","2606345984","2606346239","2606350848","2606351103","2606362368","2606362623","3320476416","3320476671"],"ip2locationv6":["281471374229760","281471374230015","281471374235904","281471374236159","281471374253568","281471374253823","281471374255616","281471374256127","281471374259968","281471374260223","281471374521088","281471374521343","281471383429120","281471383433215","281472454392064","281472454392319","281472454404096","281472454404351","281472454409984","281472454410239","281472454425600","281472454426111","281472454634240","281472454634495","281472454638592","281472454638847","281472454639104","281472454639359","281472454644480","281472454644735","281472454666240","281472454666495","281472454677760","281472454678015","281472454683904","281472454684159","281472454700032","281472454700287","281472454765312","281472454765567","281473269733120","281473269733375","281473269737728","281473269737983","281473269750016","281473269750271","281473288089344","281473288089599","281473288094208","281473288094463","281473288105728","281473288105983","281474002219776","281474002220031","42550888165295693914258664717411010308","42550888165295693914258664717411010308","55838750792191495776632571745919827968","55838750792191495795079315819629379583","55838750792201167183189488779317477376","55838750792201167201636232853027028991","55838750792206002886467947296016302080","55838750792206002904914691369725853695"]}}},"huambo":{"name":"Huambo","cities":{"huambo":{"name":"Huambo","latitude":"-12.776110","longitude":"15.739170","postcode":"-","gmtOffset":3600,"gmtOffsetName":"UTC+01:00","ip2locationv4":["692491008","692491263","1772650496","1772650751","1772656384","1772656639","1772662784","1772663039","1772888320","1772888575","1772900608","1772900863","1772906752","1772907007","1772916224","1772916479","1772925184","1772925439","1772937472","1772937727","1772944384","1772944639","1772975104","1772975359","2588001536","2588001791","2592076032","2592077823","2606303232","2606303487","3319271680","3319271935","3319272704","3319272959","3320967680","3320967935"],"ip2locationv6":["281471374234368","281471374234623","281472454393856","281472454394111","281472454399744","281472454399999","281472454406144","281472454406399","281472454631680","281472454631935","281472454643968","281472454644223","281472454650112","281472454650367","281472454659584","281472454659839","281472454668544","281472454668799","281472454680832","281472454681087","281472454687744","281472454687999","281472454718464","281472454718719","281473269744896","281473269745151","281473273819392","281473273821183","281473288046592","281473288046847","281474001015040","281474001015295","281474001016064","281474001016319","281474002711040","281474002711295"]},"caala":{"name":"Caala","latitude":"-12.852500","longitude":"15.560560","postcode":"-","gmtOffset":3600,"gmtOffsetName":"UTC+01:00","ip2locationv4":["692504064","692504319","1772883968","1772884223","1772886784","1772887039","2606339840","2606340095"],"ip2locationv6":["281471374247424","281471374247679","281472454627328","281472454627583","281472454630144","281472454630399","281473288083200","281473288083455"]},"longonjo":{"name":"Longonjo","latitude":"-12.906670","longitude":"15.253330","postcode":"-","gmtOffset":3600,"gmtOffsetName":"UTC+01:00","ip2locationv4":["692512000","692512255"],"ip2locationv6":["281471374255360","281471374255615"]},"viana":{"name":"Viana","latitude":"-12.300000","longitude":"15.350000","postcode":"-","gmtOffset":3600,"gmtOffsetName":"UTC+01:00","ip2locationv4":["1772892672","1772892927","1773004544","1773004799","2606353664","2606353919"],"ip2locationv6":["281472454636032","281472454636287","281472454747904","281472454748159","281473288097024","281473288097279"]}}},"malange":{"name":"Malange","cities":{"malanje":{"name":"Malanje","latitude":"-9.540150","longitude":"16.340960","postcode":"-","gmtOffset":3600,"gmtOffsetName":"UTC+01:00","ip2locationv4":["692493312","692493567","1772620544","1772620799","1772622080","1772622335","1772627968","1772628223","1772665600","1772665855","1772673024","1772673279","1772682752","1772683007","1772887296","1772887551","1772892928","1772893183","1772896512","1772896767","1772899328","1772899583","1772920320","1772920575","1772923904","1772924159","1772928768","1772929023","1772932864","1772933119","1772949504","1772949759","2587985664","2587985919","2587987968","2587988223","2587995904","2587996159","2588005120","2588005375","2588007168","2588007423","2606305280","2606305535","2606340864","2606341119","2606345216","2606345727","2606352128","2606352383","2606360320","2606360575","2606361600","2606361855","3319270912","3319271167","3320945408","3320945663"],"ip2locationv6":["281471374236672","281471374236927","281472454363904","281472454364159","281472454365440","281472454365695","281472454371328","281472454371583","281472454408960","281472454409215","281472454416384","281472454416639","281472454426112","281472454426367","281472454630656","281472454630911","281472454636288","281472454636543","281472454639872","281472454640127","281472454642688","281472454642943","281472454663680","281472454663935","281472454667264","281472454667519","281472454672128","281472454672383","281472454676224","281472454676479","281472454692864","281472454693119","281473269729024","281473269729279","281473269731328","281473269731583","281473269739264","281473269739519","281473269748480","281473269748735","281473269750528","281473269750783","281473288048640","281473288048895","281473288084224","281473288084479","281473288088576","281473288089087","281473288095488","281473288095743","281473288103680","281473288103935","281473288104960","281473288105215","281474001014272","281474001014527","281474002688768","281474002689023","55832794106663524612630714373822742708","55832794106663524612630714373822742708"]}}},"huila":{"name":"Huila","cities":{"lubango":{"name":"Lubango","latitude":"-14.917170","longitude":"13.492500","postcode":"-","gmtOffset":3600,"gmtOffsetName":"UTC+01:00","ip2locationv4":["692493824","692494079","692780544","692780799","1772621312","1772621567","1772623360","1772623615","1772624896","1772625151","1772626432","1772626687","1772629504","1772629759","1772630784","1772631039","1772631808","1772632063","1772634624","1772634879","1772635648","1772635903","1772638208","1772638463","1772640768","1772641023","1772649216","1772649471","1772652544","1772652799","1772659968","1772660223","1772666368","1772666623","1772669184","1772669439","1772671488","1772671743","1772675840","1772676095","1772676608","1772676863","1772679936","1772680191","1772880896","1772881407","1772882688","1772882943","1772884992","1772885247","1772887808","1772888063","1772894464","1772894719","1772914688","1772915199","1772916480","1772916735","1772922368","1772922623","1772929536","1772929791","1772930560","1772930815","1772934144","1772934399","1772935168","1772935423","1772935936","1772936191","1772938240","1772938495","1772938752","1772939007","1773001216","1773001471","1773020928","1773021183","2588002560","2588002815","2588007936","2588008191","2592072704","2592074751","2606307328","2606307583","2606338048","2606338303","2606349056","2606349311","2700218624","2700218879","3319271168","3319271423","3319279616","3319279871","3319280128","3319280383","3319367168","3319367423","3319367680","3319367935","3319368192","3319368447","3320954368","3320954623"],"ip2locationv6":["281471374237184","281471374237439","281471374523904","281471374524159","281472454364672","281472454364927","281472454366720","281472454366975","281472454368256","281472454368511","281472454369792","281472454370047","281472454372864","281472454373119","281472454374144","281472454374399","281472454375168","281472454375423","281472454377984","281472454378239","281472454379008","281472454379263","281472454381568","281472454381823","281472454384128","281472454384383","281472454392576","281472454392831","281472454395904","281472454396159","281472454403328","281472454403583","281472454409728","281472454409983","281472454412544","281472454412799","281472454414848","281472454415103","281472454419200","281472454419455","281472454419968","281472454420223","281472454423296","281472454423551","281472454624256","281472454624767","281472454626048","281472454626303","281472454628352","281472454628607","281472454631168","281472454631423","281472454637824","281472454638079","281472454658048","281472454658559","281472454659840","281472454660095","281472454665728","281472454665983","281472454672896","281472454673151","281472454673920","281472454674175","281472454677504","281472454677759","281472454678528","281472454678783","281472454679296","281472454679551","281472454681600","281472454681855","281472454682112","281472454682367","281472454744576","281472454744831","281472454764288","281472454764543","281473269745920","281473269746175","281473269751296","281473269751551","281473273816064","281473273818111","281473288050688","281473288050943","281473288081408","281473288081663","281473288092416","281473288092671","281473381961984","281473381962239","281474001014528","281474001014783","281474001022976","281474001023231","281474001023488","281474001023743","281474001110528","281474001110783","281474001111040","281474001111295","281474001111552","281474001111807","281474002697728","281474002697983"]},"kuvango":{"name":"Kuvango","latitude":"-14.466670","longitude":"16.300000","postcode":"-","gmtOffset":3600,"gmtOffsetName":"UTC+01:00","ip2locationv4":["702522368","702522623"],"ip2locationv6":["281471384265728","281471384265983"]},"sul":{"name":"Sul","latitude":"-13.800000","longitude":"15.066670","postcode":"-","gmtOffset":3600,"gmtOffsetName":"UTC+01:00","ip2locationv4":["1773020160","1773020415"],"ip2locationv6":["281472454763520","281472454763775","55838750792191495905759780261886689280","55838750792191495924206524335596240895","55838750792201167312316697295284338688","55838750792201167330763441368993890303","55838750792206003015595155811983163392","55838750792206003034041899885692715007"]},"caluquembe":{"name":"Caluquembe","latitude":"-13.783330","longitude":"14.683330","postcode":"-","gmtOffset":3600,"gmtOffsetName":"UTC+01:00","ip2locationv4":["2592054272","2592054783","3319282688","3319282943"],"ip2locationv6":["281473273797632","281473273798143","281474001026048","281474001026303"]}}},"bie":{"name":"Bie","cities":{"kuito":{"name":"Kuito","latitude":"-12.383330","longitude":"16.933330","postcode":"-","gmtOffset":3600,"gmtOffsetName":"UTC+01:00","ip2locationv4":["692499200","692499455","1725331456","1725331711","1772622592","1772622847","1772626176","1772626431","1772627456","1772627711","1772636416","1772636927","1772649472","1772649727","1772653312","1772653567","1772656896","1772657151","1772660480","1772660735","1772663040","1772663295","1772663808","1772664319","1772677632","1772677887","1772678400","1772678655","1772679680","1772679935","1772891648","1772891903","1772894208","1772894463","1772896768","1772897023","1772897280","1772897535","1772903168","1772903423","1772906240","1772906495","1772908544","1772908799","1772909056","1772909311","1772913664","1772913919","1772917504","1772918015","1772923392","1772923647","1772926464","1772926719","1772939520","1772939775","1772941568","1772941823","1772944896","1772945151","1773011968","1773012223","3319269120","3319269375"],"ip2locationv6":["281471374242560","281471374242815","281472407074816","281472407075071","281472454365952","281472454366207","281472454369536","281472454369791","281472454370816","281472454371071","281472454379776","281472454380287","281472454392832","281472454393087","281472454396672","281472454396927","281472454400256","281472454400511","281472454403840","281472454404095","281472454406400","281472454406655","281472454407168","281472454407679","281472454420992","281472454421247","281472454421760","281472454422015","281472454423040","281472454423295","281472454635008","281472454635263","281472454637568","281472454637823","281472454640128","281472454640383","281472454640640","281472454640895","281472454646528","281472454646783","281472454649600","281472454649855","281472454651904","281472454652159","281472454652416","281472454652671","281472454657024","281472454657279","281472454660864","281472454661375","281472454666752","281472454667007","281472454669824","281472454670079","281472454682880","281472454683135","281472454684928","281472454685183","281472454688256","281472454688511","281472454755328","281472454755583","281474001012480","281474001012735"]},"camacupa":{"name":"Camacupa","latitude":"-12.016670","longitude":"17.483330","postcode":"-","gmtOffset":3600,"gmtOffsetName":"UTC+01:00","ip2locationv4":["692780032","692780287","701316864","701317119","1725527296","1725527551","1772631296","1772631551","1773010944","1773011199","1773015296","1773015551","1773023232","1773023487","2172301312","2172301567","2592079616","2592079871","2851040512","2851040767","3290284544","3290284799","3319272448","3319272703","3319273984","3319274239","3319289344","3319289599","3319366912","3319367167","3319382016","3319382271"],"ip2locationv6":["281471374523392","281471374523647","281471383060224","281471383060479","281472407270656","281472407270911","281472454374656","281472454374911","281472454754304","281472454754559","281472454758656","281472454758911","281472454766592","281472454766847","281472854044672","281472854044927","281473273822976","281473273823231","281473532783872","281473532784127","281473972027904","281473972028159","281474001015808","281474001016063","281474001017344","281474001017599","281474001032704","281474001032959","281474001110272","281474001110527","281474001125376","281474001125631","55827831898323874075711636052732018688","55827831898323949633575361967055437823"]},"catabola":{"name":"Catabola","latitude":"-12.150000","longitude":"17.283330","postcode":"-","gmtOffset":3600,"gmtOffsetName":"UTC+01:00","ip2locationv4":["1772899584","1772899839","3319282944","3319283199"],"ip2locationv6":["281472454642944","281472454643199","281474001026304","281474001026559"]}}},"cuanza-sul":{"name":"Cuanza-Sul","cities":{"sumbe":{"name":"Sumbe","latitude":"-11.206050","longitude":"13.843710","postcode":"-","gmtOffset":3600,"gmtOffsetName":"UTC+01:00","ip2locationv4":["692507136","692507391","1772641280","1772641535","1772661760","1772662015","1772939776","1772940031","1773021440","1773021695","1773025024","1773025279","2587994880","2587995135","3319276288","3319276543"],"ip2locationv6":["281471374250496","281471374250751","281472454384640","281472454384895","281472454405120","281472454405375","281472454683136","281472454683391","281472454764800","281472454765055","281472454768384","281472454768639","281473269738240","281473269738495","281474001019648","281474001019903","55838750792191495924206524335596240896","55838750792191495942653268409305792511","55838750792201167330763441368993890304","55838750792201167349210185442703441919","55838750792206003034041899885692715008","55838750792206003052488643959402266623"]},"mundo":{"name":"Mundo","latitude":"-11.368280","longitude":"15.732380","postcode":"-","gmtOffset":3600,"gmtOffsetName":"UTC+01:00","ip2locationv4":["702475520","702475775","702476032","702476287","2851020800","2851021823"],"ip2locationv6":["281471384218880","281471384219135","281471384219392","281471384219647","281473532764160","281473532765183","55838750792191495850419548040758034432","55838750792191495868866292114467586047","55838750792201167256976465074155683840","55838750792201167275423209147865235455","55838750792206002960254923590854508544","55838750792206002978701667664564060159","58568997011020035565636666883720609792","58568997090248198079901004477264560127"]},"jorge":{"name":"Jorge","latitude":"-11.250120","longitude":"15.281550","postcode":"-","gmtOffset":3600,"gmtOffsetName":"UTC+01:00","ip2locationv4":["3288915456","3288915711","3288921344","3288921599"],"ip2locationv6":["281473970658816","281473970659071","281473970664704","281473970664959","55838750792191495795079315819629379584","55838750792191495813526059893338931199","55838750792201167201636232853027028992","55838750792201167220082976926736580607","55838750792206002904914691369725853696","55838750792206002923361435443435405311"]}}},"namibe":{"name":"Namibe","cities":{"namibe":{"name":"Namibe","latitude":"-15.197832","longitude":"12.157554","postcode":"-","gmtOffset":3600,"gmtOffsetName":"UTC+01:00","ip2locationv4":["692982016","692982271","1772650752","1772651007","1772668672","1772668927","1772674048","1772674303","1772907776","1772908031","1772913152","1772913407","1772945152","1772945407","1772987904","1772988159","1773018880","1773019135","1773022464","1773022719","2700220928","2700221183","3319284992","3319285247","3320940288","3320940543"],"ip2locationv6":["281471374725376","281471374725631","281472454394112","281472454394367","281472454412032","281472454412287","281472454417408","281472454417663","281472454651136","281472454651391","281472454656512","281472454656767","281472454688512","281472454688767","281472454731264","281472454731519","281472454762240","281472454762495","281472454765824","281472454766079","281473381964288","281473381964543","281474001028352","281474001028607","281474002683648","281474002683903"]}}},"cuanza-norte":{"name":"Cuanza-Norte","cities":{"camabatela":{"name":"Camabatela","latitude":"-8.188120","longitude":"15.374950","postcode":"-","gmtOffset":3600,"gmtOffsetName":"UTC+01:00","ip2locationv4":["701313792","701314047","3314819328","3314819583"],"ip2locationv6":["281471383057152","281471383057407","281473996562688","281473996562943"]},"n\u0027dalatando":{"name":"N\u0027dalatando","latitude":"-9.297820","longitude":"14.911620","postcode":"-","gmtOffset":3600,"gmtOffsetName":"UTC+01:00","ip2locationv4":["1772638976","1772639231","1772654848","1772655103","1772901888","1772902143","1772904960","1772905215","1772941312","1772941567","1772943104","1772943359","1772944128","1772944383","2606363648","2606363903","3319274240","3319274495","3319289088","3319289343","3320947712","3320947967"],"ip2locationv6":["281472454382336","281472454382591","281472454398208","281472454398463","281472454645248","281472454645503","281472454648320","281472454648575","281472454684672","281472454684927","281472454686464","281472454686719","281472454687488","281472454687743","281473288107008","281473288107263","281474001017600","281474001017855","281474001032448","281474001032703","281474002691072","281474002691327"]}}},"bengo":{"name":"Bengo","cities":{"paredes":{"name":"Paredes","latitude":"-8.606940","longitude":"14.667010","postcode":"-","gmtOffset":3600,"gmtOffsetName":"UTC+01:00","ip2locationv4":["1772624128","1772624383"],"ip2locationv6":["281472454367488","281472454367743"]},"caxito":{"name":"Caxito","latitude":"-8.578480","longitude":"13.664250","postcode":"-","gmtOffset":3600,"gmtOffsetName":"UTC+01:00","ip2locationv4":["1772888832","1772889087","2587993088","2587993343"],"ip2locationv6":["281472454632192","281472454632447","281473269736448","281473269736703"]}}},"zaire":{"name":"Zaire","cities":{"mbanzacongo":{"name":"Mbanza Congo","latitude":"-6.267030","longitude":"14.240100","postcode":"-","gmtOffset":3600,"gmtOffsetName":"UTC+01:00","ip2locationv4":["1772625408","1772625663","1772630528","1772630783","1772921344","1772921599"],"ip2locationv6":["281472454368768","281472454369023","281472454373888","281472454374143","281472454664704","281472454664959"]},"soio":{"name":"Soio","latitude":"-6.134900","longitude":"12.368940","postcode":"-","gmtOffset":3600,"gmtOffsetName":"UTC+01:00","ip2locationv4":["1772880128","1772880383","2587987200","2587987455","2588379648","2588380159","3314812672","3314812927","3319278336","3319278591"],"ip2locationv6":["281472454623488","281472454623743","281473269730560","281473269730815","281473270123008","281473270123519","281473996556032","281473996556287","281474001021696","281474001021951"]}}},"moxico":{"name":"Moxico","cities":{"luena":{"name":"Luena","latitude":"-11.783330","longitude":"19.916670","postcode":"-","gmtOffset":3600,"gmtOffsetName":"UTC+01:00","ip2locationv4":["1772626944","1772627455","1772661504","1772661759","1772923648","1772923903"],"ip2locationv6":["281472454370304","281472454370815","281472454404864","281472454405119","281472454667008","281472454667263"]},"luau":{"name":"Luau","latitude":"-10.707270","longitude":"22.224660","postcode":"-","gmtOffset":3600,"gmtOffsetName":"UTC+01:00","ip2locationv4":["2700222208","2700222463"],"ip2locationv6":["281473381965568","281473381965823"]}}},"cuandocubango":{"name":"Cuando Cubango","cities":{"menongue":{"name":"Menongue","latitude":"-14.658500","longitude":"17.690990","postcode":"-","gmtOffset":3600,"gmtOffsetName":"UTC+01:00","ip2locationv4":["1772632832","1772633087","1772658432","1772658687","1772667648","1772667903","1773015040","1773015295"],"ip2locationv6":["281472454376192","281472454376447","281472454401792","281472454402047","281472454411008","281472454411263","281472454758400","281472454758655"]}}},"uige":{"name":"Uige","cities":{"uige":{"name":"Uige","latitude":"-7.608740","longitude":"15.061310","postcode":"-","gmtOffset":3600,"gmtOffsetName":"UTC+01:00","ip2locationv4":["1772635136","1772635391","1772899840","1772900095","3319272960","3319273215","3319292416","3319292671"],"ip2locationv6":["281472454378496","281472454378751","281472454643200","281472454643455","281474001016320","281474001016575","281474001035776","281474001036031"]}}},"lunda-sul":{"name":"Lunda-Sul","cities":{"saurimo":{"name":"Saurimo","latitude":"-9.660780","longitude":"20.391550","postcode":"-","gmtOffset":3600,"gmtOffsetName":"UTC+01:00","ip2locationv4":["1772638464","1772638719"],"ip2locationv6":["281472454381824","281472454382079"]}}},"lunda-norte":{"name":"Lunda-Norte","cities":{"lucapa":{"name":"Lucapa","latitude":"-8.419150","longitude":"20.744660","postcode":"-","gmtOffset":3600,"gmtOffsetName":"UTC+01:00","ip2locationv4":["1772701952","1772702207","1772982016","1772982527"],"ip2locationv6":["281472454445312","281472454445567","281472454725376","281472454725887"]}}}}}