{"id":247,"name":"Zimbabwe","iso3":"ZWE","iso2":"ZW","numeric_code":"716","phone_code":"263","capital":"Harare","currency":"ZWL","currency_name":"Zimbabwe Dollar","currency_symbol":"$","tld":".zw","native":"Zimbabwe","region":"Africa","region_id":"1","subregion":"Eastern Africa","subregion_id":"4","nationality":"Zimbabwean","timezones":[{"zoneName":"Africa/Harare","gmtOffset":7200,"gmtOffsetName":"UTC+02:00","abbreviation":"CAT","tzName":"Central Africa Time"}],"translations":{"kr":"\uc9d0\ubc14\ube0c\uc6e8","pt-BR":"Zimbabwe","pt":"Zimbabu\u00e9","nl":"Zimbabwe","hr":"Zimbabve","fa":"\u0632\u06cc\u0645\u0628\u0627\u0648\u0647","de":"Simbabwe","es":"Zimbabue","fr":"Zimbabwe","ja":"\u30b8\u30f3\u30d0\u30d6\u30a8","it":"Zimbabwe","cn":"\u6d25\u5df4\u5e03\u97e6","tr":"Zimbabve"},"latitude":"-20.00000000","longitude":"30.00000000","emoji":"\ud83c\uddff\ud83c\uddfc","emojiU":"U+1F1FF U+1F1FC","states":{"bulawayoprovince":{"id":1956,"name":"Bulawayo Province","state_code":"BU","latitude":"-20.14895050","longitude":"28.53310380","type":null,"cities":{"bulawayo":{"id":131411,"name":"Bulawayo","latitude":"-20.15000000","longitude":"28.58333000"}}},"harareprovince":{"id":1958,"name":"Harare Province","state_code":"HA","latitude":"-17.82162880","longitude":"31.04922590","type":null,"cities":{"chitungwiza":{"id":131425,"name":"Chitungwiza","latitude":"-18.01274000","longitude":"31.07555000"},"epworth":{"id":131431,"name":"Epworth","latitude":"-17.89000000","longitude":"31.14750000"},"harare":{"id":131443,"name":"Harare","latitude":"-17.82772000","longitude":"31.05337000"}}},"manicaland":{"id":1959,"name":"Manicaland","state_code":"MA","latitude":"-18.92163860","longitude":"32.17460500","type":null,"cities":{"buheradistrict":{"id":131410,"name":"Buhera District","latitude":"-19.45658000","longitude":"31.93156000"},"chimanimani":{"id":131417,"name":"Chimanimani","latitude":"-19.800000","longitude":"32.866670","postcode":"-","gmtOffset":7200,"gmtOffsetName":"UTC+02:00","ip2locationv4":["2591619840","2591620095"],"ip2locationv6":["281473273363200","281473273363455"]},"chimanimanidistrict":{"id":131418,"name":"Chimanimani District","latitude":"-19.78295000","longitude":"32.73338000"},"chipinge":{"id":131420,"name":"Chipinge","latitude":"-20.18833000","longitude":"32.62365000"},"chipingedistrict":{"id":131421,"name":"Chipinge District","latitude":"-20.54959000","longitude":"32.43110000"},"dorowamininglease":{"id":131430,"name":"Dorowa Mining Lease","latitude":"-19.06667000","longitude":"31.75000000"},"headlands":{"id":131444,"name":"Headlands","latitude":"-18.27733000","longitude":"32.05150000"},"makonidistrict":{"id":131464,"name":"Makoni District","latitude":"-18.33550000","longitude":"32.14650000"},"mutare":{"id":131480,"name":"Mutare","latitude":"-18.970700","longitude":"32.670860","postcode":"-","gmtOffset":7200,"gmtOffsetName":"UTC+02:00","ip2locationv4":["693489664","693489919","702290176","702290431","702387200","702387455","702390016","702390271","3290128640","3290128895","3290135808","3290136063","3291180032","3291180543","3315330560","3315330815"],"ip2locationv6":["281471375233024","281471375233279","281471384033536","281471384033791","281471384130560","281471384130815","281471384133376","281471384133631","281473971872000","281473971872255","281473971879168","281473971879423","281473972923392","281473972923903","281473997073920","281473997074175","55838750782520091765366220520188542976","55838750782520091783812964593898094591","55838750782524927468644679036887367680","55838750782524927487091423110596919295","55838750782529763171923137553586192384","55838750782529763190369881627295743999","55838750782534598875201596070285017088","55838750782534598893648340143994568703"]},"mutaredistrict":{"id":131481,"name":"Mutare District","latitude":"-19.25512000","longitude":"32.44327000"},"mutasadistrict":{"id":131482,"name":"Mutasa District","latitude":"-18.66283000","longitude":"32.74547000"},"nyanga":{"id":131489,"name":"Nyanga","latitude":"-18.21667000","longitude":"32.75000000"},"nyangadistrict":{"id":131490,"name":"Nyanga District","latitude":"-17.92951000","longitude":"32.76561000"},"nyazura":{"id":131491,"name":"Nyazura","latitude":"-18.70587000","longitude":"32.16796000"},"odzi":{"id":131492,"name":"Odzi","latitude":"-18.96167000","longitude":"32.40557000"},"penhalonga":{"id":131493,"name":"Penhalonga","latitude":"-18.891120","longitude":"32.697810","postcode":"-","gmtOffset":7200,"gmtOffsetName":"UTC+02:00","ip2locationv4":["2591612928","2591613183"],"ip2locationv6":["281473273356288","281473273356543"]},"rusape":{"id":131497,"name":"Rusape","latitude":"-18.52785000","longitude":"32.12843000"}}},"mashonalandcentralprovince":{"id":1955,"name":"Mashonaland Central Province","state_code":"MC","latitude":"-16.76442950","longitude":"31.07937050","type":null,"cities":{"bindura":{"id":131405,"name":"Bindura","latitude":"-17.30192000","longitude":"31.33056000"},"binduradistrict":{"id":131406,"name":"Bindura District","latitude":"-17.21230000","longitude":"31.30300000"},"centenary":{"id":131412,"name":"Centenary","latitude":"-16.72289000","longitude":"31.11462000"},"centenarydistrict":{"id":131413,"name":"Centenary District","latitude":"-16.41667000","longitude":"31.16667000"},"concession":{"id":131428,"name":"Concession","latitude":"-17.38333000","longitude":"30.95000000"},"glendale":{"id":131434,"name":"Glendale","latitude":"-17.35514000","longitude":"31.06718000"},"guruvedistrict":{"id":131437,"name":"Guruve District","latitude":"-16.37206000","longitude":"30.60607000"},"mazowe":{"id":131472,"name":"Mazowe","latitude":"-17.50404000","longitude":"30.97388000"},"mazowedistrict":{"id":131473,"name":"Mazowe District","latitude":"-17.28080000","longitude":"30.93231000"},"mountdarwin":{"id":131476,"name":"Mount Darwin","latitude":"-16.77251000","longitude":"31.58381000"},"mvurwi":{"id":131485,"name":"Mvurwi","latitude":"-17.03333000","longitude":"30.85000000"},"rushingadistrict":{"id":131498,"name":"Rushinga District","latitude":"-16.60792000","longitude":"32.31434000"},"shamva":{"id":131500,"name":"Shamva","latitude":"-17.31159000","longitude":"31.57561000"},"shamvadistrict":{"id":131501,"name":"Shamva District","latitude":"-17.12366000","longitude":"31.64146000"}}},"mashonalandeastprovince":{"id":1951,"name":"Mashonaland East Province","state_code":"ME","latitude":"-18.58716420","longitude":"31.26263660","type":null,"cities":{"beatrice":{"id":131401,"name":"Beatrice","latitude":"-18.25283000","longitude":"30.84730000"},"chivhu":{"id":131426,"name":"Chivhu","latitude":"-19.02112000","longitude":"30.89218000"},"goromonzidistrict":{"id":131436,"name":"Goromonzi District","latitude":"-17.80695000","longitude":"31.36372000"},"macheke":{"id":131462,"name":"Macheke","latitude":"-18.13901000","longitude":"31.84933000"},"marondera":{"id":131466,"name":"Marondera","latitude":"-18.18527000","longitude":"31.55193000"},"maronderadistrict":{"id":131467,"name":"Marondera District","latitude":"-18.29214000","longitude":"31.51252000"},"mudzidistrict":{"id":131477,"name":"Mudzi District","latitude":"-17.04711000","longitude":"32.65279000"},"murehwa":{"id":131478,"name":"Murehwa","latitude":"-17.64322000","longitude":"31.78400000"},"murehwadistrict":{"id":131479,"name":"Murehwa District","latitude":"-17.80057000","longitude":"31.83083000"},"mutoko":{"id":131483,"name":"Mutoko","latitude":"-17.39699000","longitude":"32.22677000"},"ruwa":{"id":131499,"name":"Ruwa","latitude":"-17.88972000","longitude":"31.24472000"}}},"mashonalandwestprovince":{"id":1953,"name":"Mashonaland West Province","state_code":"MW","latitude":"-17.48510290","longitude":"29.78892480","type":null,"cities":{"banket":{"id":131400,"name":"Banket","latitude":"-17.38333000","longitude":"30.40000000"},"chakari":{"id":131414,"name":"Chakari","latitude":"-18.06294000","longitude":"29.89246000"},"chegutu":{"id":131415,"name":"Chegutu","latitude":"-18.13021000","longitude":"30.14074000"},"chegutudistrict":{"id":131416,"name":"Chegutu District","latitude":"-18.13097000","longitude":"30.40046000"},"chinhoyi":{"id":131419,"name":"Chinhoyi","latitude":"-17.36667000","longitude":"30.20000000"},"chirundu":{"id":131424,"name":"Chirundu","latitude":"-16.03333000","longitude":"28.85000000"},"hurungwedistrict":{"id":131445,"name":"Hurungwe District","latitude":"-16.41301000","longitude":"29.58580000"},"kadoma":{"id":131451,"name":"Kadoma","latitude":"-18.33328000","longitude":"29.91534000"},"kadomadistrict":{"id":131452,"name":"Kadoma District","latitude":"-18.34049000","longitude":"29.82831000"},"kariba":{"id":131454,"name":"Kariba","latitude":"-16.51667000","longitude":"28.80000000"},"karibadistrict":{"id":131455,"name":"Kariba District","latitude":"-16.91011000","longitude":"28.65983000"},"karoi":{"id":131456,"name":"Karoi","latitude":"-16.80993000","longitude":"29.69247000"},"makondedistrict":{"id":131463,"name":"Makonde District","latitude":"-17.16667000","longitude":"30.08333000"},"mhangura":{"id":131475,"name":"Mhangura","latitude":"-16.89387000","longitude":"30.16828000"},"norton":{"id":131488,"name":"Norton","latitude":"-17.88333000","longitude":"30.70000000"},"raffingora":{"id":131495,"name":"Raffingora","latitude":"-17.03333000","longitude":"30.43333000"}}},"masvingoprovince":{"id":1960,"name":"Masvingo Province","state_code":"MV","latitude":"-20.62415090","longitude":"31.26263660","type":null,"cities":{"bikitadistrict":{"id":131404,"name":"Bikita District","latitude":"-20.13752000","longitude":"31.93156000"},"chiredzi":{"id":131422,"name":"Chiredzi","latitude":"-21.05000000","longitude":"31.66667000"},"chiredzidistrict":{"id":131423,"name":"Chiredzi District","latitude":"-21.28585000","longitude":"31.77039000"},"chividistrict":{"id":131427,"name":"Chivi District","latitude":"-20.50000000","longitude":"30.58333000"},"gutudistrict":{"id":131438,"name":"Gutu District","latitude":"-19.60884000","longitude":"31.25059000"},"mashava":{"id":131468,"name":"Mashava","latitude":"-20.03665000","longitude":"30.48225000"},"masvingo":{"id":131469,"name":"Masvingo","latitude":"-20.06373000","longitude":"30.82766000"},"masvingodistrict":{"id":131470,"name":"Masvingo District","latitude":"-20.31481000","longitude":"30.90008000"},"mwenezidistrict":{"id":131486,"name":"Mwenezi District","latitude":"-21.35838000","longitude":"30.70668000"},"zvishavane":{"id":131507,"name":"Zvishavane","latitude":"-20.32674000","longitude":"30.06648000"}}},"matabelelandnorthprovince":{"id":1954,"name":"Matabeleland North Province","state_code":"MN","latitude":"-18.53315660","longitude":"27.54958460","type":null,"cities":{"binga":{"id":131407,"name":"Binga","latitude":"-17.62027000","longitude":"27.34139000"},"bingadistrict":{"id":131408,"name":"Binga District","latitude":"-17.80460000","longitude":"27.70088000"},"bubidistrict":{"id":131409,"name":"Bubi District","latitude":"-19.52508000","longitude":"28.67998000"},"dete":{"id":131429,"name":"Dete","latitude":"-18.61667000","longitude":"26.86667000"},"hwange":{"id":131446,"name":"Hwange","latitude":"-18.36446000","longitude":"26.49877000"},"hwangedistrict":{"id":131447,"name":"Hwange District","latitude":"-18.75000000","longitude":"26.50000000"},"inyati":{"id":131450,"name":"Inyati","latitude":"-19.67563000","longitude":"28.84687000"},"kamativimine":{"id":131453,"name":"Kamativi Mine","latitude":"-18.31563000","longitude":"27.05729000"},"lupane":{"id":131460,"name":"Lupane","latitude":"-18.93149000","longitude":"27.80696000"},"lupanedistrict":{"id":131461,"name":"Lupane District","latitude":"-18.83608000","longitude":"27.99098000"},"nkayidistrict":{"id":131487,"name":"Nkayi District","latitude":"-18.92472000","longitude":"28.71221000"},"victoriafalls":{"id":131506,"name":"Victoria Falls","latitude":"-17.93285000","longitude":"25.83066000"}}},"matabelelandsouthprovince":{"id":1952,"name":"Matabeleland South Province","state_code":"MS","latitude":"-21.05233700","longitude":"29.04599270","type":null,"cities":{"beitbridge":{"id":131402,"name":"Beitbridge","latitude":"-22.21667000","longitude":"30.00000000"},"beitbridgedistrict":{"id":131403,"name":"Beitbridge District","latitude":"-21.89829000","longitude":"30.07409000"},"esigodini":{"id":131432,"name":"Esigodini","latitude":"-20.28979000","longitude":"28.92261000"},"filabusi":{"id":131433,"name":"Filabusi","latitude":"-20.53333000","longitude":"29.28502000"},"gwanda":{"id":131439,"name":"Gwanda","latitude":"-20.93622000","longitude":"29.00698000"},"gwandadistrict":{"id":131440,"name":"Gwanda District","latitude":"-21.20929000","longitude":"29.17557000"},"insiza":{"id":131448,"name":"Insiza","latitude":"-19.78333000","longitude":"29.20000000"},"insizadistrict":{"id":131449,"name":"Insiza District","latitude":"-20.26431000","longitude":"29.47392000"},"mangwedistrict":{"id":131465,"name":"Mangwe District","latitude":"-20.95545000","longitude":"27.98292000"},"matobo":{"id":131471,"name":"Matobo","latitude":"-20.95545000","longitude":"28.49463000"},"plumtree":{"id":131494,"name":"Plumtree","latitude":"-20.48333000","longitude":"27.81667000"},"umzingwanedistrict":{"id":131505,"name":"Umzingwane District","latitude":"-20.34704000","longitude":"28.94994000"}}},"midlandsprovince":{"id":1957,"name":"Midlands Province","state_code":"MI","latitude":"-19.05520090","longitude":"29.60354950","type":null,"cities":{"gokwe":{"id":131435,"name":"Gokwe","latitude":"-18.20476000","longitude":"28.93490000"},"gweru":{"id":131441,"name":"Gweru","latitude":"-19.45000000","longitude":"29.81667000"},"gwerudistrict":{"id":131442,"name":"Gweru District","latitude":"-19.45665000","longitude":"29.64495000"},"kwekwe":{"id":131457,"name":"Kwekwe","latitude":"-18.92809000","longitude":"29.81486000"},"kwekwedistrict":{"id":131458,"name":"Kwekwe District","latitude":"-18.75000000","longitude":"29.50000000"},"lalapanzi":{"id":131459,"name":"Lalapanzi","latitude":"-19.33225000","longitude":"30.17768000"},"mberengwadistrict":{"id":131474,"name":"Mberengwa District","latitude":"-20.72579000","longitude":"30.00962000"},"mvuma":{"id":131484,"name":"Mvuma","latitude":"-19.27924000","longitude":"30.52828000"},"redcliff":{"id":131496,"name":"Redcliff","latitude":"-19.03333000","longitude":"29.78333000"},"shangani":{"id":131502,"name":"Shangani","latitude":"-19.78333000","longitude":"29.36667000"},"shurugwi":{"id":131503,"name":"Shurugwi","latitude":"-19.67016000","longitude":"30.00589000"},"shurugwidistrict":{"id":131504,"name":"Shurugwi District","latitude":"-19.75000000","longitude":"30.16667000"},"zvishavanedistrict":{"id":131508,"name":"Zvishavane District","latitude":"-20.30345000","longitude":"30.07514000"}}},"harare":{"name":"Harare","cities":{"harare":{"name":"Harare","latitude":"-17.829350","longitude":"31.053890","postcode":"-","gmtOffset":7200,"gmtOffsetName":"UTC+02:00","ip2locationv4":["691617792","691621887","691633408","691633663","691806208","691807743","691810304","691816703","691816960","691817215","691817472","691818239","691818496","691819263","691819776","691820543","691820800","691823615","691823872","691827199","691827456","691829247","691829504","691830783","691851008","691851263","692997120","692998143","693050368","693051391","693057792","693058303","693091328","693092351","693485568","693486335","693486592","693487103","693487360","693487615","693487872","693488639","693489920","693490943","693491200","693492223","693492480","693492735","693492992","693493759","699212800","699213823","699260928","699265023","699295744","699295999","699360256","699360511","700325888","700326655","700326912","700333567","700333824","700334079","700442624","700443135","700443392","700443903","700444160","700444671","702053376","702054399","702287872","702288383","702288640","702288895","702289152","702290175","702290432","702291455","702386176","702386431","702387456","702389759","772925440","772925951","772926208","772926975","961697792","961698303","1079384576","1079385087","1307979776","1307980287","1307980544","1307980799","1307981312","1307981823","1307983104","1307983359","1425971456","1425971711","1715495424","1715495935","1719684352","1719684607","1719684864","1719685119","1722118144","1722119167","1722894336","1722894847","1722895104","1722895359","1722925056","1722925567","1722925824","1722926591","1722926848","1722927103","1725067264","1725068287","1725226240","1725227007","1725228800","1725229055","1725245440","1725246463","1725278208","1725278463","1725509632","1725510655","1725565952","1725566975","2588495872","2588496895","2591510528","2591512575","2591513344","2591514623","2591608832","2591609087","2591613184","2591613695","2591613952","2591614463","2591614720","2591614975","2591615232","2591615487","2591615744","2591619839","2591620096","2591621119","2632717056","2632717311","2835161088","2835164159","2835165440","2835167231","2851018752","2851019775","2890160640","2890160895","3164864768","3164865023","3288616960","3288617215","3289070336","3289070591","3290128384","3290128639","3290128896","3290135551","3290136064","3290136575","3290243072","3290245119","3291176960","3291177471","3291177728","3291180031","3291180544","3291183103","3291184384","3291185151","3291203328","3291203583","3291262976","3291267071","3291557376","3291557631","3292277760","3292278015","3301507328","3301507583","3301511424","3301511679","3301511936","3301512447","3301512704","3301512959","3301540352","3301540863","3301544448","3301544959","3302547456","3302547967","3315326976","3315327487","3315327744","3315328255","3315328512","3315329279","3315329536","3315330559","3315330816","3315331071","3315452928","3315453951","3318988800","3318990079","3318990336","3318993151","3318993408","3319000575","3319000832","3319001087","3319001344","3319001599","3319001856","3319005183","3319652352","3319654143","3319654400","3319655423","3319655936","3319656191","3319656448","3319656959","3319657216","3319657471","3319657984","3319658239","3319658496","3319659263","3319659520","3319659775","3557174272","3557174527","3563066112","3563066367","3587286272","3587286527","3641668608","3641670655","3641671168","3641671423","3645562880","3645563135","3645564672","3645564927","3645565184","3645565439","3645565696","3645566975"],"ip2locationv6":["281471373361152","281471373365247","281471373376768","281471373377023","281471373549568","281471373551103","281471373553664","281471373560063","281471373560320","281471373560575","281471373560832","281471373561599","281471373561856","281471373562623","281471373563136","281471373563903","281471373564160","281471373566975","281471373567232","281471373570559","281471373570816","281471373572607","281471373572864","281471373574143","281471373594368","281471373594623","281471374740480","281471374741503","281471374793728","281471374794751","281471374801152","281471374801663","281471374834688","281471374835711","281471375228928","281471375229695","281471375229952","281471375230463","281471375230720","281471375230975","281471375231232","281471375231999","281471375233280","281471375234303","281471375234560","281471375235583","281471375235840","281471375236095","281471375236352","281471375237119","281471380956160","281471380957183","281471381004288","281471381008383","281471381039104","281471381039359","281471381103616","281471381103871","281471382069248","281471382070015","281471382070272","281471382076927","281471382077184","281471382077439","281471382185984","281471382186495","281471382186752","281471382187263","281471382187520","281471382188031","281471383796736","281471383797759","281471384031232","281471384031743","281471384032000","281471384032255","281471384032512","281471384033535","281471384033792","281471384034815","281471384129536","281471384129791","281471384130816","281471384133119","281471454668800","281471454669311","281471454669568","281471454670335","281471643441152","281471643441663","281471761127936","281471761128447","281471989723136","281471989723647","281471989723904","281471989724159","281471989724672","281471989725183","281471989726464","281471989726719","281472107714816","281472107715071","281472397238784","281472397239295","281472401427712","281472401427967","281472401428224","281472401428479","281472403861504","281472403862527","281472404637696","281472404638207","281472404638464","281472404638719","281472404668416","281472404668927","281472404669184","281472404669951","281472404670208","281472404670463","281472406810624","281472406811647","281472406969600","281472406970367","281472406972160","281472406972415","281472406988800","281472406989823","281472407021568","281472407021823","281472407252992","281472407254015","281472407309312","281472407310335","281473270239232","281473270240255","281473273253888","281473273255935","281473273256704","281473273257983","281473273352192","281473273352447","281473273356544","281473273357055","281473273357312","281473273357823","281473273358080","281473273358335","281473273358592","281473273358847","281473273359104","281473273363199","281473273363456","281473273364479","281473314460416","281473314460671","281473516904448","281473516907519","281473516908800","281473516910591","281473532762112","281473532763135","281473571904000","281473571904255","281473846608128","281473846608383","281473970360320","281473970360575","281473970813696","281473970813951","281473971871744","281473971871999","281473971872256","281473971878911","281473971879424","281473971879935","281473971986432","281473971988479","281473972920320","281473972920831","281473972921088","281473972923391","281473972923904","281473972926463","281473972927744","281473972928511","281473972946688","281473972946943","281473973006336","281473973010431","281473973300736","281473973300991","281473974021120","281473974021375","281473983250688","281473983250943","281473983254784","281473983255039","281473983255296","281473983255807","281473983256064","281473983256319","281473983283712","281473983284223","281473983287808","281473983288319","281473984290816","281473984291327","281473997070336","281473997070847","281473997071104","281473997071615","281473997071872","281473997072639","281473997072896","281473997073919","281473997074176","281473997074431","281473997196288","281473997197311","281474000732160","281474000733439","281474000733696","281474000736511","281474000736768","281474000743935","281474000744192","281474000744447","281474000744704","281474000744959","281474000745216","281474000748543","281474001395712","281474001397503","281474001397760","281474001398783","281474001399296","281474001399551","281474001399808","281474001400319","281474001400576","281474001400831","281474001401344","281474001401599","281474001401856","281474001402623","281474001402880","281474001403135","281474238917632","281474238917887","281474244809472","281474244809727","281474269029632","281474269029887","281474323411968","281474323414015","281474323414528","281474323414783","281474327306240","281474327306495","281474327308032","281474327308287","281474327308544","281474327308799","281474327309056","281474327310335","42540578165184259486580710460245409792","42540578165184259505027454533954961407","42540578165216830183168640540861267968","42540578165216830201615384614570819583","42540578165216864789260522819980099584","42540578165216864807707266893689651199","42540578165300235863672577192533950464","42540578165300235882119321266243502079","42540578165300287938831097274598162432","42540578165300287957277841348307714047","42540578174770978461854636982061236224","42540578174770978480301381055770787839","42540578174773432930280852553870606336","42540578174773432948727596627580157951","42540578174775807210710579710259101696","42540578174775807229157323783968653311","42540578174775876552021552784463626240","42540578174775876570468296858173177855","42540578174783061263690357475465232384","42540578174783061282137101549174783999","42540578174787966437406997582335442944","42540578174787966474300485729754546175","42540578174804806783666536285068066816","42540578174804806802113280358777618431","42540578174804807447749322938611924992","42540578174804807466196067012321476607","42540578174804812243902782103095345152","42540578174804812262349526176804896767","42540578207803645845186989795590537216","42540578207804854771006604424765243391","42540578230629374245330803243217846272","42540578230630583171150417872392552447","42541840745166286281321753407620382720","42541840824394448795586091001164333055","42541866098178290845909783341684490240","42541866177406453360174120935228440575","42541866732951388802602353363005734912","42541866732952597728421967992180441087","42541866735059755432010266643693305856","42541866735060964357829881272868012031","42541866736994036743393673323223187456","42541866736995245669213287952397893631","42541867271745448088450283946054254592","42541867271746657014269898575228960767","47856325178148793166876497775373058048","47856325178150002092696112404547764223","50512955744871759075430560202733125632","50512955744872968001250174831907831807","50543536620860772136650937568214384640","50543536620870443543207854601612034047","50676817341919164057081844282028982344","50676817341919164057081844282028982344","55832850517115225250319138942986747904","55832850517115225268765883016696299540","55832850517115225268765883016696299542","55832850517115225268765883016696299891","55832850517115225268765883016696299893","55832850517115225268765883016696299903","55832850517115225268765883016696299905","55832850517115225268765883016696299908","55832850517115225268765883016696299910","55832850517115225268765883016696299991","55832850517115225268765883016696299993","55832850517115225268765883016696300012","55832850517115225268765883016696300014","55832850517115225268765883016696300014","55832850517115225268765883016696300016","55832850517115225268765883016696300061","55832850517115225268765883016696300063","55832850517115225268765883016696300063","55832850517115225268765883016696300066","55832850517115225268765883016696300087","55832850517115225268765883016696300090","55832850517115225268765883016696300118","55832850517115225268765883016696300120","55832850517115225268765883016696300155","55832850517115225268765883016696300158","55832850517115527647794739263666388991","55832850517115527647794739263666388993","55832850517115905271092672171897520151","55832850517115905271092672171897520154","55832850517115905474006856982702587906","55832850517115905474006856982702587908","55832850517116434176138753572161454079","55832850517423501334320869382536822784","55832850517732986344142214451261603839","55836956600816240745201168422178652160","55836956605768000902342689521775149055","55838750782519399145466484947654017024","55838750782519399163913229021363568639","55838750782520091654685756077931233280","55838750782520091673132500151640784895","55838750782520608071286099576828723200","55838750782520608089732843650538274815","55838750782524234848744943464352841728","55838750782524234867191687538062393343","55838750782524927357964214594630057984","55838750782524927376410958668339609599","55838750782525443774564558093527547904","55838750782525443793011302167237099519","55838750782529070552023401981051666432","55838750782529070570470146054761218047","55838750782529763061242673111328882688","55838750782529763079689417185038434303","55838750782530279477843016610226372608","55838750782530279496289760683935924223","55838750782533906255301860497750491136","55838750782533906273748604571460042751","55838750782534598764521131628027707392","55838750782534598782967875701737259007","55838750782535115181121475126925197312","55838750782535115199568219200634748927","55849932188200807850450374197392703488","55849932188200807868897118271102255103","55849932188201098755604416597021687808","55849932188201103477970899466666901503","55849932188204434480335265495240409088","55849932188204434498782009568949960703","55849932188204683031764914657738883072","55849932188204687754131397527384096767","55849932188240700871417898842265223168","55849932188240700889864642915974774783","55849932188240861081390179009721008128","55849932188240865803756661879366221823","55849932208025376021832975200437665792","55849932208025451579696701114761084927","55849932208044718834946809267232964608","55849932208044794392810535181556383743","55849932208064061648060643334028263424","55849932208064137205924369248351682559","55849932208083404461174477400823562240","55849932208083480019038203315146981375","55849932208102747274288311467618861056","55849932208102822832152037381942280191","55849932208122090087402145534414159872","55849932208122165645265871448737579007","55849932208141432900515979601209458688","55849932208141508458379705515532877823","55849932208160775713629813668004757504","55849932208160851271493539582328176639","55878094353064778316732831935143870464","55878094353064778335179576008853422079","55878094353103463942960500068734468096","55878094353103463961407244142444019711","55878094353142149569188168202325065728","55878094353142149587634912276034617343","55878094353180835195415836335915663360","55878094353180835213862580409625214975","55878094458811937610063675105042497536","55878094458821609016620592138440146943","55878094538040100124328012698586447872","55878094538049771530884929731984097279","55878094553988249536684200771310321664","55878094553997920943241117804707971071","55878094558940009693825721870906818560","55878094558949681100382638904304467967","55878094696815581569234949987796779008","55878094696825252975791867021194428415","55878094776043744083499287581340729344","55878094776053415490056204614738378751","55881451340296191839315447026733285376","55881451340296191857762191100442836991","55908173128362966283490765988485398528","55908173128362966283490765988485464063","55912077411981307211322510654968954880","55912077411982516137142125284143661055","55931082499746214424237997008925753344","55931082499867107006199459926396370943","58565422236327391958724446180681449472","58565422315555554472988783774225399807","58566334944759556283893523806989320192","58566335023987718798157861400533270527","58568682637075514072779891457298268160","58568682637384999082601236526023049215","58568712423460284328136030873851002880","58568712502688446842400368467394953215","58568798623701099847735332649668968448","58568798702929262361999670243212918783","58568818272285403385291055848568651776","58568818351513565899555393442112602111","58568877851863614112072926193619304448","58568877931091776626337263787163254783","58568932994664724040051891300208738304","58568933073892886554316228893752688639","58568938699092425067084198035373162496","58568938778320587581348535628917112831","58568965319755029859901629466140475392","58568965320482803203309636229313593343","58568965320484012129129250858488299520","58568965320737886551248322985176596479","58568965320739095477067937614351302656","58568965324556883215410936548073406463","58568965324558092141230551177248112640","58568965325785151848139399789574881279","58568965325786360773959014418749587456","58568965328354119214820486785825505279","58568965328355328140640101415000211456","58568965329662176951643515552857587711","58568965329663385877463130182032293888","58568965330244879196697766815065964543","58568965330246088122517381444240670720","58568965331814064910557555483834580991","58568965331815273836377170113009287168","58568965334188395220280687182957510655","58568965334189604146100301812132216832","58568965335474692292350652624844881919","58568965335475901218170267254019588096","58568965335663284720210534776099045375","58568965335664493646030149405273751552","58568965335718895307912807718135529471","58568965335720104233732422347310235648","58568965337570969663562419613785391103","58568965337572178589382034242960097280","58568965338095643469275168675607871487","58568965338096852395094783304782577664","58568965338432933772947650215350894591","58568965338434142698767264844525600768","58568965338726702747114005104804495359","58568965338727911672933619733979201536","58568965345875081118495307414842114047","58568965345876290044314922044016820224","58568965348272381018791117068284461055","58568965348273589944610731697459167232","58568965359416259223998768800725991423","58568965359417468149818383429900697600","58568965359509346512109095247178366975","58568965359510555437928709876353073152","58568965359666506868658997039890169855","58568965359667715794478611669064876032","58568965361119635703835781307886993407","58568965361120844629655395937061699584","58568965361197006956291117575068188671","58568965361198215882110732204242894848","58568965361465388488245565251852959743","58568965361466597414065179881027665920","58568965361472642043163253026901196799","58568965361473850968982867656075902976","58568965363371864505777835460364599295","58568965363373073431597450089539305472","58568965363740586880760297358649982975","58568965363741795806579911987824689152","58568965365272295894212032523002707967","58568965365273504820031647152177414144","58568965368797523584208291196445917183","58568965368798732510027905825620623360","58568965369747739278425389727764971519","58568965369748948204245004356939677696","58568965370089865285376329784206819327","58568965370091074211195944413381525504","58568965370297800526350046002256281599","58568965370299009452169660631430987776","58568965370319561191103109327400992767","58568965370320770116922723956575698944","58568965371439026500066255943178911743","58568965371440235425885870572353617920","58568965371894791534060971142043140095","58568965371896000459880585771217846272","58568965372279229944698423219599704063","58568965372280438870518037848774410240","58568965372359019048792988745130311679","58568965372360227974612603374305017856","58568965372805112676230786910596890623","58568965372806321602050401539771596800","58568965372817201934426933202343952383","58568965372818410860246547831518658560","58568965373057778172530244408110481407","58568965373058987098349859037285187584","58568965374039425938057323297971896319","58568965374040634863876937927146602496","58568965374250987956489883403545477119","58568965374252196882309498032720183296","58568965375226591092918889147533361151","58568965375227800018738503776708067328","58568965375438153111351449253106941951","58568965375439362037171063882281648128","58568965375562672470771756058101678079","58568965375563881396591370687276384256","58568965375775443415023930792849965055","58568965375776652340843545422024671232","58568965375854023593298881689205866495","58568965375855232519118496318380572672","58568965378188459350974730625563492351","58568965378189668276794345254738198528","58568965379362326321820535554203189247","58568965379363535247640150183377895424","58568965380787649863146183351181770751","58568965380788858788965797980356476928","58568965381020972546331806781900062719","58568965381022181472151421411074768896","58568965381334084333611995738148962303","58568965381335293259431610367323668480","58568965381575869497534921573090197503","58568965381577078423354536202264903680","58568965383183740837622378375449411583","58568965383184949763441993004624117760","58568965384586094788375348218108575743","58568965384587303714194962847283281920","58568965384613900082226484689126817791","58568965384615109008046099318301523968","58568965385241332582606477230799323135","58568965385242541508426091859974029312","58568965385469819562513642144818790399","58568965385471028488333256773993496576","58568965385955807741998723073050673151","58568965385957016667818337702225379328","58568965388276945315658811088486531071","58568965388278154241478425717661237248","58568965390538845524157782274361786367","58568965390540054449977396903536492544","58568965391739308863035109044845019135","58568965391740517788854723674019725312","58568965391794919450737381986881503231","58568965391796128376556996616056209408","58568965392149134715884468335070412799","58568965392150343641704082964245118976","58568965393830750530968417517086703615","58568965393831959456788032146261409792","58568965393853720121541095471406120959","58568965393854929047360710100580827136","58568965394836576812887788990442242047","58568965394837785738707403619616948224","58568965395693705218994561075308920831","58568965395694914144814175704483627008","58568965395804926394399106959381889023","58568965395806135320218721588556595200","58568965396051547261600491311021948927","58568965396052756187420105940196655104","58568965396623369174278210910657970175","58568965396624578100097825539832676352","58568965397580838423412997217025261567","58568965397582047349232611846199967744","58568965398172003149204550883456581631","58568965398173212075024165512631287808","58568965398937253193020611151045591039","58568965398938462118840225780220297216","58568965398983192374165967059684425727","58568998912495935907980769128775417856","58568998991724098422245106722319368191","58569053421471745721845033487013249024","58569053421481417128401950520410898431","58569053421482626054221565149585604608","58569053500699908236109371080557199359"]},"chitungwiza":{"name":"Chitungwiza","latitude":"-18.012740","longitude":"31.075550","postcode":"-","gmtOffset":7200,"gmtOffsetName":"UTC+02:00","ip2locationv4":["691808000","691808255","693057536","693057791","693492736","693492991","700443904","700444159","1307980288","1307980543","1307980800","1307981055","3301511168","3301511423","3315329280","3315329535"],"ip2locationv6":["281471373551360","281471373551615","281471374800896","281471374801151","281471375236096","281471375236351","281471382187264","281471382187519","281471989723648","281471989723903","281471989724160","281471989724415","281473983254528","281473983254783","281473997072640","281473997072895","50543536620851100730094020534816735232","50543536620860772136650937568214384639","55878094353064815210220979354247102464","55878094353064815228667723427956654079","55878094353103500836448647487837700096","55878094353103500854895391561547251711","55878094353142186462676315621428297728","55878094353142186481123059695137849343","55878094353180872088903983755018895360","55878094353180872107350727828728446975","55878094458802266203506758071644848128","55878094458811937610063675105042497535","55878094538030428717771095665188798464","55878094538040100124328012698586447871","55878094696805910162678032954399129600","55878094696815581569234949987796779007","55878094776034072676942370547943079936","55878094776043744083499287581340729343"]}}},"mashonalandeast":{"name":"Mashonaland East","cities":{"mounthampden":{"name":"Mount Hampden","latitude":"-17.741670","longitude":"30.938890","postcode":"-","gmtOffset":7200,"gmtOffsetName":"UTC+02:00","ip2locationv4":["691807744","691807999","691816704","691816959","691818240","691818495","691819264","691819519","691820544","691820799","691827200","691827455","691829248","691829503","693058304","693058559","693490944","693491199","1307981056","1307981311","1725225984","1725226239","3319658240","3319658495","3319659776","3319660031"],"ip2locationv6":["281471373551104","281471373551359","281471373560064","281471373560319","281471373561600","281471373561855","281471373562624","281471373562879","281471373563904","281471373564159","281471373570560","281471373570815","281471373572608","281471373572863","281471374801664","281471374801919","281471375234304","281471375234559","281471989724416","281471989724671","281472406969344","281472406969599","281474001401600","281474001401855","281474001403136","281474001403391","55838750782520091746919476446478991360","55838750782520091765366220520188542975","55838750782524927450197934963177816064","55838750782524927468644679036887367679","55838750782529763153476393479876640768","55838750782529763171923137553586192383","55838750782534598856754851996575465472","55838750782534598875201596070285017087","58568965374250987956489883403545477120","58568965374252196882309498032720183295","58568965375854023593298881689205866496","58568965375855232519118496318380572671"]},"beatrice":{"name":"Beatrice","latitude":"-18.252830","longitude":"30.847300","postcode":"-","gmtOffset":7200,"gmtOffsetName":"UTC+02:00","ip2locationv4":["3319654144","3319654399"],"ip2locationv6":["281474001397504","281474001397759"]}}},"bulawayo":{"name":"Bulawayo","cities":{"bulawayo":{"name":"Bulawayo","latitude":"-20.150000","longitude":"28.583330","postcode":"-","gmtOffset":7200,"gmtOffsetName":"UTC+02:00","ip2locationv4":["691808256","691809279","691809536","691810047","691819520","691819775","691823616","691823871","700326656","700326911","702288384","702288639","702386432","702387199","2591513088","2591513343","2591614464","2591614719","2591614976","2591615231","2835167232","2835169279","3290135552","3290135807","3291043840","3291044095","3291177472","3291177727","3291184128","3291184383","3301512448","3301512703","3301512960","3301513215","3302776832","3302785023","3318993152","3318993407","3319000576","3319000831","3319001088","3319001343","3319001600","3319001855","3319655424","3319655679"],"ip2locationv6":["281471373551616","281471373552639","281471373552896","281471373553407","281471373562880","281471373563135","281471373566976","281471373567231","281471382070016","281471382070271","281471384031744","281471384031999","281471384129792","281471384130559","281473273256448","281473273256703","281473273357824","281473273358079","281473273358336","281473273358591","281473516910592","281473516912639","281473971878912","281473971879167","281473972787200","281473972787455","281473972920832","281473972921087","281473972927488","281473972927743","281473983255808","281473983256063","281473983256320","281473983256575","281473984520192","281473984528383","281474000736512","281474000736767","281474000743936","281474000744191","281474000744448","281474000744703","281474000744960","281474000745215","281474001398784","281474001399039","42541866737168122061418179924380876800","42541866737169330987237794553555582975","55832850517115225268765883016696299541","55832850517115225268765883016696299541","55832850517115527647794739263666388992","55832850517115527647794739263666388992","55838750782520091580898779783093026816","55838750782520091599345523856802578431","55838750782524927284177238299791851520","55838750782524927302623982373501403135","55838750782529762987455696816490676224","55838750782529763005902440890200227839","55838750782534598690734155333189500928","55838750782534598709180899406899052543","58568965320482803203309636229313593344","58568965320484012129129250858488299519","58568965320737886551248322985176596480","58568965320739095477067937614351302655","58568965324556883215410936548073406464","58568965324558092141230551177248112639","58568965325785151848139399789574881280","58568965325786360773959014418749587455","58568965328354119214820486785825505280","58568965328355328140640101415000211455","58568965329662176951643515552857587712","58568965329663385877463130182032293887","58568965330244879196697766815065964544","58568965330246088122517381444240670719","58568965331814064910557555483834580992","58568965331815273836377170113009287167","58568965334188395220280687182957510656","58568965334189604146100301812132216831","58568965335474692292350652624844881920","58568965335475901218170267254019588095","58568965335663284720210534776099045376","58568965335664493646030149405273751551","58568965335718895307912807718135529472","58568965335720104233732422347310235647","58568965337570969663562419613785391104","58568965337572178589382034242960097279","58568965338095643469275168675607871488","58568965338096852395094783304782577663","58568965338432933772947650215350894592","58568965338434142698767264844525600767","58568965338726702747114005104804495360","58568965338727911672933619733979201535","58568965345875081118495307414842114048","58568965345876290044314922044016820223","58568965348272381018791117068284461056","58568965348273589944610731697459167231","58568965359416259223998768800725991424","58568965359417468149818383429900697599","58568965359509346512109095247178366976","58568965359510555437928709876353073151","58568965359666506868658997039890169856","58568965359667715794478611669064876031","58568965361119635703835781307886993408","58568965361120844629655395937061699583","58568965361197006956291117575068188672","58568965361198215882110732204242894847","58568965361465388488245565251852959744","58568965361466597414065179881027665919","58568965361472642043163253026901196800","58568965361473850968982867656075902975","58568965363371864505777835460364599296","58568965363373073431597450089539305471","58568965363740586880760297358649982976","58568965363741795806579911987824689151","58568965365272295894212032523002707968","58568965365273504820031647152177414143","58568965368797523584208291196445917184","58568965368798732510027905825620623359","58568965369747739278425389727764971520","58568965369748948204245004356939677695","58568965370089865285376329784206819328","58568965370091074211195944413381525503","58568965370297800526350046002256281600","58568965370299009452169660631430987775","58568965370319561191103109327400992768","58568965370320770116922723956575698943","58568965371439026500066255943178911744","58568965371440235425885870572353617919","58568965371894791534060971142043140096","58568965371896000459880585771217846271","58568965372279229944698423219599704064","58568965372280438870518037848774410239","58568965372359019048792988745130311680","58568965372360227974612603374305017855","58568965372805112676230786910596890624","58568965372806321602050401539771596799","58568965372817201934426933202343952384","58568965372818410860246547831518658559","58568965373057778172530244408110481408","58568965373058987098349859037285187583","58568965374039425938057323297971896320","58568965374040634863876937927146602495","58568965375226591092918889147533361152","58568965375227800018738503776708067327","58568965375438153111351449253106941952","58568965375439362037171063882281648127","58568965375562672470771756058101678080","58568965375563881396591370687276384255","58568965375775443415023930792849965056","58568965375776652340843545422024671231","58568965378188459350974730625563492352","58568965378189668276794345254738198527","58568965379362326321820535554203189248","58568965379363535247640150183377895423","58568965380787649863146183351181770752","58568965380788858788965797980356476927","58568965381020972546331806781900062720","58568965381022181472151421411074768895","58568965381334084333611995738148962304","58568965381335293259431610367323668479","58568965381575869497534921573090197504","58568965381577078423354536202264903679","58568965383183740837622378375449411584","58568965383184949763441993004624117759","58568965384586094788375348218108575744","58568965384587303714194962847283281919","58568965384613900082226484689126817792","58568965384615109008046099318301523967","58568965385241332582606477230799323136","58568965385242541508426091859974029311","58568965385469819562513642144818790400","58568965385471028488333256773993496575","58568965385955807741998723073050673152","58568965385957016667818337702225379327","58568965388276945315658811088486531072","58568965388278154241478425717661237247","58568965390538845524157782274361786368","58568965390540054449977396903536492543","58568965391739308863035109044845019136","58568965391740517788854723674019725311","58568965391794919450737381986881503232","58568965391796128376556996616056209407","58568965392149134715884468335070412800","58568965392150343641704082964245118975","58568965393830750530968417517086703616","58568965393831959456788032146261409791","58568965393853720121541095471406120960","58568965393854929047360710100580827135","58568965394836576812887788990442242048","58568965394837785738707403619616948223","58568965395693705218994561075308920832","58568965395694914144814175704483627007","58568965395804926394399106959381889024","58568965395806135320218721588556595199","58568965396051547261600491311021948928","58568965396052756187420105940196655103","58568965396623369174278210910657970176","58568965396624578100097825539832676351","58568965397580838423412997217025261568","58568965397582047349232611846199967743","58568965398172003149204550883456581632","58568965398173212075024165512631287807","58568965398937253193020611151045591040","58568965398938462118840225780220297215"]}}},"midlands":{"name":"Midlands","cities":{"kwekwe":{"name":"Kwekwe","latitude":"-18.928100","longitude":"29.814860","postcode":"-","gmtOffset":7200,"gmtOffsetName":"UTC+02:00","ip2locationv4":["691809280","691809535","2591609088","2591609343","3319656192","3319656447"],"ip2locationv6":["281471373552640","281471373552895","281473273352448","281473273352703","281474001399552","281474001399807","55838750782520091710025988299059888128","55838750782520091728472732372769439743","55838750782524927413304446815758712832","55838750782524927431751190889468264447","55838750782529763116582905332457537536","55838750782529763135029649406167089151","55838750782534598819861363849156362240","55838750782534598838308107922865913855"]},"redcliff":{"name":"Redcliff","latitude":"-19.033330","longitude":"29.783330","postcode":"-","gmtOffset":7200,"gmtOffsetName":"UTC+02:00","ip2locationv4":["693486336","693486591","693487104","693487359","693487616","693487871","693492224","693492479","700443136","700443391","702389760","702390015","772926976","772927231","1722925568","1722925823","2591512576","2591512831"],"ip2locationv6":["281471375229696","281471375229951","281471375230464","281471375230719","281471375230976","281471375231231","281471375235584","281471375235839","281471382186496","281471382186751","281471384133120","281471384133375","281471454670336","281471454670591","281472404668928","281472404669183","281473273255936","281473273256191","55857122386642042670975514243950968832","55857122386719413923430850511132164095"]},"lalapanzi":{"name":"Lalapanzi","latitude":"-19.332250","longitude":"30.177680","postcode":"-","gmtOffset":7200,"gmtOffsetName":"UTC+02:00","ip2locationv4":["702291712","702291967"],"ip2locationv6":["281471384035072","281471384035327"]},"gweru":{"name":"Gweru","latitude":"-19.450000","longitude":"29.816670","postcode":"-","gmtOffset":7200,"gmtOffsetName":"UTC+02:00","ip2locationv4":["3301511680","3301511935"],"ip2locationv6":["281473983255040","281473983255295","55838750782520091636239012004221681664","55838750782520091654685756077931233279","55838750782524927339517470520920506368","55838750782524927357964214594630057983","55838750782529763042795929037619331072","55838750782529763061242673111328882687","55838750782534598746074387554318155776","55838750782534598764521131628027707391"]}}},"matabelelandsouth":{"name":"Matabeleland South","cities":{"beitbridge":{"name":"Beitbridge","latitude":"-22.216670","longitude":"30.000000","postcode":"-","gmtOffset":7200,"gmtOffsetName":"UTC+02:00","ip2locationv4":["691810048","691810303"],"ip2locationv6":["281471373553408","281471373553663","55838750782520091562452035709383475200","55838750782520091580898779783093026815","55838750782524927265730494226082299904","55838750782524927284177238299791851519","55838750782529762969008952742781124608","55838750782529762987455696816490676223","55838750782534598672287411259479949312","55838750782534598690734155333189500927"]},"gwanda":{"name":"Gwanda","latitude":"-20.933330","longitude":"29.000000","postcode":"-","gmtOffset":7200,"gmtOffsetName":"UTC+02:00","ip2locationv4":["691852800","691853055","3319657728","3319657983"],"ip2locationv6":["281471373596160","281471373596415","281474001401088","281474001401343","55838750782520091617792267930512130048","55838750782520091636239012004221681663","55838750782524927321070726447210954752","55838750782524927339517470520920506367","55838750782529763024349184963909779456","55838750782529763042795929037619331071","55838750782534598727627643480608604160","55838750782534598746074387554318155775"]},"plumtree":{"name":"Plumtree","latitude":"-20.483330","longitude":"27.816670","postcode":"-","gmtOffset":7200,"gmtOffsetName":"UTC+02:00","ip2locationv4":["3315328256","3315328511"],"ip2locationv6":["281473997071616","281473997071871"]}}},"matabelelandnorth":{"name":"Matabeleland North","cities":{"victoriafalls":{"name":"Victoria Falls","latitude":"-17.923530","longitude":"25.842990","postcode":"-","gmtOffset":7200,"gmtOffsetName":"UTC+02:00","ip2locationv4":["691817216","691817471","700333568","700333823","2591613696","2591613951"],"ip2locationv6":["281471373560576","281471373560831","281471382076928","281471382077183","281473273357056","281473273357311"]},"hwange":{"name":"Hwange","latitude":"-18.369270","longitude":"26.501940","postcode":"-","gmtOffset":7200,"gmtOffsetName":"UTC+02:00","ip2locationv4":["3319659264","3319659519"],"ip2locationv6":["281474001402624","281474001402879","55827831898296144339724225496037195776","55827831898296219897587951410360614911"]}}},"mashonalandcentral":{"name":"Mashonaland Central","cities":{"bindura":{"name":"Bindura","latitude":"-17.301920","longitude":"31.330560","postcode":"-","gmtOffset":7200,"gmtOffsetName":"UTC+02:00","ip2locationv4":["702288896","702289151","2591615488","2591615743"],"ip2locationv6":["281471384032256","281471384032511","281473273358848","281473273359103"]},"shamva":{"name":"Shamva","latitude":"-17.311590","longitude":"31.575610","postcode":"-","gmtOffset":7200,"gmtOffsetName":"UTC+02:00","ip2locationv4":["3319655680","3319655935"],"ip2locationv6":["281474001399040","281474001399295"]}}},"mashonalandwest":{"name":"Mashonaland West","cities":{"karoi":{"name":"Karoi","latitude":"-16.809930","longitude":"29.692470","postcode":"-","gmtOffset":7200,"gmtOffsetName":"UTC+02:00","ip2locationv4":["702291456","702291711"],"ip2locationv6":["281471384034816","281471384035071"]},"chinhoyi":{"name":"Chinhoyi","latitude":"-17.366670","longitude":"30.200000","postcode":"-","gmtOffset":7200,"gmtOffsetName":"UTC+02:00","ip2locationv4":["1719684096","1719684351","1722926592","1722926847","3315327488","3315327743"],"ip2locationv6":["281472401427456","281472401427711","281472404669952","281472404670207","281473997070848","281473997071103"]},"kadoma":{"name":"Kadoma","latitude":"-18.333280","longitude":"29.915340","postcode":"-","gmtOffset":7200,"gmtOffsetName":"UTC+02:00","ip2locationv4":["3319656960","3319657215"],"ip2locationv6":["281474001400320","281474001400575","55838750782520091673132500151640784896","55838750782520091691579244225350336511","55838750782524927376410958668339609600","55838750782524927394857702742049161215","55838750782529763079689417185038434304","55838750782529763098136161258747985919","55838750782534598782967875701737259008","55838750782534598801414619775446810623","58569053421481417128401950520410898432","58569053421482626054221565149585604607"]},"chegutu":{"name":"Chegutu","latitude":"-18.130210","longitude":"30.140740","postcode":"-","gmtOffset":7200,"gmtOffsetName":"UTC+02:00","ip2locationv6":["55838750782520091599345523856802578432","55838750782520091617792267930512130047","55838750782524927302623982373501403136","55838750782524927321070726447210954751","55838750782529763005902440890200227840","55838750782529763024349184963909779455","55838750782534598709180899406899052544","55838750782534598727627643480608604159"]},"kariba":{"name":"Kariba","latitude":"-16.516670","longitude":"28.800000","postcode":"-","gmtOffset":7200,"gmtOffsetName":"UTC+02:00","ip2locationv6":["55838750782520091691579244225350336512","55838750782520091710025988299059888127","55838750782524927394857702742049161216","55838750782524927413304446815758712831","55838750782529763098136161258747985920","55838750782529763116582905332457537535","55838750782534598801414619775446810624","55838750782534598819861363849156362239"]}}},"masvingo":{"name":"Masvingo","cities":{"masvingo":{"name":"Masvingo","latitude":"-20.063730","longitude":"30.827660","postcode":"-","gmtOffset":7200,"gmtOffsetName":"UTC+02:00","ip2locationv4":["772925952","772926207","1719684608","1719684863","2591512832","2591513087","3318990080","3318990335","3319657472","3319657727"],"ip2locationv6":["281471454669312","281471454669567","281472401427968","281472401428223","281473273256192","281473273256447","281474000733440","281474000733695","281474001400832","281474001401087","55838750782520091728472732372769439744","55838750782520091746919476446478991359","55838750782524927431751190889468264448","55838750782524927450197934963177816063","55838750782529763135029649406167089152","55838750782529763153476393479876640767","55838750782534598838308107922865913856","55838750782534598856754851996575465471"]},"chiredzi":{"name":"Chiredzi","latitude":"-21.050000","longitude":"31.666670","postcode":"-","gmtOffset":7200,"gmtOffsetName":"UTC+02:00","ip2locationv4":["1722894848","1722895103","3319660032","3319660543"],"ip2locationv6":["281472404638208","281472404638463","281474001403392","281474001403903"]}}}}}