{"id":124,"name":"Libya","iso3":"LBY","iso2":"LY","numeric_code":"434","phone_code":"218","capital":"Tripolis","currency":"LYD","currency_name":"Libyan dinar","currency_symbol":"\u062f.\u0644","tld":".ly","native":"\u200f\u0644\u064a\u0628\u064a\u0627","region":"Africa","region_id":"1","subregion":"Northern Africa","subregion_id":"1","nationality":"Libyan","timezones":[{"zoneName":"Africa/Tripoli","gmtOffset":7200,"gmtOffsetName":"UTC+02:00","abbreviation":"EET","tzName":"Eastern European Time"}],"translations":{"kr":"\ub9ac\ube44\uc544","pt-BR":"L\u00edbia","pt":"L\u00edbia","nl":"Libi\u00eb","hr":"Libija","fa":"\u0644\u06cc\u0628\u06cc","de":"Libyen","es":"Libia","fr":"Libye","ja":"\u30ea\u30d3\u30a2","it":"Libia","cn":"\u5229\u6bd4\u4e9a","tr":"Libya"},"latitude":"25.00000000","longitude":"17.00000000","emoji":"\ud83c\uddf1\ud83c\uddfe","emojiU":"U+1F1F1 U+1F1FE","states":{"alwahatdistrict":{"id":2964,"name":"Al Wahat District","state_code":"WA","latitude":"29.04668080","longitude":"21.85685860","type":null,"cities":{"ajdabiya":{"id":66993,"name":"Ajdabiya","latitude":"30.75545000","longitude":"20.22625000"},"alburayqah":{"id":66997,"name":"Al Burayqah","latitude":"30.40624000","longitude":"19.57386000"},"awjilah":{"id":67006,"name":"Awjilah","latitude":"29.10806000","longitude":"21.28694000"},"azzuwayt\u012bnah":{"id":67007,"name":"Az Zuwayt\u012bnah","latitude":"30.95220000","longitude":"20.12022000"},"gialo":{"id":67017,"name":"Gialo","latitude":"29.03333000","longitude":"21.55000000"},"mar\u0101dah":{"id":67020,"name":"Mar\u0101dah","latitude":"29.22054000","longitude":"19.20454000"}}},"benghazi":{"id":2981,"name":"Benghazi","state_code":"BA","latitude":"32.11942420","longitude":"20.08679090","type":null,"cities":{"benghazi":{"id":67010,"name":"Benghazi","latitude":"32.11486000","longitude":"20.06859000"},"qaryatsul\u016bq":{"id":67026,"name":"Qaryat Sul\u016bq","latitude":"31.66818000","longitude":"20.25205000"}}},"dernadistrict":{"id":2966,"name":"Derna District","state_code":"DR","latitude":"32.75561300","longitude":"22.63774320","type":null,"cities":{"alqubbah":{"id":67003,"name":"Al Qubbah","latitude":"32.75684000","longitude":"22.24106000"},"darnah":{"id":67012,"name":"Darnah","latitude":"32.76704000","longitude":"22.63669000"}}},"ghatdistrict":{"id":2969,"name":"Ghat District","state_code":"GT","latitude":"24.96403710","longitude":"10.17592850","type":null,"cities":{"ghat":{"id":67015,"name":"Ghat","latitude":"24.96334000","longitude":"10.18003000"}}},"jabalalakhdar":{"id":2980,"name":"Jabal al Akhdar","state_code":"JA","latitude":"23.18560810","longitude":"57.37138790","type":null,"cities":{"albay\u1e11\u0101\u2019":{"id":66996,"name":"Al Bay\u1e11\u0101\u2019","latitude":"32.76272000","longitude":"21.75506000"}}},"jabalalgharbidistrict":{"id":2974,"name":"Jabal al Gharbi District","state_code":"JG","latitude":"30.26380320","longitude":"12.80547530","type":null,"cities":{"gharyan":{"id":67014,"name":"Gharyan","latitude":"32.17222000","longitude":"13.02028000"},"giado":{"id":67016,"name":"Giado","latitude":"31.95506000","longitude":"12.02901000"},"mizdah":{"id":67022,"name":"Mizdah","latitude":"31.44934000","longitude":"12.98530000"},"yafran":{"id":67036,"name":"Yafran","latitude":"32.06329000","longitude":"12.52859000"},"zintan":{"id":67039,"name":"Zintan","latitude":"31.93155000","longitude":"12.25291000"}}},"jafara":{"id":2979,"name":"Jafara","state_code":"JI","latitude":"32.45259040","longitude":"12.94355360","type":null,"cities":{"al\u2018az\u012bz\u012byah":{"id":67004,"name":"Al \u2018Az\u012bz\u012byah","latitude":"32.53194000","longitude":"13.01750000"}}},"jufra":{"id":2970,"name":"Jufra","state_code":"JU","latitude":"27.98351350","longitude":"16.91225100","type":null,"cities":{"h\u016bn":{"id":67018,"name":"H\u016bn","latitude":"29.12684000","longitude":"15.94772000"},"wadd\u0101n":{"id":67035,"name":"Wadd\u0101n","latitude":"29.16140000","longitude":"16.13904000"}}},"kufradistrict":{"id":2972,"name":"Kufra District","state_code":"KF","latitude":"23.31123890","longitude":"21.85685860","type":null,"cities":{"aljawf":{"id":66999,"name":"Al Jawf","latitude":"24.19890000","longitude":"23.29093000"},"att\u0101j":{"id":67005,"name":"At T\u0101j","latitude":"24.20487000","longitude":"23.28570000"}}},"marjdistrict":{"id":2968,"name":"Marj District","state_code":"MJ","latitude":"32.05503630","longitude":"21.18911510","type":null,"cities":{"alaby\u0101r":{"id":66994,"name":"Al Aby\u0101r","latitude":"32.19000000","longitude":"20.59653000"},"almarj":{"id":67001,"name":"Al Marj","latitude":"32.49257000","longitude":"20.82909000"},"t\u016bkrah":{"id":67033,"name":"T\u016bkrah","latitude":"32.53414000","longitude":"20.57911000"}}},"misratadistrict":{"id":2978,"name":"Misrata District","state_code":"MI","latitude":"32.32558840","longitude":"15.09925560","type":null,"cities":{"baniwalid":{"id":67009,"name":"Bani Walid","latitude":"31.74554000","longitude":"13.98354000"},"mi\u015fr\u0101tah":{"id":67023,"name":"Mi\u015fr\u0101tah","latitude":"32.37535000","longitude":"15.09254000"},"zliten":{"id":67040,"name":"Zliten","latitude":"32.46739000","longitude":"14.56874000"}}},"murqub":{"id":2961,"name":"Murqub","state_code":"MB","latitude":"32.45996770","longitude":"14.10013260","type":null,"cities":{"alkhums":{"id":67000,"name":"Al Khums","latitude":"32.64861000","longitude":"14.26191000"},"masall\u0101tah":{"id":67021,"name":"Masall\u0101tah","latitude":"32.61667000","longitude":"14.00000000"},"tarhuna":{"id":67031,"name":"Tarhuna","latitude":"32.43501000","longitude":"13.63320000"}}},"murzuqdistrict":{"id":2967,"name":"Murzuq District","state_code":"MQ","latitude":"25.91822620","longitude":"13.92600010","type":null,"cities":{"alqa\u0163r\u016bn":{"id":67002,"name":"Al Qa\u0163r\u016bn","latitude":"24.95139000","longitude":"14.64861000"},"murzuq":{"id":67024,"name":"Murzuq","latitude":"25.91552000","longitude":"13.91839000"}}},"nalutdistrict":{"id":2976,"name":"Nalut District","state_code":"NL","latitude":"31.87423480","longitude":"10.97504840","type":null,"cities":{"ghad\u0101mis":{"id":67013,"name":"Ghad\u0101mis","latitude":"30.13366000","longitude":"9.50072000"},"n\u0101l\u016bt":{"id":67025,"name":"N\u0101l\u016bt","latitude":"31.86848000","longitude":"10.98120000"}}},"nuqatalkhams":{"id":2962,"name":"Nuqat al Khams","state_code":"NQ","latitude":"32.69149090","longitude":"11.88917210","type":null,"cities":{"alajaylat":{"id":66995,"name":"Al Ajaylat","latitude":"32.75718000","longitude":"12.37633000"},"zal\u0163an":{"id":67037,"name":"Zal\u0163an","latitude":"32.94699000","longitude":"11.86668000"},"zuw\u0101rah":{"id":67041,"name":"Zuw\u0101rah","latitude":"32.93120000","longitude":"12.08199000"}}},"sabhadistrict":{"id":2965,"name":"Sabha District","state_code":"SB","latitude":"27.03654060","longitude":"14.42902360","type":null,"cities":{"aljad\u012bd":{"id":66998,"name":"Al Jad\u012bd","latitude":"27.05000000","longitude":"14.40000000"},"sabh\u0101":{"id":67028,"name":"Sabh\u0101","latitude":"27.03766000","longitude":"14.42832000"}}},"sirtedistrict":{"id":2977,"name":"Sirte District","state_code":"SR","latitude":"31.18968900","longitude":"16.57019270","type":null,"cities":{"qasrabuhadi":{"id":67027,"name":"Qasr Abu Hadi","latitude":"31.05926000","longitude":"16.65905000"},"sirte":{"id":67029,"name":"Sirte","latitude":"31.20892000","longitude":"16.58866000"}}},"tripolidistrict":{"id":2971,"name":"Tripoli District","state_code":"TB","latitude":"32.64080210","longitude":"13.26634790","type":null,"cities":{"tagiura":{"id":67030,"name":"Tagiura","latitude":"32.88167000","longitude":"13.35056000"},"tripoli":{"id":67032,"name":"Tripoli","latitude":"32.88743000","longitude":"13.18733000"}}},"wadialhayaadistrict":{"id":2973,"name":"Wadi al Hayaa District","state_code":"WD","latitude":"26.42259260","longitude":"12.62162110","type":null,"cities":{"ubari":{"id":67034,"name":"Ubari","latitude":"26.59034000","longitude":"12.77511000"}}},"wadialshatiidistrict":{"id":2975,"name":"Wadi al Shatii District","state_code":"WS","latitude":"27.73514680","longitude":"12.43805810","type":null,"cities":{"brak":{"id":67011,"name":"Brak","latitude":"27.54956000","longitude":"14.27139000"},"idr\u012b":{"id":67019,"name":"Idr\u012b","latitude":"27.44707000","longitude":"13.05173000"}}},"zawiyadistrict":{"id":2963,"name":"Zawiya District","state_code":"ZA","latitude":"32.76302820","longitude":"12.73649620","type":null,"cities":{"azz\u0101w\u012byah":{"id":67008,"name":"Az Z\u0101w\u012byah","latitude":"32.75710000","longitude":"12.72764000"},"\u015eabr\u0101tah":{"id":67042,"name":"\u015eabr\u0101tah","latitude":"32.79335000","longitude":"12.48845000"},"\u015eurm\u0101n":{"id":67043,"name":"\u015eurm\u0101n","latitude":"32.75668000","longitude":"12.57159000"},"zawiya":{"id":67038,"name":"Zawiya","latitude":"32.75222000","longitude":"12.72778000"}}},"tarabulus":{"name":"Tarabulus","cities":{"tripoli":{"name":"Tripoli","latitude":"32.875405","longitude":"13.187453","postcode":"LV-3477","gmtOffset":7200,"gmtOffsetName":"UTC+02:00","ip2locationv4":["88014848","88016895","654057472","654065663","692731904","692735999","700582400","700582655","701513728","701523711","701524224","701526527","701526784","701530111","703729920","703730175","703730688","703731199","703731712","703731967","704380928","704397567","704397824","704399359","704399872","704400895","704401152","704404991","704405248","704409599","704411648","704414975","704415744","704415999","704416256","704417791","704418560","704419071","704419584","704422143","704422400","704422911","704423168","704424447","704424704","704427263","704427520","704430079","704430336","704430591","704438016","704438527","704438784","704439551","704439808","704440831","704441088","704441599","704441856","704442111","704442624","704445439","704445696","704462847","704479232","704494335","704494848","704503807","704505344","704505599","704506368","704506623","704506880","704507135","704507648","704507903","704509696","704509951","704512256","704512511","704512768","704513023","704514560","704522495","704524800","704525311","704525824","704526335","704526592","704527103","704527872","704528895","704529152","704529663","704529920","704530175","704530944","704537599","704537856","704643071","732925696","732925951","961793024","961793279","1044652032","1044660223","1055924480","1055926271","1055927040","1055929599","1055930368","1055931135","1055931392","1055931903","1055932160","1055932415","1297832192","1297832447","1357317888","1357318143","1364581376","1364582399","1389213184","1389213439","1389214720","1389215743","1607609856","1607610111","1607634176","1607634431","1607635712","1607635967","1713766400","1713767935","1713768448","1713768959","1713769472","1713770239","1713770496","1713771007","1713771264","1713771775","1713772032","1713772543","1713772800","1713773823","1715765248","1715767295","1715799296","1715799551","1715800064","1715800575","1715800832","1715801855","1715806720","1715812351","1715812608","1715812863","1715813632","1715815423","1715815680","1715816447","1715817728","1715818239","1715818496","1715819519","1715820032","1715822591","1715822848","1715823359","1715823616","1715824639","1715825152","1715830783","1722048512","1722049279","1722050048","1722050303","1724981248","1724982271","1724989440","1724990463","1725001728","1725002751","1725017088","1725018111","1725037568","1725038591","1725142016","1725143039","1725148160","1725149183","1725204480","1725204735","1725204992","1725205247","1725247232","1725247487","1725281280","1725282303","1725283328","1725284351","1725294080","1725294591","1725327616","1725328383","1725343488","1725343743","1725606912","1725607935","1725613312","1725613823","1725686528","1725686783","1725729792","1725730559","1725761536","1725762303","1725773824","1725774335","1725774592","1725774847","1725931264","1725931519","2588482560","2588483071","2588483328","2588483583","2588488704","2588489727","2588503040","2588504063","2588508160","2588509695","2588509952","2588510207","2592030720","2592031231","2592031488","2592032255","2592032512","2592033023","2592033792","2592034303","2619744256","2619744511","2619745536","2619746303","2619747328","2619748607","2619749376","2619749887","2619750400","2619750655","2619750912","2619752191","2685624320","2685626367","2769291264","2769293567","2769295872","2769296127","2769297408","2769297663","2769298432","2769299199","2769301248","2769301503","2769303552","2769304063","2769304832","2769305599","2769305856","2769308159","2769308672","2769310975","2769311232","2769311743","2769312000","2769312767","2769313024","2769313791","2769314048","2769319935","2769320192","2769320959","2769321216","2769321727","2851036160","2851037183","2851042304","2851043327","3104004096","3104004607","3104097024","3104097279","3104501760","3104502015","3104502272","3104502527","3164885504","3164886015","3292289536","3292289791","3292294656","3292294911","3319234560","3319237631","3319237888","3319241215","3319241472","3319242751","3510269952","3510270719","3624295936","3624296191","3624300032","3624300287"],"ip2locationv6":["281470769758208","281470769760255","281471335800832","281471335809023","281471374475264","281471374479359","281471382325760","281471382326015","281471383257088","281471383267071","281471383267584","281471383269887","281471383270144","281471383273471","281471385473280","281471385473535","281471385474048","281471385474559","281471385475072","281471385475327","281471386124288","281471386140927","281471386141184","281471386142719","281471386143232","281471386144255","281471386144512","281471386148351","281471386148608","281471386152959","281471386155008","281471386158335","281471386159104","281471386159359","281471386159616","281471386161151","281471386161920","281471386162431","281471386162944","281471386165503","281471386165760","281471386166271","281471386166528","281471386167807","281471386168064","281471386170623","281471386170880","281471386173439","281471386173696","281471386173951","281471386181376","281471386181887","281471386182144","281471386182911","281471386183168","281471386184191","281471386184448","281471386184959","281471386185216","281471386185471","281471386185984","281471386188799","281471386189056","281471386206207","281471386222592","281471386237695","281471386238208","281471386247167","281471386248704","281471386248959","281471386249728","281471386249983","281471386250240","281471386250495","281471386251008","281471386251263","281471386253056","281471386253311","281471386255616","281471386255871","281471386256128","281471386256383","281471386257920","281471386265855","281471386268160","281471386268671","281471386269184","281471386269695","281471386269952","281471386270463","281471386271232","281471386272255","281471386272512","281471386273023","281471386273280","281471386273535","281471386274304","281471386280959","281471386281216","281471386386431","281471414669056","281471414669311","281471643536384","281471643536639","281471726395392","281471726403583","281471737667840","281471737669631","281471737670400","281471737672959","281471737673728","281471737674495","281471737674752","281471737675263","281471737675520","281471737675775","281471979575552","281471979575807","281472039061248","281472039061503","281472046324736","281472046325759","281472070956544","281472070956799","281472070958080","281472070959103","281472289353216","281472289353471","281472289377536","281472289377791","281472289379072","281472289379327","281472395509760","281472395511295","281472395511808","281472395512319","281472395512832","281472395513599","281472395513856","281472395514367","281472395514624","281472395515135","281472395515392","281472395515903","281472395516160","281472395517183","281472397508608","281472397510655","281472397542656","281472397542911","281472397543424","281472397543935","281472397544192","281472397545215","281472397550080","281472397555711","281472397555968","281472397556223","281472397556992","281472397558783","281472397559040","281472397559807","281472397561088","281472397561599","281472397561856","281472397562879","281472397563392","281472397565951","281472397566208","281472397566719","281472397566976","281472397567999","281472397568512","281472397574143","281472403791872","281472403792639","281472403793408","281472403793663","281472406724608","281472406725631","281472406732800","281472406733823","281472406745088","281472406746111","281472406760448","281472406761471","281472406780928","281472406781951","281472406885376","281472406886399","281472406891520","281472406892543","281472406947840","281472406948095","281472406948352","281472406948607","281472406990592","281472406990847","281472407024640","281472407025663","281472407026688","281472407027711","281472407037440","281472407037951","281472407070976","281472407071743","281472407086848","281472407087103","281472407350272","281472407351295","281472407356672","281472407357183","281472407429888","281472407430143","281472407473152","281472407473919","281472407504896","281472407505663","281472407517184","281472407517695","281472407517952","281472407518207","281472407674624","281472407674879","281473270225920","281473270226431","281473270226688","281473270226943","281473270232064","281473270233087","281473270246400","281473270247423","281473270251520","281473270253055","281473270253312","281473270253567","281473273774080","281473273774591","281473273774848","281473273775615","281473273775872","281473273776383","281473273777152","281473273777663","281473301487616","281473301487871","281473301488896","281473301489663","281473301490688","281473301491967","281473301492736","281473301493247","281473301493760","281473301494015","281473301494272","281473301495551","281473367367680","281473367369727","281473451034624","281473451036927","281473451039232","281473451039487","281473451040768","281473451041023","281473451041792","281473451042559","281473451044608","281473451044863","281473451046912","281473451047423","281473451048192","281473451048959","281473451049216","281473451051519","281473451052032","281473451054335","281473451054592","281473451055103","281473451055360","281473451056127","281473451056384","281473451057151","281473451057408","281473451063295","281473451063552","281473451064319","281473451064576","281473451065087","281473532779520","281473532780543","281473532785664","281473532786687","281473785747456","281473785747967","281473785840384","281473785840639","281473786245120","281473786245375","281473786245632","281473786245887","281473846628864","281473846629375","281473974032896","281473974033151","281473974038016","281473974038271","281474000977920","281474000980991","281474000981248","281474000984575","281474000984832","281474000986111","281474192013312","281474192014079","281474306039296","281474306039551","281474306043392","281474306043647","42540578174780636808116749829096341504","42540578174780636826563493902805893119","42541866732100305025593654424012587008","42541866732101513951413269053187293183","42541866739025032120346250336729563136","42541866739026241046165864965904269311","50541822697944198563484865231094546432","50541822697982884189712533364685144063","50543536577465170915764208712961490944","50543536577474842322321125746359140351","55827831898345634740464699377876729856","55827831898345710298328425292200148991","55827831898355608378476520068568055808","55827831898355910609931423725861732351","55836957076185215830787193983442354176","55836957110847536930777841680617832447","55836957125702817402202404979407323136","55836957150461618187910010477389807615","55838750794898799538320287696645259264","55838750794898799556767031770354810879","55838750794899482529019616792793841664","55838750794899482547466360866503393279","55838750794899482584359849013922496512","55838750794899482639700081235051151359","55838750794900008464139902325819965440","55838750794900008482586646399529517055","55838750794903635241598746213344083968","55838750794903635260045490287053635583","55838750794904318232298075309492666368","55838750794904318250744819383202217983","55838750794904318287638307530621321216","55838750794904318342978539751749976063","55838750794904844167418360842518790144","55838750794904844185865104916228341759","55838750794908470944877204730042908672","55838750794908470963323948803752460287","55838750794909153935576533826191491072","55838750794909153954023277899901042687","55838750794909153990916766047320145920","55838750794909154046256998268448800767","55838750794909679870696819359217614848","55838750794909679889143563432927166463","55842645653301979853084889339479982080","55842646287127279967199590087831584767","55849932188226193632455314776201887744","55849932188226193650902058849911439359","55849932188226292580790526154236755968","55849932188226297303157009023881969663","55849932188274551790491288439472783360","55849932188274551808938032513182334975","55849932188274739338538285844484063232","55849932188274744060904768714129276927","55849932188284222071796816976587784192","55849932188284222090243561050297335807","55849932188284321020132028354622652416","55849932188284325742498511224267866111","55849932188302357084342424910491025408","55849932188302357102789168984200577023","55849932188302544632389422315502305280","55849932188302549354755905185147518975","55849932188303566379096921013856763904","55849932188303566397543665087566315519","55849932188303824393706279989355216896","55849932188303829116072762859000430591","55849932208016837983231946881891303424","55849932208016913541095672796214722559","55849932208036180796345780948686602240","55849932208036256354209506863010021375","55849932208055523609459615015481901056","55849932208055599167323340929805320191","55849932208074866422573449082277199872","55849932208074941980437174996600619007","55849932208094209235687283149072498688","55849932208094284793551009063395917823","55849932208113552048801117215867797504","55849932208113627606664843130191216639","55849932208132894861914951282663096320","55849932208132970419778677196986515455","55849932208152237675028785349458395136","55849932208152313232892511263781814271","55878094335578875261826835552193740800","55878094335578875280273579625903292415","55878094335617560888054503685784338432","55878094335617560906501247759493890047","55878094335656246514282171819374936064","55878094335656246532728915893084487679","55878094335694932140509839952965533696","55878094335694932158956584026675085311","55878094415416336389176946249789603840","55878094415426007795733863283187253247","55878094494644498903441283843333554176","55878094494654170309998200876731203583","55878094552895380595752575997375938560","55878094552905052002309493030773587967","55878094557847140752894097096972435456","55878094557856812159451014130370084863","55878094653313594876222133765169741824","55878094653323266282779050798567391231","55878094732541757390486471358713692160","55878094732551428797043388392111341567","55881451340296190972318475562384359424","55881451340296190990765219636093911039","55908173128362966283490765988482318336","55908173128362966283490765988482383871","58564124162112758251817313556599144448","58564124241340920766081651150143094783","58564930387894503405716665459837763584","58564930467122665919981003053381713919","58566071273434708812178012492722601984","58566071352662871326442350086266552319","58566137191265920680106890321289281536","58566137270494083194371227914833231871","58566152403073123418859708281727746048","58566152482301285933124045875271696383","58566294379940348980552675912486748160","58566294459168511494817013506030698495","58566380580181164500151977688304713728","58566380659409327014416315281848664063","58568725099966286610430045840883056640","58568725179194449124694383434427006975","58568887359243115823793437418893344768","58568887438471278338057775012437295103","58569008419875437619701280354049458176","58569008499103600133965617947593408511"]},"tagiura":{"name":"Tagiura","latitude":"32.881670","longitude":"13.350560","postcode":"LV-3477","gmtOffset":7200,"gmtOffsetName":"UTC+02:00","ip2locationv4":["704512000","704512255","704529664","704529919","1055924224","1055924479","1055931904","1055932159","1713769216","1713769471","1713770240","1713770495","1713771776","1713772031","1715819520","1715820031","2588509696","2588509951","2769305600","2769305855","2769313792","2769314047","2769320960","2769321215","2769321728","2769321983"],"ip2locationv6":["281471386255360","281471386255615","281471386273024","281471386273279","281471737667584","281471737667839","281471737675264","281471737675519","281472395512576","281472395512831","281472395513600","281472395513855","281472395515136","281472395515391","281472397562880","281472397563391","281473270253056","281473270253311","281473451048960","281473451049215","281473451057152","281473451057407","281473451064320","281473451064575","281473451065088","281473451065343"]}}},"banghazi":{"name":"Banghazi","cities":{"benghazi":{"name":"Benghazi","latitude":"32.116670","longitude":"20.066670","postcode":"LV-3477","gmtOffset":7200,"gmtOffsetName":"UTC+02:00","ip2locationv4":["640811008","640819199","704430080","704430335","704442112","704442367","704513280","704513791","704522752","704523519","704523776","704524031","704528896","704529151","704530176","704530431","1055929600","1055930367","1712839680","1712840703","1715816960","1715817471","1724973056","1724974079","1725105152","1725106175","1725342720","1725342975","1725343232","1725343487","1725416448","1725417471","1725466624","1725467647","1725613056","1725613311","1725613824","1725614079","1725816832","1725817855","1725889536","1725890047","2592033536","2592033791","2619744512","2619745535","2619746304","2619746559","2619746816","2619747071","2761986048","2761987071","2769289216","2769291007","2769293568","2769294847","2769295616","2769295871","2769297664","2769297919"],"ip2locationv6":["281471322554368","281471322562559","281471386173440","281471386173695","281471386185472","281471386185727","281471386256640","281471386257151","281471386266112","281471386266879","281471386267136","281471386267391","281471386272256","281471386272511","281471386273536","281471386273791","281471737672960","281471737673727","281472394583040","281472394584063","281472397560320","281472397560831","281472406716416","281472406717439","281472406848512","281472406849535","281472407086080","281472407086335","281472407086592","281472407086847","281472407159808","281472407160831","281472407209984","281472407211007","281472407356416","281472407356671","281472407357184","281472407357439","281472407560192","281472407561215","281472407632896","281472407633407","281473273776896","281473273777151","281473301487872","281473301488895","281473301489664","281473301489919","281473301490176","281473301490431","281473443729408","281473443730431","281473451032576","281473451034367","281473451036928","281473451038207","281473451038976","281473451039231","281473451041024","281473451041279","47877601425096460569047935172809523201","47877601425096460569047935172809523201","55832813142295770338563311946644788360","55832813142295770338563311946644788360","55838750794899482547466360866503393280","55838750794899482565913104940212944895","55838750794904318250744819383202217984","55838750794904318269191563456911769599","55838750794909153954023277899901042688","55838750794909153972470021973610594303"]}}},"alwahat":{"name":"Al Wahat","cities":{"alburayqah":{"name":"Al Burayqah","latitude":"30.406240","longitude":"19.573860","postcode":"LV-3477","gmtOffset":7200,"gmtOffsetName":"UTC+02:00","ip2locationv4":["701523712","701523967","704417792","704418047","704418304","704418559","704434176","704434431","1715816704","1715816959"],"ip2locationv6":["281471383267072","281471383267327","281471386161152","281471386161407","281471386161664","281471386161919","281471386177536","281471386177791","281472397560064","281472397560319"]},"ajdabiya":{"name":"Ajdabiya","latitude":"30.755450","longitude":"20.226260","postcode":"LV-5442","gmtOffset":7200,"gmtOffsetName":"UTC+02:00","ip2locationv4":["704432384","704432639","704433152","704433407","704434944","704435199","704435712","704435967","704437760","704438015","2769291008","2769291263","2769297152","2769297407"],"ip2locationv6":["281471386175744","281471386175999","281471386176512","281471386176767","281471386178304","281471386178559","281471386179072","281471386179327","281471386181120","281471386181375","281473451034368","281473451034623","281473451040512","281473451040767","55838750794899482510572872719084290048","55838750794899482529019616792793841663","55838750794904318213851331235783114752","55838750794904318232298075309492666367","55838750794909153917129789752481939456","55838750794909153935576533826191491071"]},"gialo":{"name":"Gialo","latitude":"29.033330","longitude":"21.550000","postcode":"LV-5442","gmtOffset":7200,"gmtOffsetName":"UTC+02:00","ip2locationv4":["704432640","704432895","704438528","704438783","704440832","704441087","704442368","704442623","704445440","704445695","1715816448","1715816703","2588483072","2588483327","2592031232","2592031487"],"ip2locationv6":["281471386176000","281471386176255","281471386181888","281471386182143","281471386184192","281471386184447","281471386185728","281471386185983","281471386188800","281471386189055","281472397559808","281472397560063","281473270226432","281473270226687","281473273774592","281473273774847"]}}},"misratah":{"name":"Misratah","cities":{"baniwalid":{"name":"Bani Walid","latitude":"31.756620","longitude":"13.994220","postcode":"LV-3477","gmtOffset":7200,"gmtOffsetName":"UTC+02:00","ip2locationv4":["701523968","701524223","704523520","704523775","1713771008","1713771263","1715806208","1715806463","1725204736","1725204991","1725205248","1725205503","2619750656","2619750911","2769308160","2769308671"],"ip2locationv6":["281471383267328","281471383267583","281471386266880","281471386267135","281472395514368","281472395514623","281472397549568","281472397549823","281472406948096","281472406948351","281472406948608","281472406948863","281473301494016","281473301494271","281473451051520","281473451052031"]},"misratah":{"name":"Misratah","latitude":"32.375350","longitude":"15.092540","postcode":"LV-3477","gmtOffset":7200,"gmtOffsetName":"UTC+02:00","ip2locationv4":["703729664","703729919","703730176","703730687","703731200","703731711","703731968","703733759","704471040","704472063","704472320","704472575","704472832","704473599","704474112","704474367","704475392","704475647","704476160","704476671","704476928","704477439","704477696","704478207","704478976","704479231","704524288","704524543","1055926784","1055927039","1715798016","1715799295","1715801856","1715802111","1715802368","1715803135","1715803392","1715804159","1722049280","1722049535","1722050304","1722050559","1725293824","1725294079","1725762304","1725762559","2619749120","2619749375","2619749888","2619750399","2619752192","2619752447","2769297920","2769298175","2769299200","2769299455","3320308736","3320309759"],"ip2locationv6":["281471385473024","281471385473279","281471385473536","281471385474047","281471385474560","281471385475071","281471385475328","281471385477119","281471386214400","281471386215423","281471386215680","281471386215935","281471386216192","281471386216959","281471386217472","281471386217727","281471386218752","281471386219007","281471386219520","281471386220031","281471386220288","281471386220799","281471386221056","281471386221567","281471386222336","281471386222591","281471386267648","281471386267903","281471737670144","281471737670399","281472397541376","281472397542655","281472397545216","281472397545471","281472397545728","281472397546495","281472397546752","281472397547519","281472403792640","281472403792895","281472403793664","281472403793919","281472407037184","281472407037439","281472407505664","281472407505919","281473301492480","281473301492735","281473301493248","281473301493759","281473301495552","281473301495807","281473451041280","281473451041535","281473451042560","281473451042815","281474002052096","281474002053119"]},"zliten":{"name":"Zliten","latitude":"32.467390","longitude":"14.568740","postcode":"LV-3477","gmtOffset":7200,"gmtOffsetName":"UTC+02:00","ip2locationv4":["704475648","704475903","1715799808","1715800063","1715802112","1715802367","1715803136","1715803391","1715804160","1715806207","2769300224","2769300479"],"ip2locationv6":["281471386219008","281471386219263","281472397543168","281472397543423","281472397545472","281472397545727","281472397546496","281472397546751","281472397547520","281472397549567","281473451043584","281473451043839","55838750794899482639700081235051151360","55838750794899482658146825308760702975","55838750794904318342978539751749976064","55838750794904318361425283825459527679","55838750794909154046256998268448800768","55838750794909154064703742342158352383"]}}},"almarqab":{"name":"Al Marqab","cities":{"alkhums":{"name":"Al Khums","latitude":"32.648610","longitude":"14.261910","postcode":"LV-3477","gmtOffset":7200,"gmtOffsetName":"UTC+02:00","ip2locationv4":["701526528","701526783","1715822592","1715822847","1715823360","1715823615","2769299712","2769299967"],"ip2locationv6":["281471383269888","281471383270143","281472397565952","281472397566207","281472397566720","281472397566975","281473451043072","281473451043327"]},"masallatah":{"name":"Masallatah","latitude":"32.616670","longitude":"14.000000","postcode":"LV-3477","gmtOffset":7200,"gmtOffsetName":"UTC+02:00","ip2locationv4":["704419328","704419583","704472064","704472319","704472576","704472831","704473856","704474111","704474368","704475391","704475904","704476159","704476672","704476927","704477440","704477695","704478208","704478975","1715824640","1715825151","1725327360","1725327615","2769299456","2769299711"],"ip2locationv6":["281471386162688","281471386162943","281471386215424","281471386215679","281471386215936","281471386216191","281471386217216","281471386217471","281471386217728","281471386218751","281471386219264","281471386219519","281471386220032","281471386220287","281471386220800","281471386221055","281471386221568","281471386222335","281472397568000","281472397568511","281472407070720","281472407070975","281473451042816","281473451043071"]},"tarhuna":{"name":"Tarhuna","latitude":"32.435020","longitude":"13.633200","postcode":"LV-3477","gmtOffset":7200,"gmtOffsetName":"UTC+02:00","ip2locationv4":["704527616","704527871","1713767936","1713768191","1715806464","1715806719","1725774336","1725774591","2769300992","2769301247","2769319936","2769320191"],"ip2locationv6":["281471386270976","281471386271231","281472395511296","281472395511551","281472397549824","281472397550079","281472407517696","281472407517951","281473451044352","281473451044607","281473451063296","281473451063551"]},"zlitan":{"name":"Zlitan","latitude":"32.467380","longitude":"14.568740","postcode":"LV-3477","gmtOffset":7200,"gmtOffsetName":"UTC+02:00","ip2locationv4":["1715799552","1715799807","1715800576","1715800831","2769298176","2769298431","2769299968","2769300223"],"ip2locationv6":["281472397542912","281472397543167","281472397543936","281472397544191","281473451041536","281473451041791","281473451043328","281473451043583"]}}},"sabha":{"name":"Sabha","cities":{"sabha":{"name":"Sabha","latitude":"27.037660","longitude":"14.428320","postcode":"LV-3477","gmtOffset":7200,"gmtOffsetName":"UTC+02:00","ip2locationv4":["704397568","704397823","704399360","704399871","704404992","704405247","704524544","704524799","1722049792","1722050047","2769311744","2769311999","3319241216","3319241471"],"ip2locationv6":["281471386140928","281471386141183","281471386142720","281471386143231","281471386148352","281471386148607","281471386267904","281471386268159","281472403793152","281472403793407","281473451055104","281473451055359","281474000984576","281474000984831","50551879597717664679145454087788560467","50551879597717664679145454087788560467","55857122387338383943073540648581726208","55857122387415755195528876915762921471"]}}},"wadiashshati\u0027":{"name":"Wadi ash Shati\u0027","cities":{"brak":{"name":"Brak","latitude":"27.549560","longitude":"14.271380","postcode":"LV-3477","gmtOffset":7200,"gmtOffsetName":"UTC+02:00","ip2locationv4":["704400896","704401151"],"ip2locationv6":["281471386144256","281471386144511"]},"idri":{"name":"Idri","latitude":"27.500000","longitude":"13.266670","postcode":"LV-3477","gmtOffset":7200,"gmtOffsetName":"UTC+02:00","ip2locationv4":["704530688","704530943"],"ip2locationv6":["281471386274048","281471386274303"]}}},"azzawiyah":{"name":"Az Zawiyah","cities":{"surman":{"name":"Surman","latitude":"32.756680","longitude":"12.571590","postcode":"LV-3477","gmtOffset":7200,"gmtOffsetName":"UTC+02:00","ip2locationv4":["704409600","704411135","704411392","704411647","704463360","704463615","704463872","704465151","704465408","704466431","704466688","704467199","704467712","704468479","704468992","704469247","704469760","704470783","1715813120","1715813375","1725246464","1725246719","2769301504","2769302015"],"ip2locationv6":["281471386152960","281471386154495","281471386154752","281471386155007","281471386206720","281471386206975","281471386207232","281471386208511","281471386208768","281471386209791","281471386210048","281471386210559","281471386211072","281471386211839","281471386212352","281471386212607","281471386213120","281471386214143","281472397556480","281472397556735","281472406989824","281472406990079","281473451044864","281473451045375"]},"sabratah":{"name":"Sabratah","latitude":"32.793350","longitude":"12.488450","postcode":"LV-3477","gmtOffset":7200,"gmtOffsetName":"UTC+02:00","ip2locationv4":["704411136","704411391","704463616","704463871","704467200","704467455","704469248","704469503","704522496","704522751","1713774080","1713774335","1725246720","1725246975","1725931008","1725931263","2592033024","2592033535","2592034560","2592034815"],"ip2locationv6":["281471386154496","281471386154751","281471386206976","281471386207231","281471386210560","281471386210815","281471386212608","281471386212863","281471386265856","281471386266111","281472395517440","281472395517695","281472406990080","281472406990335","281472407674368","281472407674623","281473273776384","281473273776895","281473273777920","281473273778175"]},"azzawiyah":{"name":"Az Zawiyah","latitude":"32.757100","longitude":"12.727640","postcode":"LV-3477","gmtOffset":7200,"gmtOffsetName":"UTC+02:00","ip2locationv4":["704462848","704463359","704466432","704466687","704467456","704467711","1725930752","1725931007","2592034304","2592034559","2769302016","2769302527","3286923264","3286923519","3286923776","3286924031"],"ip2locationv6":["281471386206208","281471386206719","281471386209792","281471386210047","281471386210816","281471386211071","281472407674112","281472407674367","281473273777664","281473273777919","281473451045376","281473451045887","281473968666624","281473968666879","281473968667136","281473968667391"]},"zawiya":{"name":"Zawiya","latitude":"32.752220","longitude":"12.727780","postcode":"LV-3477","gmtOffset":7200,"gmtOffsetName":"UTC+02:00","ip2locationv4":["704465152","704465407","704468480","704468991","704469504","704469759","704470784","704471039","1715812352","1715812607","1715812864","1715813119","1725730560","1725730815","3286923520","3286923775","3286924032","3286924287"],"ip2locationv6":["281471386208512","281471386208767","281471386211840","281471386212351","281471386212864","281471386213119","281471386214144","281471386214399","281472397555712","281472397555967","281472397556224","281472397556479","281472407473920","281472407474175","281473968666880","281473968667135","281473968667392","281473968667647","58564550092714434936896216448876150784","58564550171942597451160554042420101119"]}}},"aljabalalgharbi":{"name":"Al Jabal al Gharbi","cities":{"gharyan":{"name":"Gharyan","latitude":"32.172220","longitude":"13.020280","postcode":"LV-3477","gmtOffset":7200,"gmtOffsetName":"UTC+02:00","ip2locationv4":["704414976","704415487","704416000","704416255","704418048","704418303","704419072","704419327","704422144","704422399","704422912","704423167","704424448","704424703","704427264","704427519","1713768960","1713769215","1713772544","1713772799"],"ip2locationv6":["281471386158336","281471386158847","281471386159360","281471386159615","281471386161408","281471386161663","281471386162432","281471386162687","281471386165504","281471386165759","281471386166272","281471386166527","281471386167808","281471386168063","281471386170624","281471386170879","281472395512320","281472395512575","281472395515904","281472395516159"]},"mizdah":{"name":"Mizdah","latitude":"31.445140","longitude":"12.980130","postcode":"LV-3477","gmtOffset":7200,"gmtOffsetName":"UTC+02:00","ip2locationv4":["704527104","704527359","2769310976","2769311231"],"ip2locationv6":["281471386270464","281471386270719","281473451054336","281473451054591"]},"yafran":{"name":"Yafran","latitude":"32.063290","longitude":"12.528590","postcode":"LV-3477","gmtOffset":7200,"gmtOffsetName":"UTC+02:00","ip2locationv4":["2769304064","2769304575"],"ip2locationv6":["281473451047424","281473451047935"]},"azzintan":{"name":"Az Zintan","latitude":"31.922310","longitude":"12.251950","postcode":"LV-3477","gmtOffset":7200,"gmtOffsetName":"UTC+02:00","ip2locationv4":["2769304576","2769304831"],"ip2locationv6":["281473451047936","281473451048191"]},"jadu":{"name":"Jadu","latitude":"31.955060","longitude":"12.029010","postcode":"LV-3477","gmtOffset":7200,"gmtOffsetName":"UTC+02:00","ip2locationv6":["55838750794899482565913104940212944896","55838750794899482584359849013922496511","55838750794904318269191563456911769600","55838750794904318287638307530621321215","55838750794909153972470021973610594304","55838750794909153990916766047320145919"]}}},"surt":{"name":"Surt","cities":{"sirte":{"name":"Sirte","latitude":"31.208920","longitude":"16.588660","postcode":"LV-3477","gmtOffset":7200,"gmtOffsetName":"UTC+02:00","ip2locationv4":["704415488","704415743","704473600","704473855","2769300480","2769300991","3104502016","3104502271"],"ip2locationv6":["281471386158848","281471386159103","281471386216960","281471386217215","281473451043840","281473451044351","281473786245376","281473786245631"]}}},"aljabalalakhdar":{"name":"Al Jabal al Akhdar","cities":{"albayda\u0027":{"name":"Al Bayda\u0027","latitude":"32.762720","longitude":"21.755060","postcode":"LV-5442","gmtOffset":7200,"gmtOffsetName":"UTC+02:00","ip2locationv4":["704430592","704431103","704431360","704432383","704432896","704433151","704433408","704434175","704434432","704434943","704435200","704435455","704436480","704437759","704439552","704439807","704441600","704441855","1715815424","1715815679","1725342976","1725343231","2769295360","2769295615"],"ip2locationv6":["281471386173952","281471386174463","281471386174720","281471386175743","281471386176256","281471386176511","281471386176768","281471386177535","281471386177792","281471386178303","281471386178560","281471386178815","281471386179840","281471386181119","281471386182912","281471386183167","281471386184960","281471386185215","281472397558784","281472397559039","281472407086336","281472407086591","281473451038720","281473451038975"]}}},"almarj":{"name":"Al Marj","cities":{"alabyar":{"name":"Al Abyar","latitude":"32.190000","longitude":"20.596530","postcode":"LV-5442","gmtOffset":7200,"gmtOffsetName":"UTC+02:00","ip2locationv4":["704431104","704431359"],"ip2locationv6":["281471386174464","281471386174719"]},"suluq":{"name":"Suluq","latitude":"31.668180","longitude":"20.252050","postcode":"LV-3477","gmtOffset":7200,"gmtOffsetName":"UTC+02:00","ip2locationv4":["704513024","704513279"],"ip2locationv6":["281471386256384","281471386256639"]},"almarj":{"name":"Al Marj","latitude":"32.487980","longitude":"20.831740","postcode":"LV-5442","gmtOffset":7200,"gmtOffsetName":"UTC+02:00","ip2locationv4":["704513792","704514047","2769294848","2769295359"],"ip2locationv6":["281471386257152","281471386257407","281473451038208","281473451038719"]}}},"darnah":{"name":"Darnah","cities":{"alqubbah":{"name":"Al Qubbah","latitude":"32.761620","longitude":"22.242370","postcode":"LV-5442","gmtOffset":7200,"gmtOffsetName":"UTC+02:00","ip2locationv4":["704435456","704435711","704504064","704504319","704505088","704505343","704526336","704526591","704530432","704530687","2619746560","2619746815"],"ip2locationv6":["281471386178816","281471386179071","281471386247424","281471386247679","281471386248448","281471386248703","281471386269696","281471386269951","281471386273792","281471386274047","281473301489920","281473301490175"]},"darnah":{"name":"Darnah","latitude":"32.767040","longitude":"22.636690","postcode":"LV-5442","gmtOffset":7200,"gmtOffsetName":"UTC+02:00","ip2locationv4":["704503808","704504063","704504576","704504831","704508672","704508927","704509184","704509439","704509952","704510975","704511488","704511743","704524032","704524287","1055926272","1055926783","2769296128","2769296383"],"ip2locationv6":["281471386247168","281471386247423","281471386247936","281471386248191","281471386252032","281471386252287","281471386252544","281471386252799","281471386253312","281471386254335","281471386254848","281471386255103","281471386267392","281471386267647","281471737669632","281471737670143","281473451039488","281473451039743"]}}},"albutnan":{"name":"Al Butnan","cities":{"aljaghbub":{"name":"Al Jaghbub","latitude":"29.742620","longitude":"24.516760","postcode":"LV-5442","gmtOffset":7200,"gmtOffsetName":"UTC+02:00","ip2locationv4":["704435968","704436479"],"ip2locationv6":["281471386179328","281471386179839"]},"tobruk":{"name":"Tobruk","latitude":"32.083610","longitude":"23.976390","postcode":"LV-5442","gmtOffset":7200,"gmtOffsetName":"UTC+02:00","ip2locationv4":["704504320","704504575","704504832","704505087","704505600","704506367","704506624","704506879","704507136","704507647","704507904","704508671","704508928","704509183","704509440","704509695","704510976","704511487","704511744","704511999","1715817472","1715817727","1715818240","1715818495","1722049536","1722049791","2619747072","2619747327","2769296384","2769296895"],"ip2locationv6":["281471386247680","281471386247935","281471386248192","281471386248447","281471386248960","281471386249727","281471386249984","281471386250239","281471386250496","281471386251007","281471386251264","281471386252031","281471386252288","281471386252543","281471386252800","281471386253055","281471386254336","281471386254847","281471386255104","281471386255359","281472397560832","281472397561087","281472397561600","281472397561855","281472403792896","281472403793151","281473301490432","281473301490687","281473451039744","281473451040255"]},"bardiyah":{"name":"Bardiyah","latitude":"31.756150","longitude":"25.086530","postcode":"LV-5442","gmtOffset":7200,"gmtOffsetName":"UTC+02:00","ip2locationv4":["704525312","704525567","2769296896","2769297151"],"ip2locationv6":["281471386268672","281471386268927","281473451040256","281473451040511"]}}},"alkufrah":{"name":"Al Kufrah","cities":{"attaj":{"name":"At Taj","latitude":"24.204870","longitude":"23.285700","postcode":"LV-5442","gmtOffset":7200,"gmtOffsetName":"UTC+02:00","ip2locationv4":["704494336","704494591","3104502528","3104502783"],"ip2locationv6":["281471386237696","281471386237951","281473786245888","281473786246143"]},"aljawf":{"name":"Al Jawf","latitude":"24.198900","longitude":"23.290930","postcode":"LV-5442","gmtOffset":7200,"gmtOffsetName":"UTC+02:00","ip2locationv4":["704494592","704494847"],"ip2locationv6":["281471386237952","281471386238207"]}}},"aljufrah":{"name":"Al Jufrah","cities":{"waddan":{"name":"Waddan","latitude":"29.161400","longitude":"16.139040","postcode":"LV-3477","gmtOffset":7200,"gmtOffsetName":"UTC+02:00","ip2locationv4":["704512512","704512767","704514048","704514303","704525568","704525823","704537600","704537855"],"ip2locationv6":["281471386255872","281471386256127","281471386257408","281471386257663","281471386268928","281471386269183","281471386280960","281471386281215"]},"hun":{"name":"Hun","latitude":"29.126840","longitude":"15.947720","postcode":"LV-3477","gmtOffset":7200,"gmtOffsetName":"UTC+02:00","ip2locationv4":["2619748608","2619748863"],"ip2locationv6":["281473301491968","281473301492223"]}}},"aljafarah":{"name":"Al Jafarah","cities":{"al\u0027aziziyah":{"name":"Al \u0027Aziziyah","latitude":"32.531940","longitude":"13.017500","postcode":"LV-3477","gmtOffset":7200,"gmtOffsetName":"UTC+02:00","ip2locationv4":["704514304","704514559","704527360","704527615","1713768192","1713768447","2592032256","2592032511"],"ip2locationv6":["281471386257664","281471386257919","281471386270720","281471386270975","281472395511552","281472395511807","281473273775616","281473273775871"]}}},"annuqatalkhams":{"name":"An Nuqat al Khams","cities":{"zuwarah":{"name":"Zuwarah","latitude":"32.931200","longitude":"12.081990","postcode":"LV-3477","gmtOffset":7200,"gmtOffsetName":"UTC+02:00","ip2locationv4":["1055931136","1055931391","1713773824","1713774079","1713774336","1713774591","1715813376","1715813631","1725246976","1725247231","1725293568","1725293823","1725930496","1725930751","2619748864","2619749119","2769302528","2769303551"],"ip2locationv6":["281471737674496","281471737674751","281472395517184","281472395517439","281472395517696","281472395517951","281472397556736","281472397556991","281472406990336","281472406990591","281472407036928","281472407037183","281472407673856","281472407674111","281473301492224","281473301492479","281473451045888","281473451046911"]}}},"murzuq":{"name":"Murzuq","cities":{"murzuq":{"name":"Murzuq","latitude":"25.915520","longitude":"13.918390","postcode":"LV-3477","gmtOffset":7200,"gmtOffsetName":"UTC+02:00","ip2locationv4":["2769312768","2769313023","3319237632","3319237887"],"ip2locationv6":["281473451056128","281473451056383","281474000980992","281474000981247"]}}}}}