{"id":119,"name":"Laos","iso3":"LAO","iso2":"LA","numeric_code":"418","phone_code":"856","capital":"Vientiane","currency":"LAK","currency_name":"Lao kip","currency_symbol":"\u20ad","tld":".la","native":"\u0eaa\u0e9b\u0e9b\u0ea5\u0eb2\u0ea7","region":"Asia","region_id":"3","subregion":"South-Eastern Asia","subregion_id":"13","nationality":"Lao, Laotian","timezones":[{"zoneName":"Asia/Vientiane","gmtOffset":25200,"gmtOffsetName":"UTC+07:00","abbreviation":"ICT","tzName":"Indochina Time"}],"translations":{"kr":"\ub77c\uc624\uc2a4","pt-BR":"Laos","pt":"Laos","nl":"Laos","hr":"Laos","fa":"\u0644\u0627\u0626\u0648\u0633","de":"Laos","es":"Laos","fr":"Laos","ja":"\u30e9\u30aa\u30b9\u4eba\u6c11\u6c11\u4e3b\u5171\u548c\u56fd","it":"Laos","cn":"\u5bee\u4eba\u6c11\u6c11\u4e3b\u5171\u548c\u56fd","tr":"Laos"},"latitude":"18.00000000","longitude":"105.00000000","emoji":"\ud83c\uddf1\ud83c\udde6","emojiU":"U+1F1F1 U+1F1E6","states":{"attapeuprovince":{"id":982,"name":"Attapeu Province","state_code":"AT","latitude":"14.93634000","longitude":"107.10119310","type":null,"cities":{"attapeu":{"id":65855,"name":"Attapeu","latitude":"14.81071000","longitude":"106.83184000"},"muangphouvong":{"id":65891,"name":"Muang Phouvong","latitude":"14.56821000","longitude":"107.01087000"},"muangsamakhixai":{"id":65895,"name":"Muang Samakhixai","latitude":"14.80539000","longitude":"106.78164000"},"muangsanamxai":{"id":65897,"name":"Muang Sanamxai","latitude":"14.73807000","longitude":"106.41328000"},"muangsanxai":{"id":65898,"name":"Muang Sanxai","latitude":"15.02944000","longitude":"107.23158000"},"muangxais\u00e9ttha":{"id":65912,"name":"Muang Xais\u00e9ttha","latitude":"14.90594000","longitude":"106.97894000"}}},"bokeoprovince":{"id":991,"name":"Bokeo Province","state_code":"BK","latitude":"20.28726620","longitude":"100.70978670","type":null,"cities":{"banhouakhoua":{"id":65856,"name":"Ban Houakhoua","latitude":"20.24670000","longitude":"100.45401000"},"banhouayxay":{"id":65857,"name":"Ban Houayxay","latitude":"20.27000000","longitude":"100.41780000"},"muanghouayxay":{"id":65872,"name":"Muang Houayxay","latitude":"20.38763000","longitude":"100.62687000"},"muangmeung":{"id":65881,"name":"Muang Meung","latitude":"20.67585000","longitude":"100.52639000"},"muangpaktha":{"id":65885,"name":"Muang Paktha","latitude":"20.09108000","longitude":"100.59940000"},"muangphaoud\u00f4m":{"id":65889,"name":"Muang Pha Oud\u00f4m","latitude":"20.18744000","longitude":"100.92600000"},"muangt\u00f4npheung":{"id":65908,"name":"Muang T\u00f4npheung","latitude":"20.53465000","longitude":"100.29624000"}}},"bolikhamsaiprovince":{"id":985,"name":"Bolikhamsai Province","state_code":"BL","latitude":"18.43629240","longitude":"104.47233010","type":null,"cities":{"bannahin":{"id":65858,"name":"Ban Nahin","latitude":"18.24253000","longitude":"104.21281000"},"pakxan":{"id":65918,"name":"Pakxan","latitude":"18.39420000","longitude":"103.66110000"}}},"champasakprovince":{"id":996,"name":"Champasak Province","state_code":"CH","latitude":"14.65786640","longitude":"105.96998780","type":null,"cities":{"champasak":{"id":65860,"name":"Champasak","latitude":"14.89204000","longitude":"105.87787000"},"muangbachiangchaleunsook":{"id":65868,"name":"Muang Bachiangchaleunsook","latitude":"15.24426000","longitude":"105.96716000"},"muangchampasak":{"id":65869,"name":"Muang Champasak","latitude":"14.85704000","longitude":"105.75334000"},"muangkh\u00f4ng":{"id":65874,"name":"Muang Kh\u00f4ng","latitude":"14.14696000","longitude":"105.95938000"},"muangmounlapam\u00f4k":{"id":65882,"name":"Muang Mounlapam\u00f4k","latitude":"14.28922000","longitude":"105.56832000"},"muangpakx\u00e9":{"id":65887,"name":"Muang Pakx\u00e9","latitude":"15.13139000","longitude":"105.81612000"},"muangpakxong":{"id":65886,"name":"Muang Pakxong","latitude":"15.09810000","longitude":"106.43398000"},"muangpathoumphon":{"id":65888,"name":"Muang Pathoumphon","latitude":"14.68453000","longitude":"106.06357000"},"muangph\u00f4nthong":{"id":65894,"name":"Muang Ph\u00f4nthong","latitude":"15.10669000","longitude":"105.64890000"},"muangsoukhouma":{"id":65901,"name":"Muang Soukhouma","latitude":"14.62560000","longitude":"105.67520000"},"muangxanas\u00f4mboun":{"id":65913,"name":"Muang Xanas\u00f4mboun","latitude":"15.34107000","longitude":"105.73703000"},"pakse":{"id":65917,"name":"Pakse","latitude":"15.12022000","longitude":"105.79898000"},"pakxong":{"id":65919,"name":"Pakxong","latitude":"15.18154000","longitude":"106.23038000"}}},"houaphanhprovince":{"id":989,"name":"Houaphanh Province","state_code":"HO","latitude":"20.32541750","longitude":"104.10013260","type":null,"cities":{"xamneua":{"id":65928,"name":"Xam Neua","latitude":"20.40764000","longitude":"104.06560000"},"xamnua":{"id":65929,"name":"Xam Nua","latitude":"20.41640000","longitude":"104.04500000"}}},"khammouaneprovince":{"id":986,"name":"Khammouane Province","state_code":"KH","latitude":"17.63840660","longitude":"105.21948080","type":null,"cities":{"muangthakh\u00e8k":{"id":65903,"name":"Muang Thakh\u00e8k","latitude":"17.40880000","longitude":"104.82639000"},"thakh\u00e8k":{"id":65924,"name":"Thakh\u00e8k","latitude":"17.41027000","longitude":"104.83068000"}}},"luangnamthaprovince":{"id":992,"name":"Luang Namtha Province","state_code":"LM","latitude":"20.91701870","longitude":"101.16173560","type":null,"cities":{"luangnamtha":{"id":65864,"name":"Luang Namtha","latitude":"20.94860000","longitude":"101.40188000"},"muanglouangnamtha":{"id":65880,"name":"Muang Louang Namtha","latitude":"21.00424000","longitude":"101.44785000"}}},"luangprabangprovince":{"id":978,"name":"Luang Prabang Province","state_code":"LP","latitude":"20.06562290","longitude":"102.62162110","type":null,"cities":{"luangprabang":{"id":65865,"name":"Luang Prabang","latitude":"19.88601000","longitude":"102.13503000"}}},"oudomxayprovince":{"id":988,"name":"Oudomxay Province","state_code":"OU","latitude":"20.49219290","longitude":"101.88917210","type":null,"cities":{"muangxay":{"id":65914,"name":"Muang Xay","latitude":"20.69229000","longitude":"101.98368000"}}},"phongsalyprovince":{"id":987,"name":"Phongsaly Province","state_code":"PH","latitude":"21.59193770","longitude":"102.25479190","type":null,"cities":{"ph\u00f4ngsali":{"id":65920,"name":"Ph\u00f4ngsali","latitude":"21.68080000","longitude":"102.10030000"}}},"sainyabuliprovince":{"id":993,"name":"Sainyabuli Province","state_code":"XA","latitude":"19.39078860","longitude":"101.52480550","type":null,"cities":{"sainyabuli":{"id":65921,"name":"Sainyabuli","latitude":"19.25756000","longitude":"101.71032000"}}},"salavanprovince":{"id":981,"name":"Salavan Province","state_code":"SL","latitude":"15.81710730","longitude":"106.25221430","type":null,"cities":{"muangkh\u00f4ngx\u00e9d\u00f4n":{"id":65875,"name":"Muang Kh\u00f4ngx\u00e9d\u00f4n","latitude":"15.54626000","longitude":"105.77051000"},"muanglakhonph\u00e9ng":{"id":65876,"name":"Muang Lakhonph\u00e9ng","latitude":"15.83308000","longitude":"105.59745000"},"muanglaongam":{"id":65878,"name":"Muang Laongam","latitude":"15.47745000","longitude":"106.14111000"},"muangsamouay":{"id":65896,"name":"Muang Samouay","latitude":"16.35868000","longitude":"106.87480000"},"muangsaravan":{"id":65899,"name":"Muang Saravan","latitude":"15.71587000","longitude":"106.36158000"},"muangta-\u00d4y":{"id":65902,"name":"Muang Ta-\u00d4y","latitude":"16.07765000","longitude":"106.70304000"},"muangtoumlan":{"id":65907,"name":"Muang Toumlan","latitude":"16.02236000","longitude":"106.23837000"},"muangvapi":{"id":65909,"name":"Muang Vapi","latitude":"15.75005000","longitude":"105.95529000"},"salavan":{"id":65922,"name":"Salavan","latitude":"15.71652000","longitude":"106.41744000"}}},"savannakhetprovince":{"id":990,"name":"Savannakhet Province","state_code":"SV","latitude":"16.50653810","longitude":"105.59433880","type":null,"cities":{"kaysonephomvihane":{"id":65861,"name":"Kaysone Phomvihane","latitude":"16.54943000","longitude":"104.82339000"},"muangalsaphangthong":{"id":65866,"name":"Muang Alsaphangthong","latitude":"16.72645000","longitude":"105.39326000"},"muangatsaphan":{"id":65867,"name":"Muang Atsaphan","latitude":"16.94740000","longitude":"105.40290000"},"muangchamphon":{"id":65870,"name":"Muang Champhon","latitude":"16.49363000","longitude":"105.22020000"},"muangnong":{"id":65883,"name":"Muang Nong","latitude":"16.38458000","longitude":"106.50419000"},"muangouthoumphon":{"id":65884,"name":"Muang Outhoumphon","latitude":"16.66667000","longitude":"105.05000000"},"muangphin":{"id":65890,"name":"Muang Phin","latitude":"16.44316000","longitude":"106.03019000"},"muangsongkhon":{"id":65900,"name":"Muang Songkhon","latitude":"16.17116000","longitude":"105.30729000"},"muangthapangthong":{"id":65904,"name":"Muang Thapangthong","latitude":"16.09132000","longitude":"105.81038000"},"muangvilabouli":{"id":65910,"name":"Muang Vilabouli","latitude":"16.94067000","longitude":"105.93677000"},"muangxaibouli":{"id":65911,"name":"Muang Xaibouli","latitude":"16.94432000","longitude":"104.92312000"},"muangxayphoothong":{"id":65915,"name":"Muang Xayphoothong","latitude":"16.37370000","longitude":"105.02165000"},"muangx\u00f4nbouli":{"id":65916,"name":"Muang X\u00f4nbouli","latitude":"16.40036000","longitude":"105.57388000"},"savannakhet":{"id":65923,"name":"Savannakhet","latitude":"16.57030000","longitude":"104.76220000"},"thaphalanxay":{"id":65925,"name":"Thaphalanxay","latitude":"16.70000000","longitude":"105.60000000"}}},"sekongprovince":{"id":984,"name":"Sekong Province","state_code":"XE","latitude":"15.57674460","longitude":"107.00670310","type":null,"cities":{"banthat\u00e8ng":{"id":65859,"name":"Ban That\u00e8ng","latitude":"15.43317000","longitude":"106.38272000"},"lamam":{"id":65862,"name":"Lamam","latitude":"15.41705000","longitude":"106.69461000"},"muangdakchung":{"id":65871,"name":"Muang Dakchung","latitude":"15.38199000","longitude":"107.31847000"},"muangkhaleum":{"id":65873,"name":"Muang Khaleum","latitude":"15.79886000","longitude":"107.04529000"},"muanglaman":{"id":65877,"name":"Muang Laman","latitude":"15.41273000","longitude":"106.81706000"},"muangthat\u00e8ng":{"id":65906,"name":"Muang That\u00e8ng","latitude":"15.42745000","longitude":"106.48149000"}}},"vientianeprefecture":{"id":979,"name":"Vientiane Prefecture","state_code":"VT","latitude":"18.11054100","longitude":"102.52980280","type":null,"cities":{"vientiane":{"id":65927,"name":"Vientiane","latitude":"17.96667000","longitude":"102.60000000"}}},"vientianeprovince":{"id":980,"name":"Vientiane Province","state_code":"VI","latitude":"18.57050630","longitude":"102.62162110","type":null,"cities":{"muangph\u00f4n-h\u00f4ng":{"id":65892,"name":"Muang Ph\u00f4n-H\u00f4ng","latitude":"18.49530000","longitude":"102.41530000"},"vangviang":{"id":65926,"name":"Vangviang","latitude":"18.92350000","longitude":"102.44784000"}}},"xaisomboun":{"id":994,"name":"Xaisomboun","state_code":"XN","latitude":null,"longitude":null,"type":null},"xaisombounprovince":{"id":983,"name":"Xaisomboun Province","state_code":"XS","latitude":"18.43629240","longitude":"104.47233010","type":null,"cities":{"anouvongdistrict":{"id":65854,"name":"Anouvong district","latitude":"18.89731000","longitude":"103.09274000"},"longchaeng":{"id":65863,"name":"Longchaeng","latitude":"18.89394000","longitude":"103.14274000"},"muanglongxan":{"id":65879,"name":"Muang Longxan","latitude":"18.61782000","longitude":"102.88079000"},"muangthath\u00f4m":{"id":65905,"name":"Muang Thath\u00f4m","latitude":"19.00130000","longitude":"103.61572000"}}},"xiangkhouangprovince":{"id":995,"name":"Xiangkhouang Province","state_code":"XI","latitude":"19.60930030","longitude":"103.72891670","type":null,"cities":{"muangph\u00f4nsavan":{"id":65893,"name":"Muang Ph\u00f4nsavan","latitude":"19.44940000","longitude":"103.19170000"}}},"viangchan":{"name":"Viangchan","cities":{"vientiane":{"name":"Vientiane","latitude":"17.966798","longitude":"102.599177","postcode":"01000","gmtOffset":25200,"gmtOffsetName":"UTC+07:00","ip2locationv4":["100513792","100514303","732897536","732897791","736384256","736384767","737997824","737998079","737998336","737998847","961041408","961042431","1699612672","1699613183","1699613440","1699614719","1728126208","1728126463","1728178176","1728179199","1728927744","1728928767","1729783552","1729783807","1730890752","1730891519","1731933184","1731934207","1732230144","1732230399","1732439552","1732440063","1733441536","1733442559","1734285312","1734286335","1735226368","1735227391","1735561728","1735562239","1737054208","1737055231","1737133568","1737133823","1737291264","1737291775","1737902592","1737903103","1737968640","1737969151","1738823936","1738824191","1739458560","1739459071","1741492224","1741493247","1741819392","1741819647","1743021312","1743021567","1743059968","1743060991","1743278080","1743279103","1743843328","1743843583","1744151552","1744151807","1744152320","1744152575","1850629632","1850630143","1921062912","1921063423","1921063680","1921064447","1921064704","1921064959","1934901248","1934903295","1934903552","1934904575","1934905600","1934905855","1934906112","1934906367","1934906624","1934908159","1934908672","1934908927","1934909696","1934912255","1934912512","1934913279","1934913536","1934914303","1934914560","1934914815","1934915072","1934916863","1934917120","1934917631","2332400640","2332401663","2337352192","2337352703","2376359936","2376364031","2505623040","2505624063","2596613376","2596613631","2598241536","2598241791","2641867776","2641868799","2644975616","2644975871","2709242880","2709243135","2746563840","2746564095","2890261248","2890261503","3028521984","3028523007","3082182656","3082183935","3082184704","3082185471","3082185728","3082185983","3082186240","3082186751","3082187008","3082187775","3082189824","3082190847","3105056768","3105057791","3112079360","3112080383","3112274944","3112275967","3118695424","3118695679","3169847808","3169848319","3265898496","3265898751","3331428096","3331428351","3331430912","3331431167","3389606912","3389607423","3393085440","3393086207","3393086720","3393087743","3393088256","3393089023","3393089280","3393089535","3397103616","3397105663","3397971968","3397972479","3397972992","3397974015","3398008832","3398012415","3398012672","3398013183","3398013440","3398015487","3398015744","3398016255","3398016512","3398017023","3398481920","3398483967","3407021312","3407021567","3410820096","3410821119","3413000192","3413004287"],"ip2locationv6":["281470782257152","281470782257663","281471414640896","281471414641151","281471418127616","281471418128127","281471419741184","281471419741439","281471419741696","281471419742207","281471642784768","281471642785791","281472381356032","281472381356543","281472381356800","281472381358079","281472409869568","281472409869823","281472409921536","281472409922559","281472410671104","281472410672127","281472411526912","281472411527167","281472412634112","281472412634879","281472413676544","281472413677567","281472413973504","281472413973759","281472414182912","281472414183423","281472415184896","281472415185919","281472416028672","281472416029695","281472416969728","281472416970751","281472417305088","281472417305599","281472418797568","281472418798591","281472418876928","281472418877183","281472419034624","281472419035135","281472419645952","281472419646463","281472419712000","281472419712511","281472420567296","281472420567551","281472421201920","281472421202431","281472423235584","281472423236607","281472423562752","281472423563007","281472424764672","281472424764927","281472424803328","281472424804351","281472425021440","281472425022463","281472425586688","281472425586943","281472425894912","281472425895167","281472425895680","281472425895935","281472532372992","281472532373503","281472602806272","281472602806783","281472602807040","281472602807807","281472602808064","281472602808319","281472616644608","281472616646655","281472616646912","281472616647935","281472616648960","281472616649215","281472616649472","281472616649727","281472616649984","281472616651519","281472616652032","281472616652287","281472616653056","281472616655615","281472616655872","281472616656639","281472616656896","281472616657663","281472616657920","281472616658175","281472616658432","281472616660223","281472616660480","281472616660991","281473014144000","281473014145023","281473019095552","281473019096063","281473058103296","281473058107391","281473187366400","281473187367423","281473278356736","281473278356991","281473279984896","281473279985151","281473323611136","281473323612159","281473326718976","281473326719231","281473390986240","281473390986495","281473428307200","281473428307455","281473572004608","281473572004863","281473710265344","281473710266367","281473763926016","281473763927295","281473763928064","281473763928831","281473763929088","281473763929343","281473763929600","281473763930111","281473763930368","281473763931135","281473763933184","281473763934207","281473786800128","281473786801151","281473793822720","281473793823743","281473794018304","281473794019327","281473800438784","281473800439039","281473851591168","281473851591679","281473947641856","281473947642111","281474013171456","281474013171711","281474013174272","281474013174527","281474071350272","281474071350783","281474074828800","281474074829567","281474074830080","281474074831103","281474074831616","281474074832383","281474074832640","281474074832895","281474078846976","281474078849023","281474079715328","281474079715839","281474079716352","281474079717375","281474079752192","281474079755775","281474079756032","281474079756543","281474079756800","281474079758847","281474079759104","281474079759615","281474079759872","281474079760383","281474080225280","281474080227327","281474088764672","281474088764927","281474092563456","281474092564479","281474094743552","281474094747647","42540578165259132680953584979946766336","42540578165259132699400329053656317951","42540578174802397694230742038755672064","42540578174802397712677486112465223679","42540755636266998026789447779773054976","42540755636268206952609062408947761151","42540755636578900888250022106847248384","42540755636580109814069636736021954559","42540770848290598487253284362483924992","42540770848291807413072898991658631167","42540770917229593350777513050103611392","42540770917230802276597127679278317567","42540771087678462509883309650276777984","42540771087679671435702924279451484159","42540771114990514626617011965238706176","42540771114991723552436626594413412351","42540771119245933511660506660204445696","42540771119247142437480121289379151871","42540771155068823398481198365097852928","42540771155070032324300812994272559103","42540771195920844694898747436768952320","42540771195922053620718362065943658495","42540771222227070529713078278375342080","42540771222228279455532692907550048255","47854839490903045228774561325946765312","47854839570131207743038898919490715647","47855655857889592208509125202811027456","47855655937117754722773462796354977791","47856132494515278022764087963216248832","47856132573743440537028425556760199167","47856325178093182579174224833336573952","47856325178094391504993839462511280127","47856500113189344209290522007145807872","47856500192417506723554859600689758207","47864706883175221766435811663697412096","47864706962403384280700149257241362431","47865442120523354139488679751556530176","47865442199751516653753017345100480511","47865462402932957791159103698807816192","47865462482161120305423441292351766527","47873910026532878711890677728968441856","47873910105761041226155015322512392191","47876501104359745212787336990320230400","47876501183587907727051674583864180735","47876911823154219159113421922158772224","47876911902382381673377759515702722559","47878742310620948722369183161587335168","47878742389849111236633520755131285503","47883812913021861639975169974408839168","47883812992250024154239507567952789503","47889902706505358054019960136607465472","47889902785733520568284297730151415807","47893578893246019919284300575903055872","47893578972474182433548638169447006207","50543536577310428410853536178599100416","50543536577320099817410453211996749823","50549190276936639364213375328254427136","50549190276937848290032989957429133311","50549190277009174913390253078736797696","50549190277010383839209867707911503871","50549377889505943932315390808860655616","50549377889525286745429224875655954431","55838750779269806542342361726043815936","55838750779269806560789105799753367551","55838750779270431665605531595328978944","55838750779270431684052275669038530559","55838750779271015468161976355218522112","55838750779271015486608720428928073727","55838750779274642245620820242742640640","55838750779274642264067564316452192255","55838750779275267368883990112027803648","55838750779275267387330734185737355263","55838750779275851171440434871917346816","55838750779275851189887178945626898431","55838750779276476294703604741202509824","55838750779276476313150348814912061439","55838750779277060097260049501092052992","55838750779277060115706793574801604607","55838750779278269023079664130266759168","55838750779278269041526408203976310783","55838750779279477948899278759441465344","55838750779279477967346022833151016959","55838750779280103072162448628726628352","55838750779280103090609192702436179967","55838750779280686874718893388616171520","55838750779280686893165637462325723135","55849932188198388744432547926793781248","55849932188198388762879292000503332863","55849932188198529788237735510025437184","55849932188198534510604218379670650879","55849932188202015743252320698832519168","55849932188202015761699064772542070783","55849932188202161288063062267194769408","55849932188202166010429545136839983103","55849932188227402576721673479086145536","55849932188227402595168417552795697151","55849932188227515673709589392347103232","55849932188227520396076072261992316927","55849932208016082404594687738657112064","55849932208016157962458413652980531199","55849932208035425217708521805452410880","55849932208035500775572247719775830015","55849932208054768030822355872247709696","55849932208054843588686081786571128831","55849932208074110843936189939043008512","55849932208074186401799915853366427647","55849932208093453657050024005838307328","55849932208093529214913749920161726463","55849932208112796470163858072633606144","55849932208112872028027583986957025279","55849932208132139283277692139428904960","55849932208132214841141418053752324095","55849932208151482096391526206224203776","55849932208151557654255252120547622911","55861619847486195990766491993058050048","55861620481311496104881192741409652735","55878094334031450212720110208569835520","55878094334031450231166854282279387135","55878094334070135838947778342160433152","55878094334070135857394522415869984767","55878094334108821465175446475751030784","55878094334108821483622190549460582399","55878094334147507091403114609341628416","55878094334147507109849858683051180031","55878094415261593884266273715427213312","55878094415271265290823190748824862719","55878094494489756398530611308971163648","55878094494499427805087528342368813055","55878094552798666530183405663399444480","55878094552808337936740322696797093887","55878094557750426687324926762995941376","55878094557760098093881843796393590783","55878094653149180964754544197409701888","55878094653158852371311461230807351295","55878094732377343479018881790953652224","55878094732387014885575798824351301631","55881451340296190843191267046417498112","55881451340296190861638011120127049727","55908173128362966283490765988481859584","55908173128362966283490765988481925119"]},"muangvangviang":{"name":"Muang Vangviang","latitude":"18.933330","longitude":"102.450000","postcode":"-","gmtOffset":25200,"gmtOffsetName":"UTC+07:00","ip2locationv4":["1934905088","1934905343","3082184192","3082184447","3082185984","3082186239","3393086464","3393086719"],"ip2locationv6":["281472616648448","281472616648703","281473763927552","281473763927807","281473763929344","281473763929599","281474074829824","281474074830079"]}}},"xekong":{"name":"Xekong","cities":{"thateng":{"name":"Thateng","latitude":"15.433330","longitude":"106.383330","postcode":"-","gmtOffset":25200,"gmtOffsetName":"UTC+07:00","ip2locationv4":["736109568","736110079","2598241280","2598241535"],"ip2locationv6":["281471417852928","281471417853439","281473279984640","281473279984895"]},"dakcheung":{"name":"Dak Cheung","latitude":"15.466670","longitude":"107.266670","postcode":"-","gmtOffset":25200,"gmtOffsetName":"UTC+07:00","ip2locationv4":["1934908416","1934908671"],"ip2locationv6":["281472616651776","281472616652031"]},"lamam":{"name":"Lamam","latitude":"15.416670","longitude":"106.700000","postcode":"-","gmtOffset":25200,"gmtOffsetName":"UTC+07:00","ip2locationv4":["3082183936","3082184191","3393088000","3393088255"],"ip2locationv6":["281473763927296","281473763927551","281474074831360","281474074831615"]}}},"champasak":{"name":"Champasak","cities":{"pakse":{"name":"Pakse","latitude":"15.116670","longitude":"105.783330","postcode":"-","gmtOffset":25200,"gmtOffsetName":"UTC+07:00","ip2locationv4":["736110080","736110591","737998080","737998335","1934903296","1934903551","3082187776","3082188031","3082188544","3082188799","3393086208","3393086463","3398012416","3398012671","3398016256","3398016511"],"ip2locationv6":["281471417853440","281471417853951","281471419741440","281471419741695","281472616646656","281472616646911","281473763931136","281473763931391","281473763931904","281473763932159","281474074829568","281474074829823","281474079755776","281474079756031","281474079759616","281474079759871"]},"champasak":{"name":"Champasak","latitude":"14.883330","longitude":"105.866670","postcode":"-","gmtOffset":25200,"gmtOffsetName":"UTC+07:00","ip2locationv4":["1730891520","1730891775","1934905856","1934906111"],"ip2locationv6":["281472412634880","281472412635135","281472616649216","281472616649471"]},"muangkhong":{"name":"Muang Khong","latitude":"14.116670","longitude":"105.850000","postcode":"-","gmtOffset":25200,"gmtOffsetName":"UTC+07:00","ip2locationv4":["1934908928","1934909695"],"ip2locationv6":["281472616652288","281472616653055"]}}},"savannakhet":{"name":"Savannakhet","cities":{"savannakhet":{"name":"Savannakhet","latitude":"16.565980","longitude":"104.751000","postcode":"-","gmtOffset":25200,"gmtOffsetName":"UTC+07:00","ip2locationv4":["1699613184","1699613439","1934905344","1934905599","1934912256","1934912511","1934913280","1934913535","3082188288","3082188543","3397972480","3397972735"],"ip2locationv6":["281472381356544","281472381356799","281472616648704","281472616648959","281472616655616","281472616655871","281472616656640","281472616656895","281473763931648","281473763931903","281474079715840","281474079716095"]}}},"khammouan":{"name":"Khammouan","cities":{"thakhek":{"name":"Thakhek","latitude":"17.410270","longitude":"104.830680","postcode":"-","gmtOffset":25200,"gmtOffsetName":"UTC+07:00","ip2locationv4":["1728125952","1728126207","1728126720","1728126975","3393087744","3393087999","3393089024","3393089279"],"ip2locationv6":["281472409869312","281472409869567","281472409870080","281472409870335","281474074831104","281474074831359","281474074832384","281474074832639"]},"muanghinboun":{"name":"Muang Hinboun","latitude":"17.591000","longitude":"104.603880","postcode":"-","gmtOffset":25200,"gmtOffsetName":"UTC+07:00","ip2locationv4":["1737568256","1737568511","1921063424","1921063679","3082185472","3082185727","3082189312","3082189567","3397972736","3397972991","3398013184","3398013439"],"ip2locationv6":["281472419311616","281472419311871","281472602806784","281472602807039","281473763928832","281473763929087","281473763932672","281473763932927","281474079716096","281474079716351","281474079756544","281474079756799"]}}},"louangphabang":{"name":"Louangphabang","cities":{"luangprabang":{"name":"Luang Prabang","latitude":"19.885560","longitude":"102.134720","postcode":"-","gmtOffset":25200,"gmtOffsetName":"UTC+07:00","ip2locationv4":["1728126464","1728126719","1934908160","1934908415","1934914304","1934914559","2598242048","2598242303"],"ip2locationv6":["281472409869824","281472409870079","281472616651520","281472616651775","281472616657664","281472616657919","281473279985408","281473279985663"]}}},"xiangkhouang":{"name":"Xiangkhouang","cities":{"banphonsavan":{"name":"Ban Phonsavan","latitude":"19.459070","longitude":"103.179990","postcode":"-","gmtOffset":25200,"gmtOffsetName":"UTC+07:00","ip2locationv4":["1735442176","1735442431","1743843584","1743843839"],"ip2locationv6":["281472417185536","281472417185791","281472425586944","281472425587199"]},"muangphonsavan":{"name":"Muang Phonsavan","latitude":"19.450000","longitude":"103.216670","postcode":"-","gmtOffset":25200,"gmtOffsetName":"UTC+07:00","ip2locationv4":["1934904576","1934904831"],"ip2locationv6":["281472616647936","281472616648191"]}}},"bokeo":{"name":"Bokeo","cities":{"banhouayxay":{"name":"Ban Houayxay","latitude":"20.277500","longitude":"100.412780","postcode":"-","gmtOffset":25200,"gmtOffsetName":"UTC+07:00","ip2locationv4":["1743843840","1743844095","1934904832","1934905087","1934906368","1934906623"],"ip2locationv6":["281472425587200","281472425587455","281472616648192","281472616648447","281472616649728","281472616649983"]}}},"oudomxai":{"name":"Oudomxai","cities":{"muangla":{"name":"Muang La","latitude":"20.866670","longitude":"102.116670","postcode":"-","gmtOffset":25200,"gmtOffsetName":"UTC+07:00","ip2locationv4":["1743844096","1743844351"],"ip2locationv6":["281472425587456","281472425587711"]},"muangxai":{"name":"Muang Xai","latitude":"20.700000","longitude":"101.983330","postcode":"-","gmtOffset":25200,"gmtOffsetName":"UTC+07:00","ip2locationv4":["1934916864","1934917119","3082186752","3082187007"],"ip2locationv6":["281472616660224","281472616660479","281473763930112","281473763930367"]}}},"phongsali":{"name":"Phongsali","cities":{"phongsali":{"name":"Phongsali","latitude":"21.683330","longitude":"102.105830","postcode":"-","gmtOffset":25200,"gmtOffsetName":"UTC+07:00","ip2locationv4":["1921064448","1921064703"],"ip2locationv6":["281472602807808","281472602808063"]}}},"attapu":{"name":"Attapu","cities":{"attapeu":{"name":"Attapeu","latitude":"14.800000","longitude":"106.833330","postcode":"-","gmtOffset":25200,"gmtOffsetName":"UTC+07:00","ip2locationv4":["1934914816","1934915071","2598241792","2598242047","3082188800","3082189055","3398015488","3398015743"],"ip2locationv6":["281472616658176","281472616658431","281473279985152","281473279985407","281473763932160","281473763932415","281474079758848","281474079759103"]},"sanaxy":{"name":"Sanaxy","latitude":"15.022070","longitude":"107.260160","postcode":"-","gmtOffset":25200,"gmtOffsetName":"UTC+07:00","ip2locationv4":["3082184448","3082184703"],"ip2locationv6":["281473763927808","281473763928063"]}}},"louangnamtha":{"name":"Louang Namtha","cities":{"muangnale":{"name":"Muang Nale","latitude":"20.533610","longitude":"101.445560","postcode":"-","gmtOffset":25200,"gmtOffsetName":"UTC+07:00","ip2locationv4":["3082188032","3082188287"],"ip2locationv6":["281473763931392","281473763931647"]}}},"xaignabouli":{"name":"Xaignabouli","cities":{"banhouakhoua":{"name":"Ban Houakhoua","latitude":"20.245280","longitude":"100.454720","postcode":"-","gmtOffset":25200,"gmtOffsetName":"UTC+07:00","ip2locationv4":["3082189056","3082189311"],"ip2locationv6":["281473763932416","281473763932671"]}}},"bolikhamxai":{"name":"Bolikhamxai","cities":{"paksan":{"name":"Paksan","latitude":"18.377780","longitude":"103.660070","postcode":"-","gmtOffset":25200,"gmtOffsetName":"UTC+07:00","ip2locationv4":["3082189568","3082189823"],"ip2locationv6":["281473763932928","281473763933183"]}}}}}