{"id":139,"name":"Mauritania","iso3":"MRT","iso2":"MR","numeric_code":"478","phone_code":"222","capital":"Nouakchott","currency":"MRO","currency_name":"Mauritanian ouguiya","currency_symbol":"MRU","tld":".mr","native":"\u0645\u0648\u0631\u064a\u062a\u0627\u0646\u064a\u0627","region":"Africa","region_id":"1","subregion":"Western Africa","subregion_id":"3","nationality":"Mauritanian","timezones":[{"zoneName":"Africa/Nouakchott","gmtOffset":0,"gmtOffsetName":"UTC\u00b100","abbreviation":"GMT","tzName":"Greenwich Mean Time"}],"translations":{"kr":"\ubaa8\ub9ac\ud0c0\ub2c8","pt-BR":"Maurit\u00e2nia","pt":"Maurit\u00e2nia","nl":"Mauritani\u00eb","hr":"Mauritanija","fa":"\u0645\u0648\u0631\u06cc\u062a\u0627\u0646\u06cc","de":"Mauretanien","es":"Mauritania","fr":"Mauritanie","ja":"\u30e2\u30fc\u30ea\u30bf\u30cb\u30a2","it":"Mauritania","cn":"\u6bdb\u91cc\u5854\u5c3c\u4e9a","tr":"Moritanya"},"latitude":"20.00000000","longitude":"-12.00000000","emoji":"\ud83c\uddf2\ud83c\uddf7","emojiU":"U+1F1F2 U+1F1F7","states":{"adrar":{"id":3344,"name":"Adrar","state_code":"07","latitude":"19.86521760","longitude":"-12.80547530","type":"region","cities":{"atar":{"id":67746,"name":"Atar","latitude":"20.51770000","longitude":"-13.04857000"},"azougui":{"id":150074,"name":"Azougui","latitude":"20.56764000","longitude":"-13.11191000"},"chingue\u1e6d\u1e6di":{"id":67748,"name":"Chingue\u1e6d\u1e6di","latitude":"20.46300000","longitude":"-12.36200000"},"ksarelkhali":{"id":150075,"name":"Ksar el Khali","latitude":"20.93333333","longitude":"-11.61666667"}}},"assaba":{"id":3349,"name":"Assaba","state_code":"03","latitude":"16.77595580","longitude":"-11.52480550","type":"region","cities":{"bark\u00e9wol":{"id":67747,"name":"Bark\u00e9wol","latitude":"16.64039000","longitude":"-12.49849000"},"kiffa":{"id":67750,"name":"Kiffa","latitude":"16.616590","longitude":"-11.404530","postcode":"-","gmtOffset":0,"gmtOffsetName":"UTC+00:00","ip2locationv4":["3320251136","3320251391","3320257792","3320258047"],"ip2locationv6":["281474001994496","281474001994751","281474002001152","281474002001407"]}}},"brakna":{"id":3339,"name":"Brakna","state_code":"05","latitude":"17.23175610","longitude":"-13.17403480","type":"region","cities":{"\u2019elbeljmel":{"id":67757,"name":"\u2019Elb el Jmel","latitude":"17.01050000","longitude":"-13.97102000"},"aleg":{"id":67745,"name":"Aleg","latitude":"17.048100","longitude":"-13.920900","postcode":"-","gmtOffset":0,"gmtOffsetName":"UTC+00:00","ip2locationv4":["700216832","700217343","700218624","700218879"],"ip2locationv6":["281471381960192","281471381960703","281471381961984","281471381962239"]},"bofal":{"id":150071,"name":"Bofal","latitude":"16.41666667","longitude":"-13.80000000"},"sorimal\u00e9":{"id":150072,"name":"Sori Mal\u00e9","latitude":"16.95416667","longitude":"-13.37916667"}}},"dakhletnouadhibou":{"id":3346,"name":"Dakhlet Nouadhibou","state_code":"08","latitude":"20.59855880","longitude":"-16.25221430","type":"region","cities":{"cansado":{"id":150076,"name":"Cansado","latitude":"20.853320","longitude":"-17.032800","postcode":"-","gmtOffset":0,"gmtOffsetName":"UTC+00:00","ip2locationv4":["3320253440","3320253695"],"ip2locationv6":["281474001996800","281474001997055"]},"iouik":{"id":150077,"name":"Iouik","latitude":"19.84944444","longitude":"-16.33083333"},"nouadhibou":{"id":67751,"name":"Nouadhibou","latitude":"20.930980","longitude":"-17.034650","postcode":"-","gmtOffset":0,"gmtOffsetName":"UTC+00:00","ip2locationv4":["696944384","696944639","700210176","700210431","702504960","702505471","1385647104","1385647359","3320251648","3320251903"],"ip2locationv6":["281471378687744","281471378687999","281471381953536","281471381953791","281471384248320","281471384248831","281472067390464","281472067390719","281474001995008","281474001995263"]}}},"gorgol":{"id":3341,"name":"Gorgol","state_code":"04","latitude":"15.97173570","longitude":"-12.62162110","type":"region","cities":{"ka\u00e9di":{"id":67749,"name":"Ka\u00e9di","latitude":"16.15027000","longitude":"-13.50370000"}}},"guidimaka":{"id":3350,"name":"Guidimaka","state_code":"10","latitude":"15.25573310","longitude":"-12.25479190","type":"region","cities":{"s\u00e9libaby":{"id":67754,"name":"S\u00e9libaby","latitude":"15.15846000","longitude":"-12.18430000"},"selibaby":{"name":"Selibaby","latitude":"15.158950","longitude":"-12.182900","postcode":"-","gmtOffset":0,"gmtOffsetName":"UTC+00:00","ip2locationv4":["700203776","700204031"],"ip2locationv6":["281471381947136","281471381947391"]}}},"hodhechchargui":{"id":3338,"name":"Hodh Ech Chargui","state_code":"01","latitude":"18.67370260","longitude":"-7.09287700","type":"region","cities":{"diade":{"id":150066,"name":"Diade","latitude":"16.23333333","longitude":"-7.41666667"},"kataouane":{"id":150067,"name":"Kataouane","latitude":"16.06888889","longitude":"-6.49888889"},"n\u00e9ma":{"id":67752,"name":"N\u00e9ma","latitude":"16.61702000","longitude":"-7.25649000"},"timbedra":{"id":150068,"name":"Timbedra","latitude":"16.24472222","longitude":"-8.16750000"}}},"hodhelgharbi":{"id":3351,"name":"Hodh El Gharbi","state_code":"02","latitude":"16.69121490","longitude":"-9.54509740","type":"region","cities":{"aioun":{"id":67743,"name":"Aioun","latitude":"16.66140000","longitude":"-9.61490000"},"ayounelatrous":{"id":150069,"name":"Ayoun el Atrous","latitude":"16.66666667","longitude":"-9.61666667"},"togba":{"id":150070,"name":"Togba","latitude":"17.40000000","longitude":"-10.36666667"}}},"inchiri":{"id":3342,"name":"Inchiri","state_code":"12","latitude":"20.02805610","longitude":"-15.40680790","type":"region","cities":{"akjoujt":{"id":67744,"name":"Akjoujt","latitude":"19.696940","longitude":"-14.416390","postcode":"-","gmtOffset":0,"gmtOffsetName":"UTC+00:00","ip2locationv4":["700204032","700204287"],"ip2locationv6":["281471381947392","281471381947647"]}}},"nouakchott-nord":{"id":3343,"name":"Nouakchott-Nord","state_code":"14","latitude":"18.11302050","longitude":"-15.89949560","type":"region","cities":{"dar-naim":{"id":150085,"name":"Dar-Naim","latitude":"18.03333333","longitude":"-15.96666667"},"teyarett":{"id":150086,"name":"Teyarett","latitude":"18.12895720","longitude":"-15.93778340"},"toujouonine":{"id":150087,"name":"Toujouonine","latitude":"18.07169000","longitude":"-15.90311000"}}},"nouakchott-ouest":{"id":3352,"name":"Nouakchott-Ouest","state_code":"13","latitude":"18.15113570","longitude":"-15.99349100","type":"region","cities":{"ksar":{"id":150082,"name":"Ksar","latitude":"18.10222222","longitude":"-15.95500000"},"sebkha":{"id":150083,"name":"Sebkha","latitude":"18.07555556","longitude":"-16.00194444"},"tevragh-zeina":{"id":150084,"name":"Tevragh-Zeina","latitude":"18.11011000","longitude":"-15.99931000"}}},"nouakchott-sud":{"id":3347,"name":"Nouakchott-Sud","state_code":"15","latitude":"17.97092880","longitude":"-15.94648740","type":"region","cities":{"arafat":{"id":150088,"name":"Arafat","latitude":"18.04639000","longitude":"-15.97194000"},"riyad":{"id":150089,"name":"Riyad","latitude":"18.10222222","longitude":"-15.95500000"}}},"tagant":{"id":3345,"name":"Tagant","state_code":"09","latitude":"18.54675270","longitude":"-9.90181310","type":"region","cities":{"tidjikja":{"name":"Tidjikja","latitude":"18.556440","longitude":"-11.427150","postcode":"-","gmtOffset":0,"gmtOffsetName":"UTC+00:00","ip2locationv4":["700218368","700218623"],"ip2locationv6":["281471381961728","281471381961983"]}}},"tiriszemmour":{"id":3340,"name":"Tiris Zemmour","state_code":"11","latitude":"24.57737640","longitude":"-9.90181310","type":"region","cities":{"ainbentili":{"id":150078,"name":"Ain Ben Tili","latitude":"25.99444444","longitude":"-9.55333333"},"chegga":{"id":150079,"name":"Chegga","latitude":"25.37194444","longitude":"-5.78666667"},"fder\u00eeck":{"id":150080,"name":"Fder\u00eeck","latitude":"22.67777778","longitude":"-12.70750000"},"zou\u00e9rat":{"id":150081,"name":"Zou\u00e9rat","latitude":"22.73444444","longitude":"-12.47250000"},"zouerate":{"id":67756,"name":"Zouerate","latitude":"22.718730","longitude":"-12.452050","postcode":"-","gmtOffset":0,"gmtOffsetName":"UTC+00:00","ip2locationv4":["3320250624","3320250879","3320251904","3320252415","3320256512","3320256767"],"ip2locationv6":["281474001993984","281474001994239","281474001995264","281474001995775","281474001999872","281474002000127"]}}},"trarza":{"id":3348,"name":"Trarza","state_code":"06","latitude":"17.86649640","longitude":"-14.65878210","type":"region","cities":{"legat":{"id":150073,"name":"Legat","latitude":"16.75000000","longitude":"-14.83333333"},"rosso":{"id":67753,"name":"Rosso","latitude":"16.520040","longitude":"-15.807270","postcode":"-","gmtOffset":0,"gmtOffsetName":"UTC+00:00","ip2locationv4":["696947456","696947711"],"ip2locationv6":["281471378690816","281471378691071"]},"t\u00e9kane":{"id":67755,"name":"T\u00e9kane","latitude":"16.60175000","longitude":"-15.34866000"}}},"nouakchottouest":{"name":"Nouakchott Ouest","cities":{"nouakchott":{"name":"Nouakchott","latitude":"18.085810","longitude":"-15.978500","postcode":"-","gmtOffset":0,"gmtOffsetName":"UTC+00:00","ip2locationv4":["696942592","696944383","696944640","696947455","696947712","696950783","700203008","700203775","700204288","700210175","700210432","700216831","700217344","700218367","700218880","700219391","702405888","702406143","702505472","702505983","760449792","760450047","961718272","961718783","1385644032","1385647103","1385647360","1385652223","1713682432","1713683199","1725333504","1725334527","1725353984","1725355007","1725390592","1725390847","1725438720","1725438975","1725487104","1725488127","1725681408","1725681663","3291550208","3291550463","3302960384","3302960639","3320250368","3320250623","3320250880","3320251135","3320251392","3320251647","3320252416","3320253439","3320253696","3320256511","3320256768","3320257791","3320258048","3320258559"],"ip2locationv6":["281471378685952","281471378687743","281471378688000","281471378690815","281471378691072","281471378694143","281471381946368","281471381947135","281471381947648","281471381953535","281471381953792","281471381960191","281471381960704","281471381961727","281471381962240","281471381962751","281471384149248","281471384149503","281471384248832","281471384249343","281471442193152","281471442193407","281471643461632","281471643462143","281472067387392","281472067390463","281472067390720","281472067395583","281472395425792","281472395426559","281472407076864","281472407077887","281472407097344","281472407098367","281472407133952","281472407134207","281472407182080","281472407182335","281472407230464","281472407231487","281472407424768","281472407425023","281473973293568","281473973293823","281473984703744","281473984703999","281474001993728","281474001993983","281474001994240","281474001994495","281474001994752","281474001995007","281474001995776","281474001996799","281474001997056","281474001999871","281474002000128","281474002001151","281474002001408","281474002001919","42540578174773377497814911056668000256","42540578174773377516261655130377551871","42540578174775876330660623899949006848","42540578174775876349107367973658558463","50541822694394792357096313974157213696","50541822694414135170210148040952512511","50541822696938372281565493757739008000","50541822696957715094679327824534306815","50543536577706956079687134547902726144","50543536577716627486244051581300375551","55838750791184979420464146871947886592","55838750791184979438910890945657438207","55838750791185609266093799610878263296","55838750791185609284540543684587814911","55838750791186188346283761501122592768","55838750791186188364730505574832144383","55838750791187397272103376130297298944","55838750791187397290550120204006850559","55838750791188027117733028869227675648","55838750791188027136179772942937227263","55838750791188606197922990759472005120","55838750791188606216369734833181556735","55838750791189815123742605388646711296","55838750791189815142189349462356262911","55838750791190444969372258127577088000","55838750791190444987819002201286639615","55838750791191024049562220017821417472","55838750791191024068008964091530969087","55838750791194650827021063905345536000","55838750791194650845467807979055087615","55838750791195280672650716644275912704","55838750791195280691097460717985464319","55838750791195859752840678534520242176","55838750791195859771287422608229793791","55849932188200807407728516428363464704","55849932188200807426175260502073016319","55849932188201009030641242073762627584","55849932188201013753007724943407841279","55849932188202015946166505509637586944","55849932188202015964613249583347138559","55849932188202194344628442354711265280","55849932188202199066994925224356478975","55849932188221358132091041070308130816","55849932188221358150537785144017682431","55849932188221504101176896333990068224","55849932188221508823543379203635281919","55849932208017971351187835596742590464","55849932208018046909051561511066009599","55849932208037314164301669663537889280","55849932208037389722165395577861308415","55849932208056656977415503730333188096","55849932208056732535279229644656607231","55849932208075999790529337797128486912","55849932208076075348393063711451906047","55849932208095342603643171863923785728","55849932208095418161506897778247204863","55849932208114685416757005930719084544","55849932208114760974620731845042503679","55849932208134028229870839997514383360","55849932208134103787734565911837802495","55849932208153371042984674064309682176","55849932208153446600848399978633101311","55878094337900012835486923567629598720","55878094337900012853933667641339150335","55878094337938698461714591701220196352","55878094337938698480161335774929747967","55878094337977384087942259834810793984","55878094337977384106389003908520345599","55878094338016069714169927968401391616","55878094338016069732616672042110943231","55878094415658121553099872084730839040","55878094415667792959656789118128488447","55878094494886284067364209678274789376","55878094494895955473921126711672438783","55878094553040451694106331498340679680","55878094553050123100663248531738329087","55878094557992211851247852597937176576","55878094558001883257804769631334825983","55878094653555380040145059600110977024","55878094653565051446701976633508626431","55878094732783542554409397193654927360","55878094732793213960966314227052576767","58564610939943245891907488290630008832","58564611019171408406171825884173959167","58564671787172056846918760132383866880","58564671866400219361183097725927817215","58564692069581660498589184079635152896","58564692148809823012853521673179103231","58565508436568207478323747956499415040","58565508515796369992588085550043365375","58568978630086332256310345181524131840","58568978709314494770574682775068082175"]}}}}}