{"id":79,"name":"Gabon","iso3":"GAB","iso2":"GA","numeric_code":"266","phone_code":"241","capital":"Libreville","currency":"XAF","currency_name":"Central African CFA franc","currency_symbol":"FCFA","tld":".ga","native":"Gabon","region":"Africa","region_id":"1","subregion":"Middle Africa","subregion_id":"2","nationality":"Gabonese","timezones":[{"zoneName":"Africa/Libreville","gmtOffset":3600,"gmtOffsetName":"UTC+01:00","abbreviation":"WAT","tzName":"West Africa Time"}],"translations":{"kr":"\uac00\ubd09","pt-BR":"Gab\u00e3o","pt":"Gab\u00e3o","nl":"Gabon","hr":"Gabon","fa":"\u06af\u0627\u0628\u0646","de":"Gabun","es":"Gab\u00f3n","fr":"Gabon","ja":"\u30ac\u30dc\u30f3","it":"Gabon","cn":"\u52a0\u84ec","tr":"Gabon"},"latitude":"-1.00000000","longitude":"11.75000000","emoji":"\ud83c\uddec\ud83c\udde6","emojiU":"U+1F1EC U+1F1E6","states":{"estuaireprovince":{"id":2727,"name":"Estuaire Province","state_code":"1","latitude":"0.44328640","longitude":"10.08072980","type":null,"cities":{"cocobeach":{"id":48131,"name":"Cocobeach","latitude":"1.00019000","longitude":"9.58229000"},"libreville":{"id":48138,"name":"Libreville","latitude":"0.39241000","longitude":"9.45356000"},"ntoum":{"id":48150,"name":"Ntoum","latitude":"0.39051000","longitude":"9.76096000"}}},"haut-ogoou\u00e9province":{"id":2726,"name":"Haut-Ogoou\u00e9 Province","state_code":"2","latitude":"-1.47625440","longitude":"13.91439900","type":null,"cities":{"franceville":{"id":48133,"name":"Franceville","latitude":"-1.63333000","longitude":"13.58357000"},"l\u00e9koni":{"id":48139,"name":"L\u00e9koni","latitude":"-1.58431000","longitude":"14.25905000"},"moanda":{"id":48145,"name":"Moanda","latitude":"-1.56652000","longitude":"13.19870000"},"mounana":{"id":48147,"name":"Mounana","latitude":"-1.40850000","longitude":"13.15857000"},"okondja":{"id":48151,"name":"Okondja","latitude":"-0.65487000","longitude":"13.67533000"}}},"moyen-ogoou\u00e9province":{"id":2730,"name":"Moyen-Ogoou\u00e9 Province","state_code":"3","latitude":"-0.44278400","longitude":"10.43965600","type":null,"cities":{"lambar\u00e9n\u00e9":{"id":48136,"name":"Lambar\u00e9n\u00e9","latitude":"-0.70010000","longitude":"10.24055000"},"ndjol\u00e9":{"id":48149,"name":"Ndjol\u00e9","latitude":"-0.17827000","longitude":"10.76488000"}}},"ngouni\u00e9province":{"id":2731,"name":"Ngouni\u00e9 Province","state_code":"4","latitude":"-1.49303030","longitude":"10.98070030","type":null,"cities":{"fougamou":{"id":48132,"name":"Fougamou","latitude":"-1.21544000","longitude":"10.58378000"},"mbigou":{"id":48142,"name":"Mbigou","latitude":"-1.90046000","longitude":"11.90600000"},"mimongo":{"id":48143,"name":"Mimongo","latitude":"-1.61952000","longitude":"11.60675000"},"mouila":{"id":48146,"name":"Mouila","latitude":"-1.86846000","longitude":"11.05594000"},"ndend\u00e9":{"id":48148,"name":"Ndend\u00e9","latitude":"-2.40077000","longitude":"11.35813000"}}},"nyangaprovince":{"id":2725,"name":"Nyanga Province","state_code":"5","latitude":"-2.88210330","longitude":"11.16173560","type":null,"cities":{"mayumba":{"id":48141,"name":"Mayumba","latitude":"-3.43198000","longitude":"10.65540000"},"tchibanga":{"id":48155,"name":"Tchibanga","latitude":"-2.93323000","longitude":"10.98178000"}}},"ogoou\u00e9-ivindoprovince":{"id":2724,"name":"Ogoou\u00e9-Ivindo Province","state_code":"6","latitude":"0.88183110","longitude":"13.17403480","type":null,"cities":{"boou\u00e9":{"id":48130,"name":"Boou\u00e9","latitude":"-0.09207000","longitude":"11.93846000"},"makokou":{"id":48140,"name":"Makokou","latitude":"0.57381000","longitude":"12.86419000"},"zadie":{"id":48156,"name":"Zadie","latitude":"0.92582000","longitude":"13.90813000"}}},"ogoou\u00e9-loloprovince":{"id":2729,"name":"Ogoou\u00e9-Lolo Province","state_code":"7","latitude":"-0.88440930","longitude":"12.43805810","type":null,"cities":{"koulamoutou":{"id":48135,"name":"Koulamoutou","latitude":"-1.13667000","longitude":"12.46399000"},"lastoursville":{"id":48137,"name":"Lastoursville","latitude":"-0.81742000","longitude":"12.70818000"}}},"ogoou\u00e9-maritimeprovince":{"id":2728,"name":"Ogoou\u00e9-Maritime Province","state_code":"8","latitude":"-1.34659750","longitude":"9.72326730","type":null,"cities":{"gamba":{"id":48134,"name":"Gamba","latitude":"-2.65000000","longitude":"10.00000000"},"ombou\u00e9":{"id":48152,"name":"Ombou\u00e9","latitude":"-1.57464000","longitude":"9.26184000"},"port-gentil":{"id":48154,"name":"Port-Gentil","latitude":"-0.71933000","longitude":"8.78151000"}}},"woleu-ntemprovince":{"id":2723,"name":"Woleu-Ntem Province","state_code":"9","latitude":"2.29898270","longitude":"11.44669140","type":null,"cities":{"bitam":{"id":48129,"name":"Bitam","latitude":"2.07597000","longitude":"11.50065000"},"mitzic":{"id":48144,"name":"Mitzic","latitude":"0.78205000","longitude":"11.54904000"},"oyem":{"id":48153,"name":"Oyem","latitude":"1.59950000","longitude":"11.57933000"}}},"estuaire":{"name":"Estuaire","cities":{"libreville":{"name":"Libreville","latitude":"0.392500","longitude":"9.453650","postcode":"-","gmtOffset":3600,"gmtOffsetName":"UTC+01:00","ip2locationv4":["693039104","693040127","698220544","698221055","698221312","698228991","698229248","698229503","698229760","698230015","698230272","698231039","698231296","698232575","698232832","698234367","698234624","698245119","698245376","698246911","698247168","698247935","698248448","698248959","698249216","698249471","698249984","698251519","698252032","698253567","698254080","698254591","698255360","698255615","698255872","698256127","698256640","698256895","698258688","698258943","698259456","698259711","698260480","698260735","698262016","698262783","698267648","698268159","698268416","698268927","698269696","698271743","698272256","698273279","698273536","698274559","698275072","698275327","698275584","698276607","698277120","698278399","698278656","698279423","698279680","698281983","698282752","698283263","698283520","698293759","698294016","698320383","698320640","698321919","698322176","698322687","698323200","698324479","698324736","698325503","698325760","698351615","701726720","701734911","701736960","701742079","701742336","701743103","961691136","961691647","1425972224","1425972479","1489656064","1489656319","1719738368","1719739391","1719955712","1719955967","1720065024","1720066047","1720582144","1720584191","1720584448","1720588799","1720589056","1720595967","1720596224","1720598015","1720598272","1720607231","1720607744","1720608511","1720608768","1720621567","1720621824","1720623871","1720624128","1720647679","1722055680","1722055935","1722056192","1722056703","2583699456","2583707647","2583736320","2583737087","2583737344","2583737599","2583737856","2583738367","2583738880","2583739135","2583739392","2583740415","2591032064","2591032319","2591032576","2591033599","2591035392","2591096831","2591293440","2591301631","2591302144","2591304191","2591304704","2591307775","2591308032","2591309311","2591309568","2591313407","2591313664","2591314687","2591314944","2591317503","2591317760","2591320575","2591320832","2591321855","2591322112","2591326207","2591539456","2591539711","2591541504","2591542015","2591543296","2591547391","2644639744","2644705279","2692194304","2692197631","2692197888","2692198399","2692198912","2692199935","2692200192","2692200703","2692200960","2692201471","2692201728","2692202495","2845769728","2845776639","2845777152","2845786111","2851050496","2851051519","2852099328","2852100095","3291549952","3291550207","3291619328","3291619839","3302958848","3302959103","3320266752","3320270847","3320271104","3320273151","3320273664","3320283135","3320971264","3320979455","3638753280","3638754303","3645718528","3645722623","3648080640","3648080895"],"ip2locationv6":["281471374782464","281471374783487","281471379963904","281471379964415","281471379964672","281471379972351","281471379972608","281471379972863","281471379973120","281471379973375","281471379973632","281471379974399","281471379974656","281471379975935","281471379976192","281471379977727","281471379977984","281471379988479","281471379988736","281471379990271","281471379990528","281471379991295","281471379991808","281471379992319","281471379992576","281471379992831","281471379993344","281471379994879","281471379995392","281471379996927","281471379997440","281471379997951","281471379998720","281471379998975","281471379999232","281471379999487","281471380000000","281471380000255","281471380002048","281471380002303","281471380002816","281471380003071","281471380003840","281471380004095","281471380005376","281471380006143","281471380011008","281471380011519","281471380011776","281471380012287","281471380013056","281471380015103","281471380015616","281471380016639","281471380016896","281471380017919","281471380018432","281471380018687","281471380018944","281471380019967","281471380020480","281471380021759","281471380022016","281471380022783","281471380023040","281471380025343","281471380026112","281471380026623","281471380026880","281471380037119","281471380037376","281471380063743","281471380064000","281471380065279","281471380065536","281471380066047","281471380066560","281471380067839","281471380068096","281471380068863","281471380069120","281471380094975","281471383470080","281471383478271","281471383480320","281471383485439","281471383485696","281471383486463","281471643434496","281471643435007","281472107715584","281472107715839","281472171399424","281472171399679","281472401481728","281472401482751","281472401699072","281472401699327","281472401808384","281472401809407","281472402325504","281472402327551","281472402327808","281472402332159","281472402332416","281472402339327","281472402339584","281472402341375","281472402341632","281472402350591","281472402351104","281472402351871","281472402352128","281472402364927","281472402365184","281472402367231","281472402367488","281472402391039","281472403799040","281472403799295","281472403799552","281472403800063","281473265442816","281473265451007","281473265479680","281473265480447","281473265480704","281473265480959","281473265481216","281473265481727","281473265482240","281473265482495","281473265482752","281473265483775","281473272775424","281473272775679","281473272775936","281473272776959","281473272778752","281473272840191","281473273036800","281473273044991","281473273045504","281473273047551","281473273048064","281473273051135","281473273051392","281473273052671","281473273052928","281473273056767","281473273057024","281473273058047","281473273058304","281473273060863","281473273061120","281473273063935","281473273064192","281473273065215","281473273065472","281473273069567","281473273282816","281473273283071","281473273284864","281473273285375","281473273286656","281473273290751","281473326383104","281473326448639","281473373937664","281473373940991","281473373941248","281473373941759","281473373942272","281473373943295","281473373943552","281473373944063","281473373944320","281473373944831","281473373945088","281473373945855","281473527513088","281473527519999","281473527520512","281473527529471","281473532793856","281473532794879","281473533842688","281473533843455","281473973293312","281473973293567","281473973362688","281473973363199","281473984702208","281473984702463","281474002010112","281474002014207","281474002014464","281474002016511","281474002017024","281474002026495","281474002714624","281474002722815","281474320496640","281474320497663","281474327461888","281474327465983","281474329824000","281474329824255","42540578165184246389392418126463762432","42540578165184246407839162200173314047","42540578165198693694883506710193897472","42540578165198693713330250783903449087","42540578165216855123166628196175052800","42540578165216855141613372269884604415","42540578165300279029053709672884731904","42540578165300279047500453746594283519","42540578165302652276465768701538336768","42540578165302652294912512775247888383","42540578165305074905811713050661617664","42540578165305074924258457124371169279","42540578174775844233325935645329195008","42540578174775844251772679719038746623","42540578174775870095661126986120560640","42540578174775870114107871059830112255","42540578174785512706850544958908137472","42540578174785512725297289032617689087","42540578174802390832041946618802470912","42540578174802390850488690692512022527","42540578174812061980344446620266397696","42540578174812061998791190693975949311","42541866737380893005670354659129163776","42541866737383310857309583917478576127","50512955727715892769279357584477782016","50512955727717101695098972213652488191","50541822694704277366917659042881994752","50541822694709113070196117559580819455","50541822694728455883309951626376118272","50541822694742962993145327176472592383","50541822697363914170069843227235581952","50541822697383256983183677294030880767","50543536571991154804549167809891926016","50543536572000826211106084843289575423","55838750791417093177830155673491472384","55838750791417093196276899747201023999","55838750791417708266064549444780556288","55838750791417708284511293518490107903","55838750791418302103649770302666178560","55838750791418302122096514376375730175","55838750791426764584387072706889121792","55838750791426764602833816780598673407","55838750791427379672621466478178205696","55838750791427379691068210551887757311","55838750791427973510206687336063827968","55838750791427973528653431409773379583","55838750791431600287665531223587946496","55838750791431600306112275297297498111","55838750791432215375899924994877030400","55838750791432215394346669068586582015","55838750791432809213485145852762652672","55838750791432809231931889926472204287","55849932188199597338210769229196558336","55849932188199597356657513302906109951","55849932188199710379858452921328861184","55849932188199715102224935790974074879","55849932188203224244796821632687538176","55849932188203224263243565706397089791","55849932188203327712584331069562552320","55849932188203332434950813939207766015","55849932188292684755448304191615795200","55849932188292684773895048265325346815","55849932188292788223235813628490809344","55849932188292792945602296498136023039","55849932188303565733460878434022457344","55849932188303565751907622507732008959","55849932188303739391109588335741370368","55849932188303744113476071205386584063","55849932208012304511408392022486155264","55849932208012380069272117936809574399","55849932208031647324522226089281454080","55849932208031722882385952003604873215","55849932208050990137636060156076752896","55849932208051065695499786070400172031","55849932208070332950749894222872051712","55849932208070408508613620137195470847","55849932208089675763863728289667350528","55849932208089751321727454203990769663","55849932208109018576977562356462649344","55849932208109094134841288270786068479","55849932208128361390091396423257948160","55849932208128436947955122337581367295","55849932208147704203205230490053246976","55849932208147779761068956404376666111","55878094326294324967186483490450309120","55878094326294324985633227564159860735","55878094326333010593414151624040906752","55878094326333010611860895697750458367","55878094326371696219641819757631504384","55878094326371696238088563831341055999","55878094326410381845869487891222102016","55878094326410381864316231964931653631","55878094409942320277961905346720038912","55878094409951991684518822380117688319","55878094489170482792226242940263989248","55878094489180154198783159973661638655","55878094552324767608894471026914623488","55878094552334439015451388060312272895","55878094557276527766035992126511120384","55878094557286199172592909159908769791","55878094647742864699437922528123682816","55878094647752536105994839561521332223","55878094726971027213702260121667633152","55878094726980698620259177155065282559","55931082444580511423583238508733530112","55931082444655464824399345517565313023","58565052082352125315739209143345479680","58565052161580287830003546736889430015","58565792390302658601709683218017419264","58565792469530821115974020811561369599","58568773270690304208966917344779567104","58568773270691513134786531973954273279","58568788482496298021900120676043325440","58568788484439041814020829759796150271","58568788484440250739840444388970856448","58568788561724460536164458269587275775","58568862640056411373320108233180839936","58568862719284573887584445826724790271","58568910810779220046037365107902644224","58568910890007382560301702701446594559","58568972291833331115163337698008104960","58568972371061493629427675291552055295","58568980531562232598654447426578939904","58568980610790395112918785020122890239"]},"owendo":{"name":"Owendo","latitude":"0.291230","longitude":"9.504650","postcode":"-","gmtOffset":3600,"gmtOffsetName":"UTC+01:00","ip2locationv4":["698230016","698230271","698261504","698261759","698274816","698275071","698324480","698324735","701742080","701742335","1720584192","1720584447","1720588800","1720589055","1720595968","1720596223","1720598016","1720598271","1720607232","1720607743","1720608512","1720608767","1720621568","1720621823","1720623872","1720624127","2591542528","2591542783","2692198656","2692198911","2692200704","2692200959","2692201472","2692201727"],"ip2locationv6":["281471379973376","281471379973631","281471380004864","281471380005119","281471380018176","281471380018431","281471380067840","281471380068095","281471383485440","281471383485695","281472402327552","281472402327807","281472402332160","281472402332415","281472402339328","281472402339583","281472402341376","281472402341631","281472402350592","281472402351103","281472402351872","281472402352127","281472402364928","281472402365183","281472402367232","281472402367487","281473273285888","281473273286143","281473373942016","281473373942271","281473373944064","281473373944319","281473373944832","281473373945087","58568788484439041814020829759796150272","58568788484440250739840444388970856447"]}}},"ogooue-maritime":{"name":"Ogooue-Maritime","cities":{"port-gentil":{"name":"Port-Gentil","latitude":"-0.719330","longitude":"8.781510","postcode":"-","gmtOffset":3600,"gmtOffsetName":"UTC+01:00","ip2locationv4":["698221056","698221311","698253568","698254079","698254592","698254847","698255104","698255359","698255616","698255871","698256128","698256383","698256896","698257663","698257920","698258687","698258944","698259199","698259712","698260479","698260736","698261503","698261760","698262015","698262784","698264319","698264576","698266111","698266368","698267647","698269184","698269695","698271744","698271999","698273280","698273535","698274560","698274815","698275328","698275583","698276608","698277119","698278400","698278655","698279424","698279679","698281984","698282751","698321920","698322175","698322688","698323199","701734912","701736959","1720165376","1720165887","1720166144","1720166399","1722055936","1722056191","2583737088","2583737343","2591301632","2591302143","2591304192","2591304703","2591307776","2591308031","2591309312","2591309567","2591313408","2591313663","2591314688","2591314943","2591317504","2591317759","2591320576","2591320831","2591321856","2591322111","2591539200","2591539455","2591539712","2591539967","2692197632","2692197887","2692198400","2692198655","2692199936","2692200191","2845776640","2845777151","3233588224","3233589247","3233647360","3233647871","3320270848","3320271103"],"ip2locationv6":["281471379964416","281471379964671","281471379996928","281471379997439","281471379997952","281471379998207","281471379998464","281471379998719","281471379998976","281471379999231","281471379999488","281471379999743","281471380000256","281471380001023","281471380001280","281471380002047","281471380002304","281471380002559","281471380003072","281471380003839","281471380004096","281471380004863","281471380005120","281471380005375","281471380006144","281471380007679","281471380007936","281471380009471","281471380009728","281471380011007","281471380012544","281471380013055","281471380015104","281471380015359","281471380016640","281471380016895","281471380017920","281471380018175","281471380018688","281471380018943","281471380019968","281471380020479","281471380021760","281471380022015","281471380022784","281471380023039","281471380025344","281471380026111","281471380065280","281471380065535","281471380066048","281471380066559","281471383478272","281471383480319","281472401908736","281472401909247","281472401909504","281472401909759","281472403799296","281472403799551","281473265480448","281473265480703","281473273044992","281473273045503","281473273047552","281473273048063","281473273051136","281473273051391","281473273052672","281473273052927","281473273056768","281473273057023","281473273058048","281473273058303","281473273060864","281473273061119","281473273063936","281473273064191","281473273065216","281473273065471","281473273282560","281473273282815","281473273283072","281473273283327","281473373940992","281473373941247","281473373941760","281473373942015","281473373943296","281473373943551","281473527520000","281473527520511","281473915331584","281473915332607","281473915390720","281473915391231","281474002014208","281474002014463","58568779608942096424294310199120887808","58568779688170258938558647792664838143"]},"omboue":{"name":"Omboue","latitude":"-1.574640","longitude":"9.261840","postcode":"-","gmtOffset":3600,"gmtOffsetName":"UTC+01:00","ip2locationv4":["698259200","698259455","698268160","698268415"],"ip2locationv6":["281471380002560","281471380002815","281471380011520","281471380011775"]},"gamba":{"name":"Gamba","latitude":"-2.650000","longitude":"10.000000","postcode":"-","gmtOffset":3600,"gmtOffsetName":"UTC+01:00","ip2locationv4":["698320384","698320639","2583738368","2583738623"],"ip2locationv6":["281471380063744","281471380063999","281473265481728","281473265481983"]}}},"woleu-ntem":{"name":"Woleu-Ntem","cities":{"oyem":{"name":"Oyem","latitude":"1.599500","longitude":"11.579330","postcode":"-","gmtOffset":3600,"gmtOffsetName":"UTC+01:00","ip2locationv4":["698228992","698229247","698231040","698231295","698266112","698266367","2583738624","2583738879","2583739136","2583739391"],"ip2locationv6":["281471379972352","281471379972607","281471379974400","281471379974655","281471380009472","281471380009727","281473265481984","281473265482239","281473265482496","281473265482751"]}}},"haut-ogooue":{"name":"Haut-Ogooue","cities":{"moanda":{"name":"Moanda","latitude":"-1.557460","longitude":"13.217750","postcode":"-","gmtOffset":3600,"gmtOffsetName":"UTC+01:00","ip2locationv4":["698229504","698229759","698232576","698232831","698234368","698234623","698245120","698245375","698246912","698247167","698247936","698248447","698248960","698249215","698249472","698249727","698251776","698252031","698325504","698325759"],"ip2locationv6":["281471379972864","281471379973119","281471379975936","281471379976191","281471379977728","281471379977983","281471379988480","281471379988735","281471379990272","281471379990527","281471379991296","281471379991807","281471379992320","281471379992575","281471379992832","281471379993087","281471379995136","281471379995391","281471380068864","281471380069119"]},"franceville":{"name":"Franceville","latitude":"-1.633330","longitude":"13.583570","postcode":"-","gmtOffset":3600,"gmtOffsetName":"UTC+01:00","ip2locationv4":["698283264","698283519","698293760","698294015","2591539968","2591541503","2591542016","2591542527","2591542784","2591543295","3320273152","3320273407"],"ip2locationv6":["281471380026624","281471380026879","281471380037120","281471380037375","281473273283328","281473273284863","281473273285376","281473273285887","281473273286144","281473273286655","281474002016512","281474002016767"]},"mounana":{"name":"Mounana","latitude":"-1.408500","longitude":"13.158570","postcode":"-","gmtOffset":3600,"gmtOffsetName":"UTC+01:00","ip2locationv4":["1720165888","1720166143"],"ip2locationv6":["281472401909248","281472401909503"]}}},"ogooue-lolo":{"name":"Ogooue-Lolo","cities":{"lastoursville":{"name":"Lastoursville","latitude":"-0.831320","longitude":"12.779340","postcode":"-","gmtOffset":3600,"gmtOffsetName":"UTC+01:00","ip2locationv4":["698249728","698249983","698251520","698251775"],"ip2locationv6":["281471379993088","281471379993343","281471379994880","281471379995135"]},"koulamoutou":{"name":"Koulamoutou","latitude":"-1.130320","longitude":"12.473590","postcode":"-","gmtOffset":3600,"gmtOffsetName":"UTC+01:00","ip2locationv4":["698272000","698272255"],"ip2locationv6":["281471380015360","281471380015615"]}}},"moyen-ogooue":{"name":"Moyen-Ogooue","cities":{"lambarene":{"name":"Lambarene","latitude":"-0.700100","longitude":"10.240550","postcode":"-","gmtOffset":3600,"gmtOffsetName":"UTC+01:00","ip2locationv4":["698254848","698255103","698256384","698256639","698257664","698257919","698264320","698264575","698268928","698269183","2591031808","2591032063","2591034880","2591035391"],"ip2locationv6":["281471379998208","281471379998463","281471379999744","281471379999999","281471380001024","281471380001279","281471380007680","281471380007935","281471380012288","281471380012543","281473272775168","281473272775423","281473272778240","281473272778751"]}}},"ngounie":{"name":"Ngounie","cities":{"mouila":{"name":"Mouila","latitude":"-1.868460","longitude":"11.055940","postcode":"-","gmtOffset":3600,"gmtOffsetName":"UTC+01:00","ip2locationv4":["2591031296","2591031807","2591032320","2591032575","2591033600","2591034879"],"ip2locationv6":["281473272774656","281473272775167","281473272775680","281473272775935","281473272776960","281473272778239"]},"mimongo":{"name":"Mimongo","latitude":"-1.619520","longitude":"11.606750","postcode":"-","gmtOffset":3600,"gmtOffsetName":"UTC+01:00","ip2locationv4":["2852099072","2852099327","3320273408","3320273663"],"ip2locationv6":["281473533842432","281473533842687","281474002016768","281474002017023","55827831898324705212212621110289629184","55827831898324780770076347024613048319"]}}},"nyanga":{"name":"Nyanga","cities":{"tchibanga":{"name":"Tchibanga","latitude":"-2.850000","longitude":"11.033330","postcode":"-","gmtOffset":3600,"gmtOffsetName":"UTC+01:00","ip2locationv6":["42540664365409276292218083690581852243","42540664365409276292218083690581852243"]}}}}}