{"id":212,"name":"Eswatini","iso3":"SWZ","iso2":"SZ","numeric_code":"748","phone_code":"268","capital":"Mbabane","currency":"SZL","currency_name":"Lilangeni","currency_symbol":"E","tld":".sz","native":"Swaziland","region":"Africa","region_id":"1","subregion":"Southern Africa","subregion_id":"5","nationality":"Swazi","timezones":[{"zoneName":"Africa/Mbabane","gmtOffset":7200,"gmtOffsetName":"UTC+02:00","abbreviation":"SAST","tzName":"South African Standard Time"}],"translations":{"kr":"\uc5d0\uc2a4\uc640\ud2f0\ub2c8","pt-BR":"Suazil\u00e2ndia","pt":"Suazil\u00e2ndia","nl":"Swaziland","hr":"Svazi","fa":"\u0633\u0648\u0627\u0632\u06cc\u0644\u0646\u062f","de":"Swasiland","es":"Suazilandia","fr":"Swaziland","ja":"\u30b9\u30ef\u30b8\u30e9\u30f3\u30c9","it":"Swaziland","cn":"\u65af\u5a01\u58eb\u5170","tr":"Esvatini"},"latitude":"-26.50000000","longitude":"31.50000000","emoji":"\ud83c\uddf8\ud83c\uddff","emojiU":"U+1F1F8 U+1F1FF","states":{"hhohhodistrict":{"id":969,"name":"Hhohho District","state_code":"HH","latitude":"-26.13656620","longitude":"31.35416310","type":null,"cities":{"bulembu":{"id":105084,"name":"Bulembu","latitude":"-25.96667000","longitude":"31.13333000"},"hhukwini":{"id":105087,"name":"Hhukwini","latitude":"-26.31972000","longitude":"31.22222000"},"lobamba":{"id":105093,"name":"Lobamba","latitude":"-26.46667000","longitude":"31.20000000"},"mbabane":{"id":105099,"name":"Mbabane","latitude":"-26.31667000","longitude":"31.13333000"},"nkhaba":{"id":105105,"name":"Nkhaba","latitude":"-26.15728000","longitude":"31.16391000"},"piggspeak":{"id":105109,"name":"Piggs Peak","latitude":"-25.96082000","longitude":"31.24666000"}}},"lubombodistrict":{"id":970,"name":"Lubombo District","state_code":"LU","latitude":"-26.78517730","longitude":"31.81070790","type":null,"cities":{"bigbend":{"id":105083,"name":"Big Bend","latitude":"-26.81667000","longitude":"31.93333000"},"dvokodvweniinkhundla":{"id":105085,"name":"Dvokodvweni Inkhundla","latitude":"-26.45398000","longitude":"31.76456000"},"lomashasha":{"id":105094,"name":"Lomashasha","latitude":"-26.06644000","longitude":"32.00768000"},"mhlume":{"id":105101,"name":"Mhlume","latitude":"-26.03333000","longitude":"31.85000000"},"nsoko":{"id":105107,"name":"Nsoko","latitude":"-27.03333000","longitude":"31.95000000"},"siteki":{"id":105112,"name":"Siteki","latitude":"-26.45250000","longitude":"31.94722000"},"tshaneni":{"id":105113,"name":"Tshaneni","latitude":"-25.98333000","longitude":"31.71667000"},"vuvulane":{"id":105114,"name":"Vuvulane","latitude":"-26.07427000","longitude":"31.87672000"}}},"manzinidistrict":{"id":968,"name":"Manzini District","state_code":"MA","latitude":"-26.50819990","longitude":"31.37131640","type":null,"cities":{"bhunya":{"id":105082,"name":"Bhunya","latitude":"-26.55000000","longitude":"31.01667000"},"ekukhanyeni":{"id":105086,"name":"Ekukhanyeni","latitude":"-26.38750000","longitude":"31.52806000"},"kwaluseni":{"id":105091,"name":"Kwaluseni","latitude":"-26.48333000","longitude":"31.33333000"},"malkerns":{"id":105095,"name":"Malkerns","latitude":"-26.56667000","longitude":"31.18333000"},"manzini":{"id":105096,"name":"Manzini","latitude":"-26.49884000","longitude":"31.38004000"},"manzinisouth":{"id":105097,"name":"Manzini South","latitude":"-26.48333000","longitude":"31.36667000"},"mhlambanyatsi":{"id":105100,"name":"Mhlambanyatsi","latitude":"-26.45000000","longitude":"31.01667000"},"ngwempisi":{"id":105103,"name":"Ngwempisi","latitude":"-26.69990000","longitude":"31.28876000"},"ntondozi":{"id":105108,"name":"Ntondozi","latitude":"-26.63500000","longitude":"31.22556000"},"sidvokodvo":{"id":105110,"name":"Sidvokodvo","latitude":"-26.62820000","longitude":"31.42021000"}}},"shiselwenidistrict":{"id":971,"name":"Shiselweni District","state_code":"SH","latitude":"-26.98275770","longitude":"31.35416310","type":null,"cities":{"hlatikulu":{"id":105088,"name":"Hlatikulu","latitude":"-26.97917000","longitude":"31.32444000"},"hluti":{"id":105089,"name":"Hluti","latitude":"-27.21667000","longitude":"31.61667000"},"kubuta":{"id":105090,"name":"Kubuta","latitude":"-26.88333000","longitude":"31.48333000"},"lavumisa":{"id":105092,"name":"Lavumisa","latitude":"-27.31005000","longitude":"31.89198000"},"matsanjeni":{"id":105098,"name":"Matsanjeni","latitude":"-27.21585000","longitude":"31.72309000"},"ngudzeni":{"id":105102,"name":"Ngudzeni","latitude":"-27.03583000","longitude":"31.55111000"},"nhlangano":{"id":105104,"name":"Nhlangano","latitude":"-27.11222000","longitude":"31.19833000"},"nkwene":{"id":105106,"name":"Nkwene","latitude":"-26.89778000","longitude":"31.24972000"},"sigweinkhundla":{"id":105111,"name":"Sigwe Inkhundla","latitude":"-27.05821000","longitude":"31.64543000"},"zombodzeikhundla":{"id":105115,"name":"Zombodze Ikhundla","latitude":"-27.22746000","longitude":"31.33799000"}}},"hhohho":{"name":"Hhohho","cities":{"mbabane":{"name":"Mbabane","latitude":"-26.316670","longitude":"31.133330","postcode":"H100","gmtOffset":7200,"gmtOffsetName":"UTC+02:00","ip2locationv4":["95374336","95374591","649485312","649486079","692971520","692973567","693428224","693436415","701235200","701243391","701702144","701702911","701703424","701703679","701703936","701705727","701705984","701706751","701707008","701710335","701992960","701997055","961697280","961697791","1161773056","1161774335","1161774592","1161777151","1712817152","1712817407","1713681664","1713681919","1715744768","1715745791","1725018112","1725019135","1725220864","1725221631","1725341696","1725341951","1725342208","1725342719","1725372416","1725373439","1725391616","1725391871","2178993152","2178993407","2273410816","2273411071","2591514624","2591522815","2773058560","2773059583","3105636608","3105636863","3288914688","3288914943","3290171136","3290171391","3291546624","3291546879","3302958336","3302958591","3357419520","3357420031"],"ip2locationv6":["281470777117696","281470777117951","281471331228672","281471331229439","281471374714880","281471374716927","281471375171584","281471375179775","281471382978560","281471382986751","281471383445504","281471383446271","281471383446784","281471383447039","281471383447296","281471383449087","281471383449344","281471383450111","281471383450368","281471383453695","281471383736320","281471383740415","281471643440640","281471643441151","281471843516416","281471843517695","281471843517952","281471843520511","281472394560512","281472394560767","281472395425024","281472395425279","281472397488128","281472397489151","281472406761472","281472406762495","281472406964224","281472406964991","281472407085056","281472407085311","281472407085568","281472407086079","281472407115776","281472407116799","281472407134976","281472407135231","281472860736512","281472860736767","281472955154176","281472955154431","281473273257984","281473273266175","281473454801920","281473454802943","281473787379968","281473787380223","281473970658048","281473970658303","281473971914496","281473971914751","281473973289984","281473973290239","281473984701696","281473984701951","281474039162880","281474039163391","42540578165214411722786856850096652288","42540578165214411741233600923806203903","42540578165214428952045821694817861632","42540578165214428970492565768527413247","42540578174785481513406316316056354816","42540578174785481531853060389765906431","42540578174802397878698182775851188224","42540578174802397897144926849560739839","42540578174804813129346497641153822720","42540578174804813147793241714863374335","42541851520196388221271666129597628416","42541851599424550735536003723141578751","42541866735001726992668764443307409408","42541866735004144844307993701656821759","50512955744920116108215145369721372672","50512955744921325034034759998896078847","55838750778418722765333662787050668032","55838750778418722783780406860760219647","55838750778419386276271250045912743936","55838750778419386294717994119622295551","55838750778419931691153277416225374208","55838750778419931709600021489934925823","55838750778421140616972892045400080384","55838750778421140635419636119109631999","55838750778421804127910479304262156288","55838750778421804146357223377971707903","55838750778422349542792506674574786560","55838750778422349561239250748284338175","55838750778423558468612121303749492736","55838750778423558487058865377459044351","55838750778424221979549708562611568640","55838750778424221997996452636321120255","55838750778424767394431735932924198912","55838750778424767412878480006633750527","55838750778428394171890579820448317440","55838750778428394190337323894157869055","55838750778429057682828167079310393344","55838750778429057701274911153019944959","55838750778429603097710194449623023616","55838750778429603116156938523332575231","55838750778433229875169038337147142144","55838750778433229893615782410856693759","55838750778433893386106625596009218048","55838750778433893404553369669718769663","55838750778434438800988652966321848320","55838750778434438819435397040031399935","55838750778438065578447496853845966848","55838750778438065596894240927555518463","55838750778438729089385084112708042752","55838750778438729107831828186417594367","55838750778439274504267111483020673024","55838750778439274522713855556730224639","55849932188200807739769909755135393792","55849932188200807758216653828844945407","55849932188201070421405519379150405632","55849932188201075143772002248795619327","55849932188204434369654801052983099392","55849932188204434388101545126692651007","55849932188204654697566017439867600896","55849932188204659419932500309512814591","55849932188240700779184178473717465088","55849932188240700797630922547427016703","55849932188240837469557764661494939648","55849932188240842191924247531140153343","55849932208022655938738842284794576896","55849932208022731496602568199117996031","55849932208041998751852676351589875712","55849932208042074309716402265913294847","55849932208061341564966510418385174528","55849932208061417122830236332708593663","55849932208080684378080344485180473344","55849932208080759935944070399503892479","55849932208100027191194178551975772160","55849932208100102749057904466299191295","55849932208119370004308012618771070976","55849932208119445562171738533094490111","55849932208138712817421846685566369792","55849932208138788375285572599889788927","55849932208158055630535680752361668608","55849932208158131188399406666685087743","55874402837338165390572302918590922752","55874402837338165427465791066010025983","55874402837338196251975138234670776320","55874402837338196270421882308380327935","55874402837338207098660653575887126528","55874402837338207117107397649596678143","55874402837338210917136676833764311040","55874402837338210954030164981183414271","58564103879703154600146889609347858432","58564103958931317114411227202891808767","58564352339220799333109582963176112128","58564352418448961847373920556720062463","58564717422593665063177214013699260416","58564717501821827577441551607243210751","58564778271679386077116556267801804800","58564778271988871086937901336526585855","58568642702677271775518948555174707200","58568642737339592875509596252350185471","58568642742291353032651117351946682368","58568642781905434289783286148718657535"]},"lobamba":{"name":"Lobamba","latitude":"-26.466670","longitude":"31.200000","postcode":"H107","gmtOffset":7200,"gmtOffsetName":"UTC+02:00","ip2locationv4":["701706752","701707007","1725221632","1725221887","1725858816","1725859071","1725859328","1725859583"],"ip2locationv6":["281471383450112","281471383450367","281472406964992","281472406965247","281472407602176","281472407602431","281472407602688","281472407602943"]}}},"manzini":{"name":"Manzini","cities":{"sidvokodvo":{"name":"Sidvokodvo","latitude":"-26.628200","longitude":"31.420210","postcode":"M216","gmtOffset":7200,"gmtOffsetName":"UTC+02:00","ip2locationv4":["701702912","701703167"],"ip2locationv6":["281471383446272","281471383446527","55827831898325914138032235739464335360","55827831898325989695895961653787754495"]},"manzini":{"name":"Manzini","latitude":"-26.483330","longitude":"31.366670","postcode":"M200","gmtOffset":7200,"gmtOffsetName":"UTC+02:00","ip2locationv4":["701703168","701703423","701703680","701703935","1161774336","1161774591","1725228032","1725228287","1725341952","1725342207","3289229312","3289229567"],"ip2locationv6":["281471383446528","281471383446783","281471383447040","281471383447295","281471843517696","281471843517951","281472406971392","281472406971647","281472407085312","281472407085567","281473970972672","281473970972927","50543536581691575581136952307734282240","50543536581701246987693869341131931647","55837963585811245813610075895385489409","55837963585811245813610075895385489409","55837963585811245832170817557986673008","55837963585811245832170817557986673008","55838750778419386257824505972203192320","55838750778419386276271250045912743935","55838750778421804109463735230552604672","55838750778421804127910479304262156287","55838750778424221961102964488902017024","55838750778424221979549708562611568639","55838750778429057664381423005600841728","55838750778429057682828167079310393343","55838750778433893367659881522299666432","55838750778433893386106625596009218047","55838750778438729070938340038998491136","55838750778438729089385084112708042751","55878094347494048139948620698097811456","55878094347494048158395364771807363071","55878094347532733766176288831688409088","55878094347532733784623032905397960703","55878094347571419392403956965279006720","55878094347571419410850701038988558335","55878094347610105018631625098869604352","55878094347610105037078369172579155967","55878094419642741054549689844562395136","55878094419652412461106606877960044543","55878094498870903568814027438106345472","55878094498880574975370944471503994879","55878094553640078900635187568994942976","55878094553649750307192104602392592383","55878094558591839057776708668591439872","55878094558601510464333625701989089279","55878094657617370794050213627123728384","55878094657627042200607130660521377791","55878094736845533308314551220667678720","55878094736855204714871468254065328127"]},"kwaluseni":{"name":"Kwaluseni","latitude":"-26.483330","longitude":"31.333330","postcode":"M201","gmtOffset":7200,"gmtOffsetName":"UTC+02:00","ip2locationv4":["1712817664","1712818175","1725859072","1725859327","3289086976","3289087231","3289923584","3289924607"],"ip2locationv6":["281472394561024","281472394561535","281472407602432","281472407602687","281473970830336","281473970830591","281473971666944","281473971667967","58568698479303681817612614410115743744","58568698558531844331876952003659694079"]}}},"lubombo":{"name":"Lubombo","cities":{"bigbend":{"name":"Big Bend","latitude":"-26.816670","longitude":"31.933330","postcode":"L311","gmtOffset":7200,"gmtOffsetName":"UTC+02:00","ip2locationv4":["701705728","701705983"],"ip2locationv6":["281471383449088","281471383449343"]},"mhlume":{"name":"Mhlume","latitude":"-26.033330","longitude":"31.850000","postcode":"L309","gmtOffset":7200,"gmtOffsetName":"UTC+02:00","ip2locationv4":["1725859584","1725859839"],"ip2locationv6":["281472407602944","281472407603199"]}}}}}