{"id":118,"name":"Kyrgyzstan","iso3":"KGZ","iso2":"KG","numeric_code":"417","phone_code":"996","capital":"Bishkek","currency":"KGS","currency_name":"Kyrgyzstani som","currency_symbol":"\u043b\u0432","tld":".kg","native":"\u041a\u044b\u0440\u0433\u044b\u0437\u0441\u0442\u0430\u043d","region":"Asia","region_id":"3","subregion":"Central Asia","subregion_id":"10","nationality":"Kyrgyzstani, Kyrgyz, Kirgiz, Kirghiz","timezones":[{"zoneName":"Asia/Bishkek","gmtOffset":21600,"gmtOffsetName":"UTC+06:00","abbreviation":"KGT","tzName":"Kyrgyzstan Time"}],"translations":{"kr":"\ud0a4\ub974\uae30\uc2a4\uc2a4\ud0c4","pt-BR":"Quirguist\u00e3o","pt":"Quirguizist\u00e3o","nl":"Kirgizi\u00eb","hr":"Kirgistan","fa":"\u0642\u0631\u0642\u06cc\u0632\u0633\u062a\u0627\u0646","de":"Kirgisistan","es":"Kirguizist\u00e1n","fr":"Kirghizistan","ja":"\u30ad\u30eb\u30ae\u30b9","it":"Kirghizistan","cn":"\u5409\u5c14\u5409\u65af\u65af\u5766","tr":"Kirgizistan"},"latitude":"41.00000000","longitude":"75.00000000","emoji":"\ud83c\uddf0\ud83c\uddec","emojiU":"U+1F1F0 U+1F1EC","states":{"batkenregion":{"id":998,"name":"Batken Region","state_code":"B","latitude":"39.97214250","longitude":"69.85974060","type":null,"cities":{"aydarken":{"id":64886,"name":"Aydarken","latitude":"39.94319000","longitude":"71.34184000"},"batken":{"id":64888,"name":"Batken","latitude":"40.06259000","longitude":"70.81939000"},"iradan":{"id":64896,"name":"Iradan","latitude":"40.26667000","longitude":"72.10000000"},"isfana":{"id":64897,"name":"Isfana","latitude":"39.83895000","longitude":"69.52760000"},"karavan":{"id":64909,"name":"Karavan","latitude":"40.29513000","longitude":"72.18627000"},"kyzyl-kyya":{"id":64915,"name":"Kyzyl-Kyya","latitude":"40.25684000","longitude":"72.12793000"},"suluktu":{"id":64923,"name":"Suluktu","latitude":"39.93652000","longitude":"69.56779000"}}},"bishkek":{"id":1001,"name":"Bishkek","state_code":"GB","latitude":"42.87462120","longitude":"74.56976170","type":null,"cities":{"bishkek":{"id":64891,"name":"Bishkek","latitude":"42.87000000","longitude":"74.59000000"}}},"chuyregion":{"id":1004,"name":"Chuy Region","state_code":"C","latitude":"42.56550000","longitude":"74.40566120","type":null,"cities":{"alamudunskiyrayon":{"id":64884,"name":"Alamudunskiy Rayon","latitude":"42.81985000","longitude":"74.59398000"},"belovodskoye":{"id":64890,"name":"Belovodskoye","latitude":"42.82944000","longitude":"74.10830000"},"chuyskiyrayon":{"id":64894,"name":"Chuyskiy Rayon","latitude":"42.66667000","longitude":"75.33333000"},"ivanovka":{"id":64898,"name":"Ivanovka","latitude":"42.88778000","longitude":"75.08500000"},"kaindy":{"id":64902,"name":"Kaindy","latitude":"42.82469000","longitude":"73.67585000"},"kant":{"id":64903,"name":"Kant","latitude":"42.89106000","longitude":"74.85077000"},"kara-balta":{"id":64906,"name":"Kara-Balta","latitude":"42.81423000","longitude":"73.84813000"},"kemin":{"id":64911,"name":"Kemin","latitude":"42.78611000","longitude":"75.69167000"},"lebedinovka":{"id":64917,"name":"Lebedinovka","latitude":"42.88454000","longitude":"74.67819000"},"sokulukskiyrayon":{"id":64921,"name":"Sokulukskiy Rayon","latitude":"42.83333000","longitude":"74.33333000"},"sosnovka":{"id":64922,"name":"Sosnovka","latitude":"42.63707000","longitude":"73.89608000"},"tokmok":{"id":64928,"name":"Tokmok","latitude":"42.84194000","longitude":"75.30149000"},"ysyk-ata":{"id":64934,"name":"Ysyk-Ata","latitude":"42.72665000","longitude":"75.07444000"}}},"issyk-kulregion":{"id":1002,"name":"Issyk-Kul Region","state_code":"Y","latitude":"42.18594280","longitude":"77.56194190","type":null,"cities":{"ak-suu":{"id":64882,"name":"Ak-Suu","latitude":"42.49948000","longitude":"78.52702000"},"balykchy":{"id":64887,"name":"Balykchy","latitude":"42.46017000","longitude":"76.18709000"},"cholpon-ata":{"id":64892,"name":"Cholpon-Ata","latitude":"42.64944000","longitude":"77.08225000"},"kadzhi-say":{"id":64901,"name":"Kadzhi-Say","latitude":"42.14107000","longitude":"77.17848000"},"karakol":{"id":64908,"name":"Karakol","latitude":"42.49068000","longitude":"78.39362000"},"kyzyl-suu":{"id":64916,"name":"Kyzyl-Suu","latitude":"42.34211000","longitude":"78.00644000"},"tyup":{"id":64931,"name":"Tyup","latitude":"42.72760000","longitude":"78.36476000"}}},"jalal-abadregion":{"id":1000,"name":"Jalal-Abad Region","state_code":"J","latitude":"41.10680800","longitude":"72.89880690","type":null,"cities":{"ala-buka":{"id":64883,"name":"Ala-Buka","latitude":"41.40806000","longitude":"71.46306000"},"bazar-korgon":{"id":64889,"name":"Bazar-Korgon","latitude":"41.03760000","longitude":"72.74586000"},"jalal-abad":{"id":64899,"name":"Jalal-Abad","latitude":"40.93333000","longitude":"73.00000000"},"kazarman":{"id":64910,"name":"Kazarman","latitude":"41.40500000","longitude":"74.03700000"},"kerben":{"id":64912,"name":"Kerben","latitude":"41.49399000","longitude":"71.75826000"},"kochkor-ata":{"id":64913,"name":"Kochkor-Ata","latitude":"41.03709000","longitude":"72.48320000"},"suzak":{"id":64924,"name":"Suzak","latitude":"40.89820000","longitude":"72.90481000"},"tash-kumyr":{"id":64927,"name":"Tash-Kumyr","latitude":"41.34612000","longitude":"72.21707000"},"toktogul":{"id":64929,"name":"Toktogul","latitude":"41.87442000","longitude":"72.94192000"},"toktoguldistrict":{"id":64930,"name":"Toktogul District","latitude":"41.75000000","longitude":"73.00000000"}}},"narynregion":{"id":999,"name":"Naryn Region","state_code":"N","latitude":"41.29432270","longitude":"75.34121790","type":null,"cities":{"at-bashi":{"id":64885,"name":"At-Bashi","latitude":"41.16951000","longitude":"75.80099000"},"jumgal":{"id":64900,"name":"Jumgal","latitude":"41.94924000","longitude":"74.40566000"},"naryn":{"id":64918,"name":"Naryn","latitude":"41.42866000","longitude":"75.99111000"}}},"osh":{"id":1003,"name":"Osh","state_code":"GO","latitude":"36.06313990","longitude":"-95.91828950","type":null},"oshregion":{"id":1005,"name":"Osh Region","state_code":"O","latitude":"39.84073660","longitude":"72.89880690","type":null,"cities":{"chong-alaydistrict":{"id":64893,"name":"Chong-Alay District","latitude":"39.47614000","longitude":"72.33017000"},"daroot-korgon":{"id":64895,"name":"Daroot-Korgon","latitude":"39.55274000","longitude":"72.20518000"},"karakulja":{"id":64904,"name":"Kara Kulja","latitude":"40.64095000","longitude":"73.49411000"},"karasuu":{"id":64905,"name":"Kara Suu","latitude":"40.70460000","longitude":"72.86666000"},"kyzyl-eshme":{"id":64914,"name":"Kyzyl-Eshme","latitude":"39.56559000","longitude":"72.27153000"},"nookat":{"id":64919,"name":"Nookat","latitude":"40.26597000","longitude":"72.61834000"},"osh":{"id":64920,"name":"Osh","latitude":"40.52828000","longitude":"72.79850000"},"uzgen":{"id":64932,"name":"Uzgen","latitude":"40.76994000","longitude":"73.30068000"},"uzgendistrict":{"id":64933,"name":"Uzgen District","latitude":"40.55000000","longitude":"73.30000000"}}},"talasregion":{"id":997,"name":"Talas Region","state_code":"T","latitude":"42.28673390","longitude":"72.52048270","type":null,"cities":{"kara-buurinskiyrayon":{"id":64907,"name":"Kara-Buurinskiy Rayon","latitude":"42.50000000","longitude":"71.41667000"},"talas":{"id":64925,"name":"Talas","latitude":"42.52277000","longitude":"72.24274000"},"talasskiyrayon":{"id":64926,"name":"Talasskiy Rayon","latitude":"42.18647000","longitude":"72.69408000"}}},"chuy":{"name":"Chuy","cities":{"lebedinovka":{"name":"Lebedinovka","latitude":"42.884540","longitude":"74.678190","postcode":"724318","gmtOffset":21600,"gmtOffsetName":"UTC+06:00","ip2locationv4":["87623680","87623935","87624704","87624959","87811584","87811839","532297216","532297471","532741120","532741375","532741632","532742143","788256768","788257023","1360270848","1360271103","1412828160","1412828415","1547585792","1547586303","1547586816","1547587071","1586480128","1586480383","1599555072","1599555327","1599556864","1599557119","1599559424","1599560191","1599561216","1599561471","3107317248","3107317503","3108174848","3108175359","3111491072","3111491583","3249598208","3249598463","3266342656","3266342911","3564142336","3564142591","3580707072","3580707327","3642562048","3642562303"],"ip2locationv6":["281470769367040","281470769367295","281470769368064","281470769368319","281470769554944","281470769555199","281471214040576","281471214040831","281471214484480","281471214484735","281471214484992","281471214485503","281471470000128","281471470000383","281472042014208","281472042014463","281472094571520","281472094571775","281472229329152","281472229329663","281472229330176","281472229330431","281472268223488","281472268223743","281472281298432","281472281298687","281472281300224","281472281300479","281472281302784","281472281303551","281472281304576","281472281304831","281473789060608","281473789060863","281473789918208","281473789918719","281473793234432","281473793234943","281473931341568","281473931341823","281473948086016","281473948086271","281474245885696","281474245885951","281474262450432","281474262450687","281474324305408","281474324305663","55895674013210727145408299427967270912","55895674647036027259523000176318873599"]},"sokuluk":{"name":"Sokuluk","latitude":"42.854010","longitude":"74.302570","postcode":"724800","gmtOffset":21600,"gmtOffsetName":"UTC+06:00","ip2locationv4":["788251648","788251903","1433475840","1433476095","1599555840","1599556095","1599560960","1599561215","3564136704","3564136959"],"ip2locationv6":["281471469995008","281471469995263","281472115219200","281472115219455","281472281299200","281472281299455","281472281304320","281472281304575","281474245880064","281474245880319"]},"kara-balta":{"name":"Kara-Balta","latitude":"42.814230","longitude":"73.848130","postcode":"724411","gmtOffset":21600,"gmtOffsetName":"UTC+06:00","ip2locationv4":["788253184","788253439","1547585024","1547585279","3107317504","3107317759","3112876800","3112877055","3559552512","3559552767","3572568576","3572568831","3572570368","3572570623"],"ip2locationv6":["281471469996544","281471469996799","281472229328384","281472229328639","281473789060864","281473789061119","281473794620160","281473794620415","281474241295872","281474241296127","281474254311936","281474254312191","281474254313728","281474254313983"]},"tokmok":{"name":"Tokmok","latitude":"42.841720","longitude":"75.301580","postcode":"724200","gmtOffset":21600,"gmtOffsetName":"UTC+06:00","ip2locationv4":["788254464","788254719","1433476096","1433476351","2333875200","2333875455","3106966272","3106966527"],"ip2locationv6":["281471469997824","281471469998079","281472115219456","281472115219711","281473015618560","281473015618815","281473788709632","281473788709887"]},"kemin":{"name":"Kemin","latitude":"42.784580","longitude":"75.689170","postcode":"724500","gmtOffset":21600,"gmtOffsetName":"UTC+06:00","ip2locationv4":["788257280","788257535"],"ip2locationv6":["281471470000640","281471470000895"]},"kant":{"name":"Kant","latitude":"42.891060","longitude":"74.850770","postcode":"725014","gmtOffset":21600,"gmtOffsetName":"UTC+06:00","ip2locationv4":["1360269568","1360269823","1433476352","1433476863"],"ip2locationv6":["281472042012928","281472042013183","281472115219712","281472115220223"]},"ivanovka":{"name":"Ivanovka","latitude":"42.887780","longitude":"75.085000","postcode":"725008","gmtOffset":21600,"gmtOffsetName":"UTC+06:00","ip2locationv4":["1599553536","1599553791","3564139264","3564139519","3572569600","3572569855"],"ip2locationv6":["281472281296896","281472281297151","281474245882624","281474245882879","281474254312960","281474254313215"]},"belovodskoe":{"name":"Belovodskoe","latitude":"42.829440","longitude":"74.108300","postcode":"720000","gmtOffset":21600,"gmtOffsetName":"UTC+06:00","ip2locationv4":["1599554304","1599554559","1599555584","1599555839","3572568832","3572569087","3642563584","3642563839"],"ip2locationv6":["281472281297664","281472281297919","281472281298944","281472281299199","281474254312192","281474254312447","281474324306944","281474324307199"]},"sosnovka":{"name":"Sosnovka","latitude":"42.636990","longitude":"73.905720","postcode":"-","gmtOffset":21600,"gmtOffsetName":"UTC+06:00","ip2locationv4":["3559552000","3559552255"],"ip2locationv6":["281474241295360","281474241295615"]},"kayyngdy":{"name":"Kayyngdy","latitude":"42.824690","longitude":"73.675850","postcode":"724704","gmtOffset":21600,"gmtOffsetName":"UTC+06:00","ip2locationv4":["3583089920","3583090175"],"ip2locationv6":["281474264833280","281474264833535"]}}},"bishkekshaary":{"name":"Bishkek Shaary","cities":{"bishkek":{"name":"Bishkek","latitude":"42.870131","longitude":"74.590026","postcode":"720040","gmtOffset":21600,"gmtOffsetName":"UTC+06:00","ip2locationv4":["87623936","87624703","87624960","87625727","87812096","87812607","400183552","400183807","521994240","522002431","529800704","529800959","532295680","532297215","532297472","532297727","532740608","532741119","532741376","532741631","621945856","621946111","635076608","635092991","755749888","755750399","763549184","763549695","764239616","764239871","767588096","767590399","768581632","768581887","772282368","772282623","786616320","786618367","788250624","788251391","788251904","788253183","788253440","788253695","788253952","788254207","788254976","788255999","788256256","788256767","788257024","788257279","788257536","788258815","962238976","962239487","1040477184","1040477439","1040481024","1040481279","1115981312","1115981567","1298085888","1298086911","1298087168","1298087679","1306315776","1306316031","1307246592","1307254783","1346940928","1346945023","1360269312","1360269567","1360269824","1360270847","1360271104","1360273407","1364770816","1364774911","1433469184","1433469439","1433469696","1433469951","1433470208","1433471487","1433471744","1433472255","1433472512","1433474047","1433474304","1433475839","1433476864","1433477119","1435394048","1435394303","1435394560","1435394815","1435395072","1435395327","1435430400","1435430911","1435431936","1435432447","1435433472","1435433727","1508755456","1508769791","1539325952","1539326975","1539796992","1539797247","1540173824","1540174847","1540299776","1540300287","1540647680","1540647935","1540745472","1540745727","1541791744","1541791999","1542518016","1542518271","1542928384","1542928639","1542928896","1542929151","1542929408","1542930431","1546004480","1546004735","1547583488","1547585023","1547585536","1547585791","1547586560","1547586815","1547587328","1547587583","1559584768","1559592959","1570627584","1570629631","1571424256","1571424511","1571467776","1571468287","1571507200","1571507711","1571522560","1571522815","1571542784","1571543039","1586479104","1586479615","1586479872","1586480127","1586480384","1586481151","1596861440","1596861951","1596887552","1596888063","1596889600","1596889855","1596955136","1596955391","1596958720","1596959231","1596975104","1596975359","1599553792","1599554303","1599554560","1599555071","1599556096","1599556863","1599557120","1599557631","1599557888","1599558911","1599560192","1599560959","1599561472","1599561727","1602414336","1602414591","1607988480","1607989247","1755601664","1755601919","1755613440","1755613695","1755656192","1755656447","1823155456","1823155711","1833426944","1833428991","1841930240","1841938431","2303921152","2303921407","2333875456","2333876223","2457390592","2457390847","2457392128","2457392639","2457396736","2457397247","2457400576","2457400831","2585664512","2585664767","2662662144","2662670335","2662694912","2662727679","2745944320","2745944575","2785071360","2785071615","2960908288","2960916479","2961089536","2961090559","2997562368","2997562879","2997572096","2997572607","3000553472","3000555519","3000608768","3000610815","3103878656","3103878911","3103889152","3103889407","3105126400","3105127423","3105732608","3105733631","3106361088","3106361343","3106965504","3106966271","3107228416","3107228671","3107316736","3107317247","3107388416","3107388671","3107388928","3107389439","3108240896","3108241407","3108956672","3108956927","3109560320","3109561343","3111490560","3111491071","3112854528","3112855551","3112876544","3112876799","3114108928","3114109183","3114348544","3114349567","3117671424","3117672447","3118801920","3118802943","3119967744","3119967999","3170139136","3170139391","3240288512","3240288767","3244962560","3244962815","3247956480","3247956735","3264655872","3264656127","3264750592","3264751103","3274088448","3274095871","3274096128","3274096639","3275142144","3275142655","3279089664","3279093759","3285773568","3285773823","3556958208","3556960767","3559546880","3559547647","3559547904","3559548415","3559548672","3559550975","3559551488","3559551999","3559552256","3559552511","3559552768","3559553023","3559553280","3559555071","3563127296","3563134975","3564134656","3564136703","3564136960","3564139263","3564139520","3564142335","3572563968","3572568063","3572569088","3572569599","3572569856","3572570367","3572570624","3572571391","3572571904","3572572159","3577443840","3577444607","3580706816","3580707071","3580707328","3580708863","3583082496","3583089919","3583090176","3583090687","3588802560","3588802815","3642560512","3642562047","3642562304","3642562559","3642562816","3642563583","3642563840","3642564607"],"ip2locationv6":["281470769367296","281470769368063","281470769368320","281470769369087","281470769555456","281470769555967","281471081926912","281471081927167","281471203737600","281471203745791","281471211544064","281471211544319","281471214039040","281471214040575","281471214040832","281471214041087","281471214483968","281471214484479","281471214484736","281471214484991","281471303689216","281471303689471","281471316819968","281471316836351","281471437493248","281471437493759","281471445292544","281471445293055","281471445982976","281471445983231","281471449331456","281471449333759","281471450324992","281471450325247","281471454025728","281471454025983","281471468359680","281471468361727","281471469993984","281471469994751","281471469995264","281471469996543","281471469996800","281471469997055","281471469997312","281471469997567","281471469998336","281471469999359","281471469999616","281471470000127","281471470000384","281471470000639","281471470000896","281471470002175","281471643982336","281471643982847","281471722220544","281471722220799","281471722224384","281471722224639","281471797724672","281471797724927","281471979829248","281471979830271","281471979830528","281471979831039","281471988059136","281471988059391","281471988989952","281471988998143","281472028684288","281472028688383","281472042012672","281472042012927","281472042013184","281472042014207","281472042014464","281472042016767","281472046514176","281472046518271","281472115212544","281472115212799","281472115213056","281472115213311","281472115213568","281472115214847","281472115215104","281472115215615","281472115215872","281472115217407","281472115217664","281472115219199","281472115220224","281472115220479","281472117137408","281472117137663","281472117137920","281472117138175","281472117138432","281472117138687","281472117173760","281472117174271","281472117175296","281472117175807","281472117176832","281472117177087","281472190498816","281472190513151","281472221069312","281472221070335","281472221540352","281472221540607","281472221917184","281472221918207","281472222043136","281472222043647","281472222391040","281472222391295","281472222488832","281472222489087","281472223535104","281472223535359","281472224261376","281472224261631","281472224671744","281472224671999","281472224672256","281472224672511","281472224672768","281472224673791","281472227747840","281472227748095","281472229326848","281472229328383","281472229328896","281472229329151","281472229329920","281472229330175","281472229330688","281472229330943","281472241328128","281472241336319","281472252370944","281472252372991","281472253167616","281472253167871","281472253211136","281472253211647","281472253250560","281472253251071","281472253265920","281472253266175","281472253286144","281472253286399","281472268222464","281472268222975","281472268223232","281472268223487","281472268223744","281472268224511","281472278604800","281472278605311","281472278630912","281472278631423","281472278632960","281472278633215","281472278698496","281472278698751","281472278702080","281472278702591","281472278718464","281472278718719","281472281297152","281472281297663","281472281297920","281472281298431","281472281299456","281472281300223","281472281300480","281472281300991","281472281301248","281472281302271","281472281303552","281472281304319","281472281304832","281472281305087","281472284157696","281472284157951","281472289731840","281472289732607","281472437345024","281472437345279","281472437356800","281472437357055","281472437399552","281472437399807","281472504898816","281472504899071","281472515170304","281472515172351","281472523673600","281472523681791","281472985664512","281472985664767","281473015618816","281473015619583","281473139133952","281473139134207","281473139135488","281473139135999","281473139140096","281473139140607","281473139143936","281473139144191","281473267407872","281473267408127","281473344405504","281473344413695","281473344438272","281473344471039","281473427687680","281473427687935","281473466814720","281473466814975","281473642651648","281473642659839","281473642832896","281473642833919","281473679305728","281473679306239","281473679315456","281473679315967","281473682296832","281473682298879","281473682352128","281473682354175","281473785622016","281473785622271","281473785632512","281473785632767","281473786869760","281473786870783","281473787475968","281473787476991","281473788104448","281473788104703","281473788708864","281473788709631","281473788971776","281473788972031","281473789060096","281473789060607","281473789131776","281473789132031","281473789132288","281473789132799","281473789984256","281473789984767","281473790700032","281473790700287","281473791303680","281473791304703","281473793233920","281473793234431","281473794597888","281473794598911","281473794619904","281473794620159","281473795852288","281473795852543","281473796091904","281473796092927","281473799414784","281473799415807","281473800545280","281473800546303","281473801711104","281473801711359","281473851882496","281473851882751","281473922031872","281473922032127","281473926705920","281473926706175","281473929699840","281473929700095","281473946399232","281473946399487","281473946493952","281473946494463","281473955831808","281473955839231","281473955839488","281473955839999","281473956885504","281473956886015","281473960833024","281473960837119","281473967516928","281473967517183","281474238701568","281474238704127","281474241290240","281474241291007","281474241291264","281474241291775","281474241292032","281474241294335","281474241294848","281474241295359","281474241295616","281474241295871","281474241296128","281474241296383","281474241296640","281474241298431","281474244870656","281474244878335","281474245878016","281474245880063","281474245880320","281474245882623","281474245882880","281474245885695","281474254307328","281474254311423","281474254312448","281474254312959","281474254313216","281474254313727","281474254313984","281474254314751","281474254315264","281474254315519","281474259187200","281474259187967","281474262450176","281474262450431","281474262450688","281474262452223","281474264825856","281474264833279","281474264833536","281474264834047","281474270545920","281474270546175","281474324303872","281474324305407","281474324305664","281474324305919","281474324306176","281474324306943","281474324307200","281474324307967","42540578165174511157101006058017521664","42540578165174511175547750131727073279","42540578165178131072371054525588439040","42540578165178131090817798599297990655","42540578165198715425148025540045701120","42540578165198715443594769613755252735","42540578165216872795147450809925500928","42540578165216872813594194883635052543","42540578165216876871877891099736408064","42540578165216876890324635173445959679","42540578165292987326269277466483752960","42540578165292987344716021540193304575","42540578165300277940695809324021186560","42540578165300277959142553397730738175","42540578165305081565086323659809751040","42540578165305081583533067733519302655","42540578165318395078346409833368911872","42540578165318395096793153907078463487","42540578174775898208499095319477223424","42540578174775898226945839393186775039","42540578174780631200306551421392650240","42540578174780631218753295495102201855","42540578174787883316378201447095861248","42540578174787883334824945520805412863","42540578174787889754291883171729375232","42540578174787889772738627245438926847","42540578174787911742810819033514901504","42540578174787911761257563107224453119","42540578174787916907899159672189353984","42540578174787916926345903745898905599","42540578174787925485635153947130855424","42540578174787925504081898020840407039","42540578174802397657337253891336568832","42540578174802397675783997965046120447","42540578174802399963180263105030520832","42540578174802399981627007178740072447","42540578174812064415314664349927211008","42540578174812064433761408423636762623","42540578191289719149251155269104173056","42540578191290928075070769898278879231","42540578202381613544215377947033337856","42540578202382822470034992576208044031","42540578202541191752404508998094553088","42540578202542400678224123627269259263","42540578203434587933099719958202417152","42540578203435796858919334587377123327","42540578203887935115455205898717233152","42540578203889144041274820527891939327","42540578204423489253544486623112069120","42540578204424698179364101252286775295","42540578232097010190342963061311143936","42540578232098219116162577690485850111","42540578234513652903752606781548789760","42540578234514861829572221410723495935","42540619365665040737943023229731864576","42540619365666249663762637858906570751","42540619683351403319553736275719618560","42540619683352612245373350904894324735","42540619686567145999728649880438046720","42540619686568354925548264509612752895","42540619691368999355237956962370977792","42540619691370208281057571591545683967","42540619694328449761654569182051696640","42540619694329658687474183811226402815","42540649787499907408975925005441302535","42540649787499907408975925005441302540","42540649787499907408975925005441302543","42540649787499907408975925005441302545","42540649787499907408975925005441302547","42540649787499907408975925005441302548","42540649787499907408975925005441302550","42540649787499907408975925005441302561","42540649787499907408975925005441302563","42540649787499907408975925005441302576","42540649787499907408975925005441302578","42540649787499907408975925005441302580","42540649787499907408975925005441302582","42540649787499907408975925005441302588","42540649787499907408975925005441302591","42540649787499907408975925005441302601","42540649787499907408975925005441302603","42540649787499907408975925005441302628","42540649787499907408975925005441302630","42540649787499907408975925005441302637","42540649787499907408975925005441302639","42540649787499907408975925005441302649","42540649787499907408975925005441302651","42540649787499907408975925005441302673","42540649787499907408975925005441302675","42540649787499907408975925005441302689","42540649787499907408975925005441302691","42540649787499907408975925005441302697","42540649787499907408975925005441302699","42540649787499907408975925005441302700","42540649787499907408975925005441302702","42540649787499907408975925005441302705","42540649787499907408975925005441302707","42540649787499907408975925005441302732","42540649787499907408975925005441302734","42540649787499907408975925005441302764","42540649787499907408975925005441302767","42540649787499907408975925005441302768","42540649787499907408975925005441302771","42540649787499907408975925005441302792","42540649787499907408975925005441302794","42540649787499907408975925005441302796","42540649787499907408975925005441302798","42540649787501116334795539634616008703","42540649787704215872490797335966646272","42540649787705424798310411965141352447","50512955747547111914237734566357893120","50512955747548320840057349195532599295","50541822697982884189712533364685144064","50541822698021569815940201498275741695","50543536576933243555133771876090773504","50543536576942914961690688909488422911","50547156965406514281382969604030070784","50547156965407723207202584233204776959","50547156965421021391218345154126544896","50547156965422230317037959783301251071","50549190276966862509703741057622081536","50549190276968071435523355686796787711","55829028550554328212854011753647833088","55829028629782490727118349347191783423","55829340392601984357286779942636355584","55829340471830146871551117536180305919","55829875341155280706987699698808127490","55829875420383443184358549144932974591","55831148062357909812413314241407221760","55831148141586072326677651834951172095","55835823157771551522446034082828648448","55835823236999714036710371676372598783","55835952458132774801844986746555596800","55835952537360937316109324340099547135","55838125211261565987039152095849611264","55838125290489728501303489689393561599","55838750781436201611091777207117283328","55838750781436201629538521280826834943","55838750781436883402752741512145010688","55838750781436883439646229659564113919","55838750781437410536911391836291989504","55838750781437410555358135910001541119","55838750781441037314370235723816108032","55838750781441037332816979797525659647","55838750781441719106031200028843835392","55838750781441719142924688176262938623","55838750781442246240189850352990814208","55838750781442246258636594426700365823","55838750781445873017648694240514932736","55838750781445873036095438314224484351","55838750781446554809309658545542660096","55838750781446554846203146692961763327","55838750781447081943468308869689638912","55838750781447081961915052943399190527","55838750781450708720927152757213757440","55838750781450708739373896830923309055","55838750781451390512588117062241484800","55838750781451390549481605209660588031","55838750781451917646746767386388463616","55838750781451917665193511460098015231","55845287996701753240149492723364134912","55845287997011238249970837792088915967","55849932188199597393551001450325213184","55849932188199597411997745524034764799","55849932188199719824591418660619288576","55849932188199724546957901530264502271","55849932188220149077144217925166563328","55849932188220149095590961998876114943","55849932188220252674058935878008438784","55849932188220257396425418747653652479","55849932188303566120842503981923041280","55849932188303566139289248055632592895","55849932188303786614774417032193507328","55849932188303791337140899901838721023","55849932208015326825957428595422920704","55849932208015402383821154509746339839","55849932208034669639071262662218219520","55849932208034745196934988576541638655","55849932208054012452185096729013518336","55849932208054088010048822643336937471","55849932208073355265298930795808817152","55849932208073430823162656710132236287","55849932208092698078412764862604115968","55849932208092773636276490776927535103","55849932208112040891526598929399414784","55849932208112116449390324843722833919","55849932208131383704640432996194713600","55849932208131459262504158910518132735","55849932208150726517754267062990012416","55849932208150802075617992977313431551","55850089297626520016130477980701949952","55850089931451820130245178729053552639","55851980632322060534397511061884370944","55851981266147360648512211810235973631","55857603930384672960022550437303418880","55857604564209973074137251185655021567","55878094332484025163613384864945930240","55878094332484025182060128938655481855","55878094332522710789841052998536527872","55878094332522710808287797072246079487","55878094332561396416068721132127125504","55878094332561396434515465205836677119","55878094332600082042296389265717723136","55878094332600082060743133339427274751","55878094414884409028546509412918886400","55878094414894080435103426446316535807","55878094494112571542810847006462836736","55878094494122242949367764039860486143","55878094552711623871171152362820599808","55878094552721295277728069396218249215","55878094557663384028312673462417096704","55878094557673055434869590495814746111","55878094652771996109034779894901374976","55878094652781667515591696928299024383","55878094732000158623299117488445325312","55878094732009830029856034521842974719","55886927224069152362537972175850176512","55886927857894452476652672924201779199","55889067018282337613767698610860851200","55889067652107637727882399359212453887","55894396221405697090171590751136251904","55894396221406906015991205380310958079","55899558094649826440294485326588542976","55899558728475126554409186074940145663","55907128504034389426280223638131048448","55907128583262551940544561231674998783","55910784408365447639874140130175352832","55910784487593610154138477723719303167","55919161043531755779759230344956477440","55919161677357055893873931093308080127","55925484084725694188013895900544892928","55925484718550994302128596648896495615","55928272995274358806961526241140670464","55928273074502521321225863834684620799","55929337742550388005394445878289235968","55929338376375688119509146626640838655","55929693075946189950034699956900593664","55929693075965532763148534023695892479","55931685431462010686246017772625592320","55931686065287310800360718520977195007"]}}},"jalal-abad":{"name":"Jalal-Abad","cities":{"toktogul":{"name":"Toktogul","latitude":"41.870790","longitude":"72.940200","postcode":"721616","gmtOffset":21600,"gmtOffsetName":"UTC+06:00","ip2locationv4":["87811840","87812095"],"ip2locationv6":["281470769555200","281470769555455"]},"jalal-abad":{"name":"Jalal-Abad","latitude":"40.933330","longitude":"73.000000","postcode":"720900","gmtOffset":21600,"gmtOffsetName":"UTC+06:00","ip2locationv4":["1542928640","1542928895","2450775040","2450775295","3559551232","3559551487","3572571392","3572571647"],"ip2locationv6":["281472224672000","281472224672255","281473132518400","281473132518655","281474241294592","281474241294847","281474254314752","281474254315007","55838750781436883439646229659564113920","55838750781436883458092973733273665535","55838750781441719142924688176262938624","55838750781441719161371432249972490239","55838750781446554846203146692961763328","55838750781446554864649890766671314943","55838750781451390549481605209660588032","55838750781451390567928349283370139647"]},"bazar-korgon":{"name":"Bazar-Korgon","latitude":"41.034320","longitude":"72.737290","postcode":"720800","gmtOffset":21600,"gmtOffsetName":"UTC+06:00","ip2locationv4":["3244962048","3244962303"],"ip2locationv6":["281473926705408","281473926705663"]},"tash-kumyr":{"name":"Tash-Kumyr","latitude":"41.346120","longitude":"72.217080","postcode":"721403","gmtOffset":21600,"gmtOffsetName":"UTC+06:00","ip2locationv4":["3559547648","3559547903"],"ip2locationv6":["281474241291008","281474241291263"]}}},"ysyk-kol":{"name":"Ysyk-Kol","cities":{"balykchy":{"name":"Balykchy","latitude":"42.455680","longitude":"76.186130","postcode":"721900","gmtOffset":21600,"gmtOffsetName":"UTC+06:00","ip2locationv4":["532740096","532740351","1433474048","1433474303"],"ip2locationv6":["281471214483456","281471214483711","281472115217408","281472115217663"]},"karakol":{"name":"Karakol","latitude":"42.490680","longitude":"78.393620","postcode":"722200","gmtOffset":21600,"gmtOffsetName":"UTC+06:00","ip2locationv4":["532740352","532740607","1433469440","1433469695","1599555328","1599555583","1599557632","1599557887","1599559168","1599559423","3559550976","3559551231","3563127040","3563127295"],"ip2locationv6":["281471214483712","281471214483967","281472115212800","281472115213055","281472281298688","281472281298943","281472281300992","281472281301247","281472281302528","281472281302783","281474241294336","281474241294591","281474244870400","281474244870655","55838750781436883458092973733273665536","55838750781436883476539717806983217151","55838750781441719161371432249972490240","55838750781441719179818176323682041855","55838750781446554864649890766671314944","55838750781446554883096634840380866559","55838750781451390567928349283370139648","55838750781451390586375093357079691263"]},"cholpon-ata":{"name":"Cholpon-Ata","latitude":"42.649440","longitude":"77.082250","postcode":"722100","gmtOffset":21600,"gmtOffsetName":"UTC+06:00","ip2locationv4":["3108175616","3108175871","3112876032","3112876287"],"ip2locationv6":["281473789918976","281473789919231","281473794619392","281473794619647"]},"kyzyl-suu":{"name":"Kyzyl-Suu","latitude":"42.341400","longitude":"78.005580","postcode":"722000","gmtOffset":21600,"gmtOffsetName":"UTC+06:00","ip2locationv4":["3274095872","3274096127"],"ip2locationv6":["281473955839232","281473955839487"]},"kadzhi-say":{"name":"Kadzhi-Say","latitude":"42.141070","longitude":"77.178480","postcode":"722304","gmtOffset":21600,"gmtOffsetName":"UTC+06:00","ip2locationv4":["3559553024","3559553279"],"ip2locationv6":["281474241296384","281474241296639"]}}},"batken":{"name":"Batken","cities":{"batken":{"name":"Batken","latitude":"40.062590","longitude":"70.819390","postcode":"720100","gmtOffset":21600,"gmtOffsetName":"UTC+06:00","ip2locationv4":["788251392","788251647","788253696","788253951","788254208","788254463","788254720","788254975","788256000","788256255","1508753664","1508753919","1508754944","1508755455"],"ip2locationv6":["281471469994752","281471469995007","281471469997056","281471469997311","281471469997568","281471469997823","281471469998080","281471469998335","281471469999360","281471469999615","281472190497024","281472190497279","281472190498304","281472190498815"]},"kyzyl-kyya":{"name":"Kyzyl-Kyya","latitude":"40.254410","longitude":"72.126010","postcode":"720300","gmtOffset":21600,"gmtOffsetName":"UTC+06:00","ip2locationv4":["1298086912","1298087167","1586479616","1586479871","3107388672","3107388927"],"ip2locationv6":["281471979830272","281471979830527","281472268222976","281472268223231","281473789132032","281473789132287"]},"suluktu":{"name":"Suluktu","latitude":"39.933730","longitude":"69.570000","postcode":"720500","gmtOffset":21600,"gmtOffsetName":"UTC+06:00","ip2locationv4":["1508754432","1508754687"],"ip2locationv6":["281472190497792","281472190498047"]},"isfana":{"name":"Isfana","latitude":"39.838560","longitude":"69.530580","postcode":"-","gmtOffset":21600,"gmtOffsetName":"UTC+06:00","ip2locationv4":["3244962304","3244962559"],"ip2locationv6":["281473926705664","281473926705919"]}}},"oshshaary":{"name":"Osh Shaary","cities":{"osh":{"name":"Osh","latitude":"40.529440","longitude":"72.790000","postcode":"723500","gmtOffset":21600,"gmtOffsetName":"UTC+06:00","ip2locationv4":["1298087680","1298087935","1433471488","1433471743","1508753408","1508753663","1508753920","1508754431","1547585280","1547585535","1547587072","1547587327","1599558912","1599559167","3244961792","3244962047","3559548416","3559548671"],"ip2locationv6":["281471979831040","281471979831295","281472115214848","281472115215103","281472190496768","281472190497023","281472190497280","281472190497791","281472229328640","281472229328895","281472229330432","281472229330687","281472281302272","281472281302527","281473926705152","281473926705407","281474241291776","281474241292031","55838750781436883494986461880692768768","55838750781436883513433205954402320383","55838750781441719198264920397391593472","55838750781441719216711664471101145087","55838750781446554901543378914090418176","55838750781446554919990122987799969791","55838750781451390604821837430789242880","55838750781451390623268581504498794495"]},"uzgen":{"name":"Uzgen","latitude":"40.770910","longitude":"73.301830","postcode":"723619","gmtOffset":21600,"gmtOffsetName":"UTC+06:00","ip2locationv4":["1433472256","1433472511","1508754688","1508754943","1547586304","1547586559"],"ip2locationv6":["281472115215616","281472115215871","281472190498048","281472190498303","281472229329664","281472229329919"]}}},"talas":{"name":"Talas","cities":{"talas":{"name":"Talas","latitude":"42.354730","longitude":"72.656780","postcode":"724005","gmtOffset":21600,"gmtOffsetName":"UTC+06:00","ip2locationv4":["1433468928","1433469183"],"ip2locationv6":["281472115212288","281472115212543","55838750781436883513433205954402320384","55838750781436883531879950028111871999","55838750781441719216711664471101145088","55838750781441719235158408544810696703","55838750781446554919990122987799969792","55838750781446554938436867061509521407","55838750781451390623268581504498794496","55838750781451390641715325578208346111"]},"ivano-alekseevka":{"name":"Ivano-Alekseevka","latitude":"42.547620","longitude":"72.209040","postcode":"724100","gmtOffset":21600,"gmtOffsetName":"UTC+06:00","ip2locationv4":["3572568064","3572568575","3642562560","3642562815"],"ip2locationv6":["281474254311424","281474254311935","281474324305920","281474324306175"]}}},"naryn":{"name":"Naryn","cities":{"naryn":{"name":"Naryn","latitude":"41.428660","longitude":"75.991110","postcode":"722916","gmtOffset":21600,"gmtOffsetName":"UTC+06:00","ip2locationv4":["1433469952","1433470207","1542929152","1542929407","3108175360","3108175615","3112876288","3112876543","3563126784","3563127039","3572571648","3572571903"],"ip2locationv6":["281472115213312","281472115213567","281472224672512","281472224672767","281473789918720","281473789918975","281473794619648","281473794619903","281474244870144","281474244870399","281474254315008","281474254315263","55838750781436883476539717806983217152","55838750781436883494986461880692768767","55838750781441719179818176323682041856","55838750781441719198264920397391593471","55838750781446554883096634840380866560","55838750781446554901543378914090418175","55838750781451390586375093357079691264","55838750781451390604821837430789242879"]},"baetov":{"name":"Baetov","latitude":"41.266680","longitude":"74.956980","postcode":"722500","gmtOffset":21600,"gmtOffsetName":"UTC+06:00","ip2locationv4":["1607988224","1607988479"],"ip2locationv6":["281472289731584","281472289731839","55857122388576323982358920923480850432","55857122388653695234814257190662045695"]},"at-bashi":{"name":"At-Bashi","latitude":"41.170170","longitude":"75.810580","postcode":"-","gmtOffset":21600,"gmtOffsetName":"UTC+06:00","ip2locationv4":["3564134400","3564134655"],"ip2locationv6":["281474245877760","281474245878015"]}}}}}