{"id":37,"name":"Cambodia","iso3":"KHM","iso2":"KH","numeric_code":"116","phone_code":"855","capital":"Phnom Penh","currency":"KHR","currency_name":"Cambodian riel","currency_symbol":"KHR","tld":".kh","native":"K\u00e2mp\u016dch\u00e9a","region":"Asia","region_id":"3","subregion":"South-Eastern Asia","subregion_id":"13","nationality":"Cambodian","timezones":[{"zoneName":"Asia/Phnom_Penh","gmtOffset":25200,"gmtOffsetName":"UTC+07:00","abbreviation":"ICT","tzName":"Indochina Time"}],"translations":{"kr":"\uce84\ubcf4\ub514\uc544","pt-BR":"Camboja","pt":"Camboja","nl":"Cambodja","hr":"Kambod\u017ea","fa":"\u06a9\u0627\u0645\u0628\u0648\u062c","de":"Kambodscha","es":"Camboya","fr":"Cambodge","ja":"\u30ab\u30f3\u30dc\u30b8\u30a2","it":"Cambogia","cn":"\u67ec\u57d4\u5be8","tr":"Kambo\u00e7ya"},"latitude":"13.00000000","longitude":"105.00000000","emoji":"\ud83c\uddf0\ud83c\udded","emojiU":"U+1F1F0 U+1F1ED","states":{"banteaymeanchey":{"id":3984,"name":"Banteay Meanchey","state_code":"1","latitude":"13.75319140","longitude":"102.98961500","type":"province","cities":{"mongkolborei":{"id":64967,"name":"Mongkol Borei","latitude":"13.45531000","longitude":"102.99186000"},"paoypaet":{"id":64969,"name":"Paoy Paet","latitude":"13.65805000","longitude":"102.56365000"},"sisophon":{"id":64981,"name":"Sisophon","latitude":"13.58588000","longitude":"102.97369000"},"sr\u014fkmalai":{"id":65009,"name":"Sr\u014fk Malai","latitude":"13.49902000","longitude":"102.60164000"},"sr\u014fksvaych\u00e9k":{"id":65022,"name":"Sr\u014fk Svay Ch\u00e9k","latitude":"13.81305000","longitude":"102.95269000"}}},"battambang":{"id":3976,"name":"Battambang","state_code":"2","latitude":"13.02869710","longitude":"102.98961500","type":"province","cities":{"battambang":{"id":64940,"name":"Battambang","latitude":"13.10271000","longitude":"103.19822000"},"sr\u014fk\u00c2kphn\u016dm":{"id":65028,"name":"Sr\u014fk \u00c2k Phn\u016dm","latitude":"13.23621000","longitude":"103.45894000"},"sr\u014fkban\u0103n":{"id":64988,"name":"Sr\u014fk Ban\u0103n","latitude":"12.97067000","longitude":"103.04742000"},"sr\u014fkb\u00e2v\u012dl":{"id":64995,"name":"Sr\u014fk B\u00e2v\u012dl","latitude":"13.23601000","longitude":"102.82910000"},"sr\u014fkrotanakmondol":{"id":65017,"name":"Sr\u014fk Rotanak Mondol","latitude":"12.84048000","longitude":"102.88700000"}}},"kampongcham":{"id":3991,"name":"Kampong Cham","state_code":"3","latitude":"12.09829180","longitude":"105.31311850","type":"province","cities":{"cheungprey":{"id":64941,"name":"Cheung Prey","latitude":"12.10000000","longitude":"105.07000000"},"kampongcham":{"id":64944,"name":"Kampong Cham","latitude":"11.98000000","longitude":"105.44500000"},"sr\u014fkbath\u00e9ay":{"id":64990,"name":"Sr\u014fk Bath\u00e9ay","latitude":"12.02986000","longitude":"104.93171000"}}},"kampongchhnang":{"id":3979,"name":"Kampong Chhnang","state_code":"4","latitude":"12.13923520","longitude":"104.56552730","type":"province","cities":{"baribour":{"id":64939,"name":"Baribour","latitude":"12.43000000","longitude":"104.47000000"},"kampongchhnang":{"id":64945,"name":"Kampong Chhnang","latitude":"12.250000","longitude":"104.666670","postcode":"-","gmtOffset":25200,"gmtOffsetName":"UTC+07:00","ip2locationv4":["606454528","606454783","763337472","763337727","1729117184","1729117439","3415231232","3415231487","3415232768","3415233023"],"ip2locationv6":["281471288197888","281471288198143","281471445080832","281471445081087","281472410860544","281472410860799","281474096974592","281474096974847","281474096976128","281474096976383"]},"roleab\u0027ier":{"id":64974,"name":"Rolea B\u0027ier","latitude":"12.21000000","longitude":"104.61000000"},"sr\u014fkcholkiri":{"id":64997,"name":"Sr\u014fk Chol Kiri","latitude":"12.15861000","longitude":"104.82287000"},"sr\u014fksameakkimeanchey":{"id":65019,"name":"Sr\u014fk Sameakki Mean Chey","latitude":"11.86788000","longitude":"104.55549000"},"chak":{"name":"Chak","latitude":"12.460630","longitude":"104.445880","postcode":"-","gmtOffset":25200,"gmtOffsetName":"UTC+07:00","ip2locationv4":["1743810560","1743811327","3075586304","3075586559","3075587072","3075588095"],"ip2locationv6":["281472425553920","281472425554687","281473757329664","281473757329919","281473757330432","281473757331455","47856515324996546948043339967584272384","47856515404224709462307677561128222719","55838750779347868477789305826256617472","55838750779347868496236049899966169087","55838750779352704181067764342955442176","55838750779352704199514508416664993791","55838750779353913106887378972130148352","55838750779353913125334123045839699967","55838750779357539884346222859654266880","55838750779357539902792966933363818495"]}}},"kampongspeu":{"id":3988,"name":"Kampong Speu","state_code":"5","latitude":"11.61551090","longitude":"104.37919120","type":"province","cities":{"kampongspeu":{"id":64946,"name":"Kampong Speu","latitude":"11.45332000","longitude":"104.52085000"},"kr\u014fngchbarmon":{"id":64962,"name":"Kr\u014fng Chbar Mon","latitude":"11.47091000","longitude":"104.50655000"},"sr\u014fkbasedth":{"id":64989,"name":"Sr\u014fk Basedth","latitude":"11.18432000","longitude":"104.53584000"},"sr\u014fkk\u00f4ngp\u012dsei":{"id":65008,"name":"Sr\u014fk K\u00f4ng P\u012dsei","latitude":"11.31648000","longitude":"104.65992000"},"sr\u014fk\u014ed\u014fngk":{"id":65032,"name":"Sr\u014fk \u014ed\u014fngk","latitude":"11.66845000","longitude":"104.61224000"}}},"kampongthom":{"id":5070,"name":"Kampong Thom","state_code":"6","latitude":"12.81674850","longitude":"103.84131040","type":"province"},"kampot":{"id":3981,"name":"Kampot","state_code":"7","latitude":"10.73253510","longitude":"104.37919120","type":"province","cities":{"angkorchey":{"id":64935,"name":"Angkor Chey","latitude":"10.76667000","longitude":"104.65000000"},"banteaymeas":{"id":64938,"name":"Banteay Meas","latitude":"10.61667000","longitude":"104.53333000"},"chhoukdistrict":{"id":64942,"name":"Chhouk District","latitude":"10.81667000","longitude":"104.45000000"},"kampongbay":{"id":64943,"name":"Kampong Bay","latitude":"10.59554000","longitude":"104.17136000"},"kampongtranch":{"id":64947,"name":"Kampong Tranch","latitude":"10.55000000","longitude":"104.46667000"},"kampot":{"id":64948,"name":"Kampot","latitude":"10.616670","longitude":"104.183330","postcode":"-","gmtOffset":25200,"gmtOffsetName":"UTC+07:00","ip2locationv4":["1611220992","1611221759","1611224576","1611224831","1742974720","1742974975","1960085248","1960085503","2942573824","2942574079","2942576384","2942576639","2942584064","2942584319"],"ip2locationv6":["281472292964352","281472292965119","281472292967936","281472292968191","281472424718080","281472424718335","281472641828608","281472641828863","281473624317184","281473624317439","281473624319744","281473624319999","281473624327424","281473624327679"]},"sr\u014fkch\u016dmkiri":{"id":64998,"name":"Sr\u014fk Ch\u016dm Kiri","latitude":"11.00540000","longitude":"104.44207000"},"sr\u014fkd\u00e2ngt\u00f3ng":{"id":65001,"name":"Sr\u014fk D\u00e2ngt\u00f3ng","latitude":"10.70733000","longitude":"104.42229000"},"sroktuekchhou":{"id":64986,"name":"Srok Tuek Chhou","latitude":"10.74557000","longitude":"104.11013000"}}},"kandal":{"id":3983,"name":"Kandal","state_code":"8","latitude":"11.22373830","longitude":"105.12589550","type":"province","cities":{"kr\u014fngtakhmau":{"id":64965,"name":"Kr\u014fng Ta Khmau","latitude":"11.45474000","longitude":"104.94350000"},"sr\u014fkkhs\u0103chk\u00e2ndal":{"id":65003,"name":"Sr\u014fk Khs\u0103ch K\u00e2ndal","latitude":"11.69224000","longitude":"105.03732000"},"takhmau":{"id":65037,"name":"Ta Khmau","latitude":"11.48333000","longitude":"104.95000000"}}},"kep":{"id":3978,"name":"Kep","state_code":"23","latitude":"10.53608900","longitude":"104.35591580","type":"province","cities":{"krongkep":{"id":64961,"name":"Krong Kep","latitude":"10.48291000","longitude":"104.31672000"},"sr\u014fkd\u00e2mn\u0103kch\u00e2ng\u2019aeur":{"id":65000,"name":"Sr\u014fk D\u00e2mn\u0103k Ch\u00e2ng\u2019aeur","latitude":"10.53394000","longitude":"104.34855000"}}},"kohkong":{"id":3982,"name":"Koh Kong","state_code":"9","latitude":"11.57628040","longitude":"103.35872880","type":"province","cities":{"kohkong":{"id":64957,"name":"Koh Kong","latitude":"11.61531000","longitude":"102.98380000"},"smachmeanchey":{"id":64982,"name":"Smach Mean Chey","latitude":"11.54665000","longitude":"103.03569000"},"sraeambel":{"id":64984,"name":"Srae Ambel","latitude":"11.10968000","longitude":"103.76226000"},"sr\u014fkbatumsak\u00f4r":{"id":64991,"name":"Sr\u014fk Batum Sak\u00f4r","latitude":"11.11465000","longitude":"103.38993000"},"sr\u014fkm\u00f4nd\u00f4lseima":{"id":65011,"name":"Sr\u014fk M\u00f4nd\u00f4l Seima","latitude":"11.81292000","longitude":"103.01159000"}}},"kratie":{"id":3986,"name":"Kratie","state_code":"10","latitude":"12.50436080","longitude":"105.96998780","type":"province","cities":{"kracheh":{"id":64958,"name":"Kracheh","latitude":"12.57000000","longitude":"106.20000000"},"krati\u00e9":{"id":64960,"name":"Krati\u00e9","latitude":"12.48811000","longitude":"106.01879000"},"snuol":{"id":64983,"name":"Snuol","latitude":"12.19373000","longitude":"106.47361000"}}},"mondulkiri":{"id":3985,"name":"Mondulkiri","state_code":"11","latitude":"12.78794270","longitude":"107.10119310","type":"province","cities":{"kr\u014fngs\u00eanm\u00f4no\u016dr\u00f4m":{"id":64964,"name":"Kr\u014fng S\u00eanm\u00f4no\u016dr\u00f4m","latitude":"12.50480000","longitude":"107.15525000"},"senmonorom":{"id":64978,"name":"Sen Monorom","latitude":"12.45583000","longitude":"107.18811000"},"sr\u014fkkaevseima":{"id":65002,"name":"Sr\u014fk Kaev Seima","latitude":"12.41722000","longitude":"106.77025000"},"sr\u014fkpechchreada":{"id":65014,"name":"Sr\u014fk Pech Chreada","latitude":"12.72780000","longitude":"107.09480000"}}},"oddarmeanchey":{"id":3987,"name":"Oddar Meanchey","state_code":"22","latitude":"14.16097380","longitude":"103.82162610","type":"province","cities":{"samraong":{"id":64976,"name":"Samraong","latitude":"14.18175000","longitude":"103.51761000"},"sr\u014fkb\u00e2nt\u00e9ay\u00c2mp\u012dl":{"id":64994,"name":"Sr\u014fk B\u00e2nt\u00e9ay \u00c2mp\u012dl","latitude":"14.18590000","longitude":"103.25925000"},"sr\u014fks\u00e2mra\u00f4ng":{"id":65023,"name":"Sr\u014fk S\u00e2mra\u00f4ng","latitude":"14.25039000","longitude":"103.62739000"},"sr\u014fktr\u00e2pe\u0103ngprasat":{"id":65026,"name":"Sr\u014fk Tr\u00e2pe\u0103ng Prasat","latitude":"14.25809000","longitude":"104.30835000"}}},"pailin":{"id":3980,"name":"Pailin","state_code":"24","latitude":"12.90929620","longitude":"102.66755750","type":"province","cities":{"khansalakrau":{"id":64956,"name":"Khan Sala Krau","latitude":"12.97984000","longitude":"102.63957000"},"pailin":{"id":64968,"name":"Pailin","latitude":"12.848950","longitude":"102.609280","postcode":"-","gmtOffset":25200,"gmtOffsetName":"UTC+07:00","ip2locationv4":["460603136","460603391","606444800","606445055","606452992","606453247","606457600","606457855","1611224832","1611225087","1850394624","1850394879","1868214272","1868214527","1960084736","1960085247","2942567936","2942568191","2942569472","2942569727","2942593024","2942593279","3415234048","3415234303"],"ip2locationv6":["281471142346496","281471142346751","281471288188160","281471288188415","281471288196352","281471288196607","281471288200960","281471288201215","281472292968192","281472292968447","281472532137984","281472532138239","281472549957632","281472549957887","281472641828096","281472641828607","281473624311296","281473624311551","281473624312832","281473624313087","281473624336384","281473624336639","281474096977408","281474096977663"]}}},"phnompenh":{"id":3994,"name":"Phnom Penh","state_code":"12","latitude":"11.55637380","longitude":"104.92820990","type":"autonomous municipality","cities":{"khan7makara":{"id":64949,"name":"Khan 7 Makara","latitude":"11.56254000","longitude":"104.91405000"},"khanch\u00e2mkarmon":{"id":64950,"name":"Khan Ch\u00e2mkar Mon","latitude":"11.54390000","longitude":"104.92175000"},"khand\u00e2ngka\u00f4":{"id":64952,"name":"Khan D\u00e2ngka\u00f4","latitude":"11.52457000","longitude":"104.83944000"},"khandu\u014fnp\u00e9nh":{"id":64951,"name":"Khan Du\u014fn P\u00e9nh","latitude":"11.57561000","longitude":"104.92025000"},"khanm\u00e9anchey":{"id":64953,"name":"Khan M\u00e9an Chey","latitude":"11.51976000","longitude":"104.95467000"},"khanrusseykeo":{"id":64954,"name":"Khan Russey Keo","latitude":"11.61946000","longitude":"104.90990000"},"khansaensokh":{"id":64955,"name":"Khan Saen Sokh","latitude":"11.61289000","longitude":"104.86078000"},"phnompenh":{"id":64970,"name":"Phnom Penh","latitude":"11.562516","longitude":"104.916058","postcode":"12206","gmtOffset":25200,"gmtOffsetName":"UTC+07:00","ip2locationv4":["18938880","18939135","85729280","85730303","85730560","85730815","85731072","85731327","387630592","387630847","400967680","400967935","459297792","459298303","459298560","459298815","460156928","460158975","460261376","460262399","460602368","460602623","461120000","461120511","576905216","576905727","576909312","576909823","577175552","577176063","606437376","606437887","606438144","606438655","606439424","606440959","606441216","606441471","606441728","606442495","606444544","606444799","606446080","606446335","606446592","606447615","606447872","606448127","606448384","606448639","606449408","606449663","606450688","606450943","606451200","606451711","606452480","606452735","606453248","606453759","606455296","606455551","606455808","606456063","606457088","606457343","606457856","606458367","606458624","606458879","606459904","606460671","606460928","606461183","606461440","606462207","606462464","606462975","606463488","606463743","606464256","606464511","606465024","606467327","606467584","606468607","606469120","606470143","620728320","620729343","640622592","640624639","641074176","641074687","641096960","641097215","647391232","647392255","654087680","654088191","654211072","654212095","736234496","736235519","736508928","736509951","736542720","736543743","736575488","736576511","736615424","736616447","737485056","737485311","737485568","737485823","737527808","737528831","737531904","737532927","737862656","737863679","737939456","737939711","737940224","737940479","738160640","738161151","759201024","759201791","762486784","762487807","762531840","762532863","762557440","762558207","762564608","762565631","762727424","762728191","762807296","762808319","763336704","763337471","763734016","763734271","763805440","763805695","767772160","767772671","768180224","768202239","771419136","771420159","832307200","832307711","832307968","832308223","832315392","832319487","846340352","846340607","961040384","961041407","979484672","979494911","1053135360","1053135615","1475846144","1475848191","1490145024","1490145279","1542463744","1542463999","1567755776","1567756287","1611218944","1611219711","1611219968","1611220991","1611221760","1611222015","1611222528","1611224063","1611224320","1611224575","1611225088","1611225599","1611226112","1611227135","1722104320","1722104575","1728412672","1728413439","1728439808","1728440319","1728448768","1728449023","1728449280","1728449535","1728518144","1728519167","1728548864","1728549119","1728582656","1728583679","1728691200","1728692223","1728880640","1728881663","1729034240","1729034495","1729034752","1729035263","1729117440","1729118207","1729221632","1729222655","1729384448","1729384703","1729384960","1729385471","1729404160","1729404415","1729594368","1729596415","1729615104","1729615359","1729630720","1729631231","1729634304","1729635327","1729715200","1729716223","1729950208","1729950719","1730069504","1730070527","1730117632","1730118655","1730538496","1730539519","1731228928","1731229183","1731274752","1731275007","1731275520","1731275775","1731620864","1731621887","1731767808","1731768063","1732230656","1732230911","1732459520","1732460031","1732520960","1732521983","1732592640","1732593663","1732762624","1732763135","1732879872","1732880383","1733145088","1733145599","1733197824","1733198847","1733534208","1733534719","1733860096","1733860351","1733861888","1733862143","1733989376","1733990399","1734692864","1734693119","1734693376","1734693887","1734711296","1734711551","1734712320","1734712575","1734712832","1734713343","1734725632","1734726655","1734927360","1734927615","1735052288","1735053311","1735186944","1735187455","1735320576","1735321599","1735420672","1735420927","1735454720","1735455743","1735513856","1735514111","1735546880","1735547135","1735547392","1735547903","1735633920","1735634175","1735797760","1735798783","1735872512","1735873023","1735876608","1735877119","1735890944","1735891967","1735948288","1735949311","1735951360","1735952383","1736031232","1736032255","1736608768","1736609791","1736706048","1736707071","1736880128","1736881151","1736929280","1736930047","1736952832","1736953855","1736971264","1736972287","1736996352","1736996863","1737011200","1737012223","1737110528","1737110783","1737154816","1737155071","1737166848","1737167359","1737288704","1737288959","1737301504","1737302015","1737335808","1737336319","1737360640","1737360895","1737412864","1737413119","1737590784","1737591295","1737633024","1737633279","1737647360","1737647615","1737810944","1737811455","1737978880","1737979391","1738039808","1738040063","1738150912","1738151423","1738386688","1738386943","1738777088","1738777599","1738847744","1738847999","1738880512","1738881023","1738956288","1738956543","1739045888","1739046399","1739389440","1739389951","1739438848","1739439103","1739706880","1739707391","1739723264","1739723775","1740062720","1740063231","1740236288","1740236543","1740487424","1740487679","1740753920","1740754943","1741025280","1741026303","1741571072","1741572095","1741604864","1741605887","1741701120","1741701375","1741819648","1741819903","1741869568","1741869823","1742221312","1742222335","1742385152","1742385663","1742740480","1742741503","1742829056","1742829567","1742974208","1742974719","1743207424","1743208447","1743306752","1743307775","1743598592","1743599103","1743729664","1743730687","1743873024","1743873279","1743873536","1743873791","1743916288","1743916543","1743916800","1743917055","1743927296","1743927551","1743927808","1743928319","1744107520","1744108543","1744233472","1744234495","1744316416","1744317439","1744389376","1744389631","1744419072","1744419327","1744468480","1744468991","1744679936","1744680959","1744794624","1744795647","1746735616","1746735871","1746752768","1746753023","1850392832","1850394367","1850394880","1850396159","1850396416","1850397951","1850398208","1850399231","1850399488","1850400255","1860951040","1860952063","1860956160","1860960255","1866686464","1866689535","1866689792","1866690559","1868214528","1868215551","1868215808","1868216063","1868216576","1868216831","1868217344","1868217855","1868218112","1868218367","1870036992","1870038527","1870039040","1870039807","1870040064","1870040831","1870041088","1870042111","1870042368","1870043647","1870043904","1870045183","1897789440","1897790463","1904376832","1904377599","1921433088","1921433599","1941051392","1941051647","1941051904","1941052159","1959661568","1959662591","1960083456","1960083711","1960084224","1960084735","1960085504","1960086015","1960086272","1960087039","1960087808","1960088575","1960088832","1960089087","1960089344","1960089855","1960090368","1960090623","1960187904","1960188671","1960188928","1960189183","1960189440","1960189695","1964273664","1964275711","1970804736","1970806271","1984153600","1984155647","1997355520","1997356031","1997379584","1997380607","1997381120","1997381631","1997492224","1997496319","2001926144","2001926655","2001926912","2001927167","2001927424","2001928191","2022184960","2022187007","2063380480","2063382527","2070738944","2070740991","2087453696","2087454719","2087464960","2087467007","2093445120","2093449215","2096668672","2096670719","2096671232","2096671743","2096672512","2096673023","2096673536","2096674047","2096674304","2096674815","2096675072","2096675839","2096676096","2096676607","2263751168","2263751423","2296676352","2296680447","2296680704","2296684543","2322692096","2322692351","2337405952","2337406463","2405181696","2405181951","2419099648","2419100671","2419123200","2419124223","2455292160","2455292927","2455293184","2455293951","2499667456","2499667711","2505625088","2505626111","2523595776","2523596031","2523596288","2523596799","2525041664","2525041919","2525042176","2525042687","2596623104","2596623359","2596623872","2596624127","2596629760","2596630015","2596865536","2596865791","2597037568","2597037823","2597162240","2597162495","2597716480","2597716991","2634696704","2634697215","2635023616","2635023871","2641846272","2641847295","2644974592","2644974847","2697601024","2697602047","2737769472","2737770239","2737810688","2737811455","2738166784","2738167807","2738209792","2738210815","2768352768","2768353023","2813526272","2813526527","2813527040","2813531647","2813533184","2813534207","2813535232","2813538303","2813575424","2813575935","2890189056","2890189311","2890223616","2890223871","2890249472","2890249727","2937847808","2937848831","2942566400","2942566655","2942566912","2942567935","2942568192","2942568447","2942568704","2942569471","2942570496","2942572287","2942572544","2942573823","2942574080","2942574847","2942575104","2942576383","2942576640","2942577919","2942578432","2942578687","2942579968","2942580479","2942581248","2942581503","2942582016","2942582271","2942582528","2942583295","2942583552","2942584063","2942584576","2942586367","2942586624","2942588671","2942588928","2942591487","2942591744","2942593023","2942593280","2942594815","2942595328","2942599167","3031596032","3031597055","3034486784","3034487295","3050746880","3050747135","3075586816","3075587071","3115312128","3115313151","3168267008","3168267263","3241830912","3241831167","3276838144","3276838399","3389469696","3389470719","3389540352","3389541375","3391369216","3391369983","3391370240","3391370751","3391371008","3391371263","3391371776","3391372543","3391372800","3391373311","3392507904","3392508415","3392667648","3392668415","3392786432","3392786943","3392803072","3392803839","3392823296","3392824319","3393069056","3393077247","3394181120","3394183167","3394521088","3394523135","3395094528","3395096575","3397132288","3397136383","3397512192","3397512447","3397603328","3397605375","3398828288","3398828799","3398830080","3398831103","3399641088","3399641343","3400274944","3400275967","3400691712","3400695807","3411058688","3411060735","3411061248","3411061503","3412050944","3412051967","3413570048","3413570303","3415228416","3415229183","3415229696","3415230719","3415231488","3415232511","3415233024","3415234047","3415234304","3415234559","3415234816","3415235583","3415235840","3415236607","3416723456","3416724479","3417341952","3417342207","3417342720","3417342975","3417343488","3417346047","3418193920","3418194431","3418194688","3418195967","3418196224","3418196735","3418196992","3418200063","3418200320","3418200831","3418201088","3418202111","3420039168","3420039423","3420039680","3420040191","3420397568","3420397823","3420398080","3420400383","3420400640","3420401407","3498037248","3498037503","3516021760","3516022783","3664004864","3664005119","3715670016","3715670527","3715670784","3715671039","3755976704","3755978751"],"ip2locationv6":["281470700682240","281470700682495","281470767472640","281470767473663","281470767473920","281470767474175","281470767474432","281470767474687","281471069373952","281471069374207","281471082711040","281471082711295","281471141041152","281471141041663","281471141041920","281471141042175","281471141900288","281471141902335","281471142004736","281471142005759","281471142345728","281471142345983","281471142863360","281471142863871","281471258648576","281471258649087","281471258652672","281471258653183","281471258918912","281471258919423","281471288180736","281471288181247","281471288181504","281471288182015","281471288182784","281471288184319","281471288184576","281471288184831","281471288185088","281471288185855","281471288187904","281471288188159","281471288189440","281471288189695","281471288189952","281471288190975","281471288191232","281471288191487","281471288191744","281471288191999","281471288192768","281471288193023","281471288194048","281471288194303","281471288194560","281471288195071","281471288195840","281471288196095","281471288196608","281471288197119","281471288198656","281471288198911","281471288199168","281471288199423","281471288200448","281471288200703","281471288201216","281471288201727","281471288201984","281471288202239","281471288203264","281471288204031","281471288204288","281471288204543","281471288204800","281471288205567","281471288205824","281471288206335","281471288206848","281471288207103","281471288207616","281471288207871","281471288208384","281471288210687","281471288210944","281471288211967","281471288212480","281471288213503","281471302471680","281471302472703","281471322365952","281471322367999","281471322817536","281471322818047","281471322840320","281471322840575","281471329134592","281471329135615","281471335831040","281471335831551","281471335954432","281471335955455","281471417977856","281471417978879","281471418252288","281471418253311","281471418286080","281471418287103","281471418318848","281471418319871","281471418358784","281471418359807","281471419228416","281471419228671","281471419228928","281471419229183","281471419271168","281471419272191","281471419275264","281471419276287","281471419606016","281471419607039","281471419682816","281471419683071","281471419683584","281471419683839","281471419904000","281471419904511","281471440944384","281471440945151","281471444230144","281471444231167","281471444275200","281471444276223","281471444300800","281471444301567","281471444307968","281471444308991","281471444470784","281471444471551","281471444550656","281471444551679","281471445080064","281471445080831","281471445477376","281471445477631","281471445548800","281471445549055","281471449515520","281471449516031","281471449923584","281471449945599","281471453162496","281471453163519","281471514050560","281471514051071","281471514051328","281471514051583","281471514058752","281471514062847","281471528083712","281471528083967","281471642783744","281471642784767","281471661228032","281471661238271","281471734878720","281471734878975","281472157589504","281472157591551","281472171888384","281472171888639","281472224207104","281472224207359","281472249499136","281472249499647","281472292962304","281472292963071","281472292963328","281472292964351","281472292965120","281472292965375","281472292965888","281472292967423","281472292967680","281472292967935","281472292968448","281472292968959","281472292969472","281472292970495","281472403847680","281472403847935","281472410156032","281472410156799","281472410183168","281472410183679","281472410192128","281472410192383","281472410192640","281472410192895","281472410261504","281472410262527","281472410292224","281472410292479","281472410326016","281472410327039","281472410434560","281472410435583","281472410624000","281472410625023","281472410777600","281472410777855","281472410778112","281472410778623","281472410860800","281472410861567","281472410964992","281472410966015","281472411127808","281472411128063","281472411128320","281472411128831","281472411147520","281472411147775","281472411337728","281472411339775","281472411358464","281472411358719","281472411374080","281472411374591","281472411377664","281472411378687","281472411458560","281472411459583","281472411693568","281472411694079","281472411812864","281472411813887","281472411860992","281472411862015","281472412281856","281472412282879","281472412972288","281472412972543","281472413018112","281472413018367","281472413018880","281472413019135","281472413364224","281472413365247","281472413511168","281472413511423","281472413974016","281472413974271","281472414202880","281472414203391","281472414264320","281472414265343","281472414336000","281472414337023","281472414505984","281472414506495","281472414623232","281472414623743","281472414888448","281472414888959","281472414941184","281472414942207","281472415277568","281472415278079","281472415603456","281472415603711","281472415605248","281472415605503","281472415732736","281472415733759","281472416436224","281472416436479","281472416436736","281472416437247","281472416454656","281472416454911","281472416455680","281472416455935","281472416456192","281472416456703","281472416468992","281472416470015","281472416670720","281472416670975","281472416795648","281472416796671","281472416930304","281472416930815","281472417063936","281472417064959","281472417164032","281472417164287","281472417198080","281472417199103","281472417257216","281472417257471","281472417290240","281472417290495","281472417290752","281472417291263","281472417377280","281472417377535","281472417541120","281472417542143","281472417615872","281472417616383","281472417619968","281472417620479","281472417634304","281472417635327","281472417691648","281472417692671","281472417694720","281472417695743","281472417774592","281472417775615","281472418352128","281472418353151","281472418449408","281472418450431","281472418623488","281472418624511","281472418672640","281472418673407","281472418696192","281472418697215","281472418714624","281472418715647","281472418739712","281472418740223","281472418754560","281472418755583","281472418853888","281472418854143","281472418898176","281472418898431","281472418910208","281472418910719","281472419032064","281472419032319","281472419044864","281472419045375","281472419079168","281472419079679","281472419104000","281472419104255","281472419156224","281472419156479","281472419334144","281472419334655","281472419376384","281472419376639","281472419390720","281472419390975","281472419554304","281472419554815","281472419722240","281472419722751","281472419783168","281472419783423","281472419894272","281472419894783","281472420130048","281472420130303","281472420520448","281472420520959","281472420591104","281472420591359","281472420623872","281472420624383","281472420699648","281472420699903","281472420789248","281472420789759","281472421132800","281472421133311","281472421182208","281472421182463","281472421450240","281472421450751","281472421466624","281472421467135","281472421806080","281472421806591","281472421979648","281472421979903","281472422230784","281472422231039","281472422497280","281472422498303","281472422768640","281472422769663","281472423314432","281472423315455","281472423348224","281472423349247","281472423444480","281472423444735","281472423563008","281472423563263","281472423612928","281472423613183","281472423964672","281472423965695","281472424128512","281472424129023","281472424483840","281472424484863","281472424572416","281472424572927","281472424717568","281472424718079","281472424950784","281472424951807","281472425050112","281472425051135","281472425341952","281472425342463","281472425473024","281472425474047","281472425616384","281472425616639","281472425616896","281472425617151","281472425659648","281472425659903","281472425660160","281472425660415","281472425670656","281472425670911","281472425671168","281472425671679","281472425850880","281472425851903","281472425976832","281472425977855","281472426059776","281472426060799","281472426132736","281472426132991","281472426162432","281472426162687","281472426211840","281472426212351","281472426423296","281472426424319","281472426537984","281472426539007","281472428478976","281472428479231","281472428496128","281472428496383","281472532136192","281472532137727","281472532138240","281472532139519","281472532139776","281472532141311","281472532141568","281472532142591","281472532142848","281472532143615","281472542694400","281472542695423","281472542699520","281472542703615","281472548429824","281472548432895","281472548433152","281472548433919","281472549957888","281472549958911","281472549959168","281472549959423","281472549959936","281472549960191","281472549960704","281472549961215","281472549961472","281472549961727","281472551780352","281472551781887","281472551782400","281472551783167","281472551783424","281472551784191","281472551784448","281472551785471","281472551785728","281472551787007","281472551787264","281472551788543","281472579532800","281472579533823","281472586120192","281472586120959","281472603176448","281472603176959","281472622794752","281472622795007","281472622795264","281472622795519","281472641404928","281472641405951","281472641826816","281472641827071","281472641827584","281472641828095","281472641828864","281472641829375","281472641829632","281472641830399","281472641831168","281472641831935","281472641832192","281472641832447","281472641832704","281472641833215","281472641833728","281472641833983","281472641931264","281472641932031","281472641932288","281472641932543","281472641932800","281472641933055","281472646017024","281472646019071","281472652548096","281472652549631","281472665896960","281472665899007","281472679098880","281472679099391","281472679122944","281472679123967","281472679124480","281472679124991","281472679235584","281472679239679","281472683669504","281472683670015","281472683670272","281472683670527","281472683670784","281472683671551","281472703928320","281472703930367","281472745123840","281472745125887","281472752482304","281472752484351","281472769197056","281472769198079","281472769208320","281472769210367","281472775188480","281472775192575","281472778412032","281472778414079","281472778414592","281472778415103","281472778415872","281472778416383","281472778416896","281472778417407","281472778417664","281472778418175","281472778418432","281472778419199","281472778419456","281472778419967","281472945494528","281472945494783","281472978419712","281472978423807","281472978424064","281472978427903","281473004435456","281473004435711","281473019149312","281473019149823","281473086925056","281473086925311","281473100843008","281473100844031","281473100866560","281473100867583","281473137035520","281473137036287","281473137036544","281473137037311","281473181410816","281473181411071","281473187368448","281473187369471","281473205339136","281473205339391","281473205339648","281473205340159","281473206785024","281473206785279","281473206785536","281473206786047","281473278366464","281473278366719","281473278367232","281473278367487","281473278373120","281473278373375","281473278608896","281473278609151","281473278780928","281473278781183","281473278905600","281473278905855","281473279459840","281473279460351","281473316440064","281473316440575","281473316766976","281473316767231","281473323589632","281473323590655","281473326717952","281473326718207","281473379344384","281473379345407","281473419512832","281473419513599","281473419554048","281473419554815","281473419910144","281473419911167","281473419953152","281473419954175","281473450096128","281473450096383","281473495269632","281473495269887","281473495270400","281473495275007","281473495276544","281473495277567","281473495278592","281473495281663","281473495318784","281473495319295","281473571932416","281473571932671","281473571966976","281473571967231","281473571992832","281473571993087","281473619591168","281473619592191","281473624309760","281473624310015","281473624310272","281473624311295","281473624311552","281473624311807","281473624312064","281473624312831","281473624313856","281473624315647","281473624315904","281473624317183","281473624317440","281473624318207","281473624318464","281473624319743","281473624320000","281473624321279","281473624321792","281473624322047","281473624323328","281473624323839","281473624324608","281473624324863","281473624325376","281473624325631","281473624325888","281473624326655","281473624326912","281473624327423","281473624327936","281473624329727","281473624329984","281473624332031","281473624332288","281473624334847","281473624335104","281473624336383","281473624336640","281473624338175","281473624338688","281473624342527","281473713339392","281473713340415","281473716230144","281473716230655","281473732490240","281473732490495","281473757330176","281473757330431","281473797055488","281473797056511","281473850010368","281473850010623","281473923574272","281473923574527","281473958581504","281473958581759","281474071213056","281474071214079","281474071283712","281474071284735","281474073112576","281474073113343","281474073113600","281474073114111","281474073114368","281474073114623","281474073115136","281474073115903","281474073116160","281474073116671","281474074251264","281474074251775","281474074411008","281474074411775","281474074529792","281474074530303","281474074546432","281474074547199","281474074566656","281474074567679","281474074812416","281474074820607","281474075924480","281474075926527","281474076264448","281474076266495","281474076837888","281474076839935","281474078875648","281474078879743","281474079255552","281474079255807","281474079346688","281474079348735","281474080571648","281474080572159","281474080573440","281474080574463","281474081384448","281474081384703","281474082018304","281474082019327","281474082435072","281474082439167","281474092802048","281474092804095","281474092804608","281474092804863","281474093794304","281474093795327","281474095313408","281474095313663","281474096971776","281474096972543","281474096973056","281474096974079","281474096974848","281474096975871","281474096976384","281474096977407","281474096977664","281474096977919","281474096978176","281474096978943","281474096979200","281474096979967","281474098466816","281474098467839","281474099085312","281474099085567","281474099086080","281474099086335","281474099086848","281474099089407","281474099937280","281474099937791","281474099938048","281474099939327","281474099939584","281474099940095","281474099940352","281474099943423","281474099943680","281474099944191","281474099944448","281474099945471","281474101782528","281474101782783","281474101783040","281474101783551","281474102140928","281474102141183","281474102141440","281474102143743","281474102144000","281474102144767","281474179780608","281474179780863","281474197765120","281474197766143","281474345748224","281474345748479","281474397413376","281474397413887","281474397414144","281474397414399","281474437720064","281474437722111","42540578165178134577252428530403246080","42540578165178134595699172604112797695","42540578165181757388661296570373767168","42540578165181757407108040644083318783","42540578165184236852425732018625576960","42540578165184236870872476092335128575","42540578165184243567040574848902365184","42540578165184243585487318922611916799","42540578165198686371526109447501905920","42540578165198686389972853521211457535","42540578165198702992042519859807911936","42540578165198703010489263933517463551","42540578165198731197114208561712332800","42540578165198731215560952635421884415","42540578165198739276788112846495940608","42540578165198739295234856920205492223","42540578165211999460511081925741379584","42540578165211999478957825999450931199","42540578165211999534298058220579586048","42540578165211999552744802294289137663","42540578165216854440637097468921643008","42540578165216854459083841542631194623","42540578165216856395991969282134114304","42540578165216856414438713355843665919","42540578165233743744555407796804255744","42540578165233743763002151870513807359","42540578165233766009775504764233056256","42540578165233766028222248837942607871","42540578165233777963265664528022503424","42540578165233777981712408601732055039","42540578165292988672881594847281020928","42540578165292988691328338920990572543","42540578165305092061283701600544620544","42540578165305092079730445674254172159","42540578172606979532926676003194929152","42540578172608188458746290632369635327","42540578172852391474308445725660282880","42540578172853600400128060354834989055","42540578173016805385776035293420322816","42540578173018014311595649922595028991","42540578174773394671733643680260554752","42540578174773394690180387753970106367","42540578174780644371281820050012504064","42540578174780644389728564123722055679","42540578174792737060572364051736166400","42540578174792737079019108125445718015","42540578174795142571339807998395547648","42540578174795142589786552072105099263","42540578174795156775332744754750291968","42540578174795156793779488828459843583","42540578174797563577372273861078286336","42540578174797563595819017934787837951","42540578174797566694872022317992509440","42540578174797566713318766391702061055","42540578174797587318331896725271216128","42540578174797587336778640798980767743","42540578174802393488373093232977903616","42540578174802393506819837306687455231","42540578174812066444456512457977888768","42540578174812066462903256531687440383","42540578175174737973788148370270846976","42540578175175946899607762999445553151","42540578178337287917900018291302203392","42540578178338496843719632920476909567","42540578195467766781839313696888717312","42540578195468975707658928326063423487","42540578198077837626387298085079351296","42540578198079046552206912714254057471","42540578223157003754292780314358972416","42540578223158212680112394943533678591","42540578240295945098969378124168429568","42540578240297154024788992753343135743","42540578242311224440266964958403624960","42540578242312433366086579587578331135","42540706831709217833400573123301998592","42540706831710426759220187752476704767","42540706831884512077244694353634394112","42540706831885721003064308982809100287","42540768946620061087951226820301422592","42540768946621270013770841449476128767","42540770214269452390361013687829921792","42540770214270661316180628317004627967","42540770471725921712951286620781281280","42540770471727130638770901249955987455","42540770875449117024895928772258168832","42540770875450325950715543401432875007","42540770888989086204579775528967340032","42540770888990295130399390158142046207","42540770896880953955024074781449256960","42540770896882162880843689410623963135","42540770897267810217300756117355233280","42540770897269019143120370746529939455","42540770916455880826224150378291658752","42540770916457089752043765007466364927","42540770927133113665060555249296605184","42540770927134322590880169878471311359","42540770934019155133585483028422983680","42540770934020364059405097657597689855","42540770937965089008807632654663942144","42540770937966297934627247283838648319","42540770954367794529338921297077338112","42540770954369003455158535926252044287","42540770957075788365275690648419172352","42540770957076997291095305277593878527","42540770988876582050238511089065132032","42540770988877790976058125718239838207","42540771013092575142939148087604543488","42540771013093784068758762716779249663","42540771058973727848953554526053335040","42540771058974936774773169155228041215","42540771080560307283992373069606813696","42540771080561516209811987698781519871","42540771090618570103186087803162198016","42540771090619779029005702432336904191","42540771111973035780858897545172090880","42540771111974244706678512174346797055","42540771113288347072599614087252410368","42540771113289555998419228716427116543","42540771118781705996928489057117274112","42540771118782914922748103686291980287","42540771256734649124793053441188429824","42540771256735858050612668070363135999","42540771342771481855126982546677563392","42540771342772690780946597175852269567","42540771365054402562263827494861799424","42540771365055611488083442124036505599","42540771381766593092616461205999976448","42540771381767802018436075835174682623","42540771442116170007778749607332282368","42540771442117378933598364236506988543","42540771454186085390811207287598743552","42540771454187294316630821916773449727","42540771473064670989913256479810387968","42540771473065879915732871108985094143","47853457751748796458726929919452905472","47853457830976958972991267512996855807","47853483104760801023314959853517012992","47853483183988963537579297447060963327","47853678322953236170642790345810640896","47853678402181398684907127939354591231","47853721423073643930442441233719623680","47853721502301806444706778827263574015","47854162565482523354274162086435094528","47854162644710685868538499679979044863","47854542860662591823094611097396707328","47854542939890754337358948690940657663","47854963720661867595255908002860892160","47854963799890030109520245596404842495","47855262886203521457394661224817360896","47855262965431683971658998818361311231","47855977841142050178777105365425192960","47855977920370212693041442958969143295","47856325177798204679188255314708267008","47856325177799413605007869943882973183","47856325178165718128351102583818944512","47856325178166927054170717212993650687","47856325178336176668916765297452515328","47856325178337385594736379926627221503","47857057879453444630227180556556173312","47857057958681607144491518150100123647","47857286056561485711519449963133140992","47857286135789648225783787556677091327","47857640998729549615751869040030646272","47857641077957712130016206633574596607","47858657654510932655731869396001357824","47858657733739095169996206989545308159","47858972031859789256623440578396291072","47858972111087951770887778171940241407","47859261056196641292926981826727116800","47859261135424803807191319420271067135","47860462788965657654399600701365813248","47860462868193820168663938294909763583","47860787307519316081126383857386389504","47860787386747478595390721450930339839","47861476915017782513364604608193757184","47861476915017782531811348681903308799","47861476915017785243482727517207396352","47861476915017785261929471590916947967","47861476915017785280376215664626499584","47861476915017785298822959738336051199","47861476915017787899813874131382829056","47861476915017787918260618205092380671","47861517474265047541261645958432686080","47861517553493210055525983551976636415","47861552968481853931684887866122436608","47861553047710016445949225459666386943","47861715227758683145048279444132724736","47861715306986845659312617037676675071","47862688783729143435049973980919234560","47862688783730352360869588610093940735","47864037563658301261311821404404973568","47864037642886463775576158997948923903","47864235317151936975778919332362321939","47864235317155563679450786925048234291","47864235317155563679450786925048234293","47864235396380099379362792483648962559","47866228063895495641717607707543863296","47866228143123658155981945301087813631","47866506947027545852185936982249046016","47866507026255708366450274575792996351","47866755406545190585148630336077299712","47866755485773353099412967929621250047","47867363878833300135261348753615880192","47867363958061462649525686347159830527","47868230951843856244171972498608357376","47868231031072018758436310092152307711","47868601105819122887157209535944327168","47868601185047285401421547129488277503","47869199436902430611434715979857264640","47869199516130593125699053573401214975","47869853544612148377805888278711238656","47869853544612148396252632352420921462","47869853544612148396252632352420921464","47869853544612148396252632352421183567","47869853544612148396252632352421183569","47869853544612148396252632352421445718","47869853544612148396252632352421445720","47869853544612148396252632352421707808","47869853544612148396252632352421707810","47869853544613357340518991055305310322","47869853544613357340518991055305310324","47869853544613357340518991055305375862","47869853544613357340518991055305375864","47869853623840310892070225872255188991","47870081721720189459098157685288206336","47870081800948351973362495278832156671","47870157780756203152862247487480528896","47870157859984365667126585081024479231","47871592761235661508544741755509014528","47871592840463824022809079349052964863","47873037882919921690062447997163143168","47873037962148084204326785590707093503","47873874532316072321467435821278691328","47873874611544234835731773414822641663","47875101618097093247528084629981495296","47875101697325255761792422223525445631","47875497125084364455101351601381572608","47875497204312526969365689194925522943","47875649243156391842629531205766217728","47875649322384554356893868799310168063","47875781078818815578487286862899576832","47875781158046978092751624456443527167","47875943338095644791850678440909864960","47875943417323807306115016034453815295","47876085314962870353543646071668867072","47876085394191032867807983665212817407","47876247574251788825103183941426216960","47876247574252997750922798570600923135","47876607587010164384057062713389481984","47876607587073028526677023430474203135","47876607587074237452496638059648909312","47876607666238326898321400306933432319","47876779987491795423255666265025413120","47876780066719957937520003858569363455","47877114647250255675817661394671632384","47877114726478418190081998988215582719","47877712978333563400095167838584569856","47877713057561725914359505432128520191","47878392439055285731054370071502651392","47878392518283448245318707665046601727","47878696675199340506110729280271941632","47878696754427503020375066873815891967","47879325429897053707893871645061808128","47879325509125216222158209238605758463","47880836469412525757340455715282616320","47880836548640688271604793308826566655","47881617342182266346651777684457127936","47881617421410428860916115278001078271","47882423597674572443400256185274728448","47882423602626332600541777284871225343","47882590897843241626832127152518856704","47882590977071404141096464746062807039","47882763298324872666030730704154787840","47882763377553035180295068297698738175","47883138522902540221933573728303579136","47883138602130702736197911321847529471","47883239934950558480285693464560009216","47883240014178720994550031058103959551","47883883901455474420821653789788340224","47883883980683636935085991383332290559","47884157713985123718372377077680701440","47884157793213286232636714671224651775","47886951615908026735973275811545350144","47886951695136189250237613405089300479","47889988906746173573619261912425431040","47889988985974336087883599505969381375","47890460472769458474956618686017830912","47890460551997620989220956279561781247","47891180498310388109256668813438484480","47891180577538550623521006406982434815","47892478572525021816163801437520789504","47892478651753184330428139031064739839","50512955737852735766748023214389067776","50512955737853944692567637843563773951","50521102391771764849268609779006177280","50521102391791107662382443845801476095","50526129177159258975599845103156330496","50526129177160467901419459732331036671","50543536576942914961690688909488422912","50543536576952586368247605942886072319","50546781751347710281947015028999716864","50546781751367053095060849095795015679","50547156965360575100237613695391236096","50547156965361784026057228324565942271","50549190276935430438393760699079720960","50549190276936639364213375328254427135","50549377889544629558543058942451253248","50549377889563972371656893009246552063","50676817341919008218987909583736930376","50676817341919008218987909583736930376","50676817341919008218987909583736930384","50676817341919008218987909583736930384","55838750779347177794797697993225011200","55838750779347177813244442066934562815","55838750779347868459342561752547065856","55838750779347868477789305826256617471","55838750779347868496236049899966169088","55838750779347868570023026194804375551","55838750779347868606916514342223478784","55838750779347868662256746563352133631","55838750779348386720617312622399717376","55838750779348386739064056696109268991","55838750779352013498076156509923835904","55838750779352013516522900583633387519","55838750779352704162621020269245890560","55838750779352704181067764342955442175","55838750779352704199514508416664993792","55838750779352704273301484711503200255","55838750779352704310194972858922303488","55838750779352704365535205080050958335","55838750779353222423895771139098542080","55838750779353222442342515212808093695","55838750779353913088440634898420596736","55838750779353913106887378972130148351","55838750779353913125334123045839699968","55838750779353913199121099340677906431","55838750779353913236014587488097009664","55838750779353913291354819709225664511","55838750779354431349715385768273248256","55838750779354431368162129841982799871","55838750779355640275535000397447954432","55838750779355640293981744471157506047","55838750779356849201354615026622660608","55838750779356849219801359100332212223","55838750779357539865899478785944715264","55838750779357539884346222859654266879","55838750779357539902792966933363818496","55838750779357539976579943228202024959","55838750779357540013473431375621128192","55838750779357540068813663596749783039","55838750779358058127174229655797366784","55838750779358058145620973729506918399","55849932188197179338997587381170733056","55849932188197179375891075528589836287","55849932188197278361119775054043807744","55849932188197283083486257923689021439","55849932188198388689092315705665126400","55849932188198388725985803853084229631","55849932188198520343504769770735009792","55849932188198525065871252640380223487","55849932188227402466041209036828835840","55849932188227402502934697184247939071","55849932188227506228976623653056675840","55849932188227510951343106522701889535","55849932208015402383821154509746339840","55849932208015477941684880424069758975","55849932208034745196934988576541638656","55849932208034820754798714490865057791","55849932208054088010048822643336937472","55849932208054163567912548557660356607","55849932208073430823162656710132236288","55849932208073506381026382624455655423","55849932208092773636276490776927535104","55849932208092849194140216691250954239","55849932208112116449390324843722833920","55849932208112192007254050758046253055","55849932208131459262504158910518132736","55849932208131534820367884824841551871","55849932208150802075617992977313431552","55849932208150877633481718891636850687","55878094235078454025623483000519917568","55878094235079662951443097629694623743","55878094235616426015351992983264165888","55878094235617634941171607612438872063","55878094332638767668524057399308320768","55878094332638767686970801473017872383","55878094332677453294751725532898918400","55878094332677453313198469606608470015","55878094332716138920979393666489516032","55878094332716138939426137740199067647","55878094332754824547207061800080113664","55878094332754824565653805873789665279","55878094414894080435103426446316535808","55878094414903751841660343479714185215","55878094494122242949367764039860486144","55878094494131914355924681073258135551","55878094552721295277728069396218249216","55878094552730966684284986429615898623","55878094557673055434869590495814746112","55878094557682726841426507529212395519","55878094652781667515591696928299024384","55878094652791338922148613961696673791","55878094732009830029856034521842974720","55878094732019501436412951555240624127","55881451340296190769404290751579291648","55881451340296190787851034825288843263","55882404246762596888802256184879874048","55882404246763805814621870814054580223","55892631651770179394844707340274368512","55892632285595479508959408088625971199","55908173128362966283490765988481597440","55908173128362966283490765988481662975","55922761171236403951259480982059745280","55922761805061704065374181730411347967","55922801736055611254600328876562317312","55922802369880911368715029624913919999","55922963995332440467963720454572605440","55922964629157740582078421202924208127"]}}},"preahvihear":{"id":3973,"name":"Preah Vihear","state_code":"13","latitude":"14.00857970","longitude":"104.84546190","type":"province","cities":{"sangkomthmei":{"id":64977,"name":"Sangkom Thmei","latitude":"13.47395000","longitude":"104.77051000"},"sr\u014fkch\u2019\u00eahs\u00ean":{"id":64999,"name":"Sr\u014fk Ch\u2019\u00eah S\u00ean","latitude":"13.58215000","longitude":"105.34533000"},"sr\u014fkchh\u00eab":{"id":64996,"name":"Sr\u014fk Chh\u00eab","latitude":"13.91077000","longitude":"105.46180000"},"sr\u014fkkul\u00e9n":{"id":65005,"name":"Sr\u014fk Kul\u00e9n","latitude":"13.78597000","longitude":"104.61052000"},"sr\u014fkr\u00f4vi\u0115ng":{"id":65018,"name":"Sr\u014fk R\u00f4vi\u0115ng","latitude":"13.35105000","longitude":"105.09956000"},"sr\u014fktb\u00eangm\u00e9anchey":{"id":65025,"name":"Sr\u014fk Tb\u00eang M\u00e9anchey","latitude":"13.78622000","longitude":"105.01586000"},"tbengmeanchey":{"id":65039,"name":"Tbeng Meanchey","latitude":"13.816670","longitude":"104.966670","postcode":"-","gmtOffset":25200,"gmtOffsetName":"UTC+07:00","ip2locationv4":["2942580480","2942580735"],"ip2locationv6":["281473624323840","281473624324095"]}}},"preyveng":{"id":3974,"name":"Prey Veng","state_code":"14","latitude":"11.38024420","longitude":"105.50054830","type":"province","cities":{"preyveng":{"id":64972,"name":"Prey Veng","latitude":"11.48682000","longitude":"105.32533000"},"sr\u014fkk\u00e2mp\u00f3ngl\u00e9av":{"id":65006,"name":"Sr\u014fk K\u00e2mp\u00f3ng L\u00e9av","latitude":"11.50970000","longitude":"105.30110000"},"sr\u014fkm\u00e9sang":{"id":65010,"name":"Sr\u014fk M\u00e9sang","latitude":"11.35528000","longitude":"105.57235000"},"sr\u014fkpre\u0103hsd\u00e9ch":{"id":65016,"name":"Sr\u014fk Pre\u0103h Sd\u00e9ch","latitude":"11.08690000","longitude":"105.37497000"}}},"pursat":{"id":3977,"name":"Pursat","state_code":"15","latitude":"12.27209560","longitude":"103.72891670","type":"province","cities":{"bakan":{"id":64936,"name":"Bakan","latitude":"12.78000000","longitude":"103.79000000"},"krakor":{"id":64959,"name":"Krakor","latitude":"12.48000000","longitude":"104.19000000"},"pursat":{"id":64973,"name":"Pursat","latitude":"12.53878000","longitude":"103.91920000"},"sampovmeas":{"id":64975,"name":"Sampov Meas","latitude":"12.47055000","longitude":"103.91817000"},"sr\u014fkk\u00e2ndi\u0115ng":{"id":65007,"name":"Sr\u014fk K\u00e2ndi\u0115ng","latitude":"12.71245000","longitude":"104.02592000"},"sr\u014fkv\u00e9alv\u00eang":{"id":65027,"name":"Sr\u014fk V\u00e9al V\u00eang","latitude":"12.24230000","longitude":"103.13444000"}}},"ratanakiri":{"id":3990,"name":"Ratanakiri","state_code":"16","latitude":"13.85766070","longitude":"107.10119310","type":"province","cities":{"banlung":{"id":64937,"name":"Banlung","latitude":"13.73939000","longitude":"106.98727000"},"lumphat":{"id":64966,"name":"Lumphat","latitude":"13.49146000","longitude":"106.98022000"},"sr\u014fk\u00c2ndongm\u00e9as":{"id":65029,"name":"Sr\u014fk \u00c2ndong M\u00e9as","latitude":"13.93352000","longitude":"107.31155000"},"sr\u014fkb\u00e2k\u00eav":{"id":64993,"name":"Sr\u014fk B\u00e2 K\u00eav","latitude":"13.70749000","longitude":"107.19442000"},"sr\u014fkbanl\u016dng":{"id":64987,"name":"Sr\u014fk Ban L\u016dng","latitude":"13.68200000","longitude":"107.03025000"},"sr\u014fkkounmom":{"id":65004,"name":"Sr\u014fk Koun Mom","latitude":"13.51772000","longitude":"106.75142000"},"sr\u014fkouchum":{"id":65012,"name":"Sr\u014fk Ou Chum","latitude":"13.84069000","longitude":"107.03469000"},"sr\u014fkouyadav":{"id":65013,"name":"Sr\u014fk Ou Ya Dav","latitude":"13.54328000","longitude":"107.44636000"},"sr\u014fktav\u00eang":{"id":65024,"name":"Sr\u014fk Ta V\u00eang","latitude":"14.29192000","longitude":"107.24031000"}}},"siemreap":{"id":3992,"name":"Siem Reap","state_code":"17","latitude":"13.33026600","longitude":"104.10013260","type":"province","cities":{"siemreap":{"id":64979,"name":"Siem Reap","latitude":"13.36179000","longitude":"103.86056000"},"sr\u014fk\u00c2ngk\u00f4rthum":{"id":65031,"name":"Sr\u014fk \u00c2ngk\u00f4r Thum","latitude":"13.57881000","longitude":"103.85645000"},"sr\u014fkprasatbakong":{"id":65015,"name":"Sr\u014fk Prasat Bakong","latitude":"13.21031000","longitude":"103.97689000"},"svayleu":{"id":65035,"name":"Svay Leu","latitude":"13.69168000","longitude":"104.27446000"},"varin":{"id":65040,"name":"Varin","latitude":"13.83574000","longitude":"103.89968000"}}},"sihanoukville":{"id":3989,"name":"Sihanoukville","state_code":"18","latitude":"10.75818990","longitude":"103.82162610","type":"province","cities":{"sihanoukville":{"id":64980,"name":"Sihanoukville","latitude":"10.60932000","longitude":"103.52958000"},"srokstuenghav":{"id":64985,"name":"Srok Stueng Hav","latitude":"10.85249000","longitude":"103.74016000"}}},"stungtreng":{"id":3993,"name":"Stung Treng","state_code":"19","latitude":"13.57647300","longitude":"105.96998780","type":"province","cities":{"sr\u014fksr\u00eas\u00e9n":{"id":65020,"name":"Sr\u014fk Sr\u00eas\u00e9n","latitude":"13.60530000","longitude":"106.35819000"},"stuengtraeng":{"id":65033,"name":"Stueng Traeng","latitude":"13.65000000","longitude":"106.07000000"},"stungtreng":{"id":65034,"name":"Stung Treng","latitude":"13.52586000","longitude":"105.96830000"}}},"svayrieng":{"id":3972,"name":"Svay Rieng","state_code":"20","latitude":"11.14272200","longitude":"105.82902980","type":"province","cities":{"sr\u014fksvaychr\u016dm":{"id":65021,"name":"Sr\u014fk Svay Chr\u016dm","latitude":"11.11160000","longitude":"105.69814000"},"svayrieng":{"id":65036,"name":"Svay Rieng","latitude":"11.08785000","longitude":"105.79935000"}}},"takeo":{"id":3975,"name":"Takeo","state_code":"21","latitude":"10.93215190","longitude":"104.79877100","type":"province","cities":{"kr\u014fngdounkaev":{"id":64963,"name":"Kr\u014fng Doun Kaev","latitude":"10.99459000","longitude":"104.79550000"},"phum\u012dv\u00e9alsr\u00ea":{"id":64971,"name":"Phum\u012d V\u00e9al Sr\u00ea","latitude":"10.98081000","longitude":"104.77828000"},"sr\u014fk\u00c2ngk\u00f4rborei":{"id":65030,"name":"Sr\u014fk \u00c2ngk\u00f4r Borei","latitude":"10.99291000","longitude":"104.95177000"},"sr\u014fkboreicholsar":{"id":64992,"name":"Sr\u014fk Borei Cholsar","latitude":"10.81414000","longitude":"104.98994000"},"takeo":{"id":65038,"name":"Takeo","latitude":"10.99081000","longitude":"104.78498000"}}},"svaayrieng":{"name":"Svaay Rieng","cities":{"bavet":{"name":"Bavet","latitude":"11.063170","longitude":"106.135570","postcode":"-","gmtOffset":25200,"gmtOffsetName":"UTC+07:00","ip2locationv4":["85730304","85730559","85730816","85731071","606444288","606444543","606452736","606452991","606459392","606459647","606463744","606463999","738161152","738161407","759200768","759201023","1729034496","1729034751","1729384704","1729384959","1732879360","1732879615","1734364416","1734365183","1735547136","1735547391","1735634176","1735634943","1743927552","1743927807","1868216064","1868216319","1868217856","1868218111","1870039808","1870040063","1870040832","1870041087","1904377600","1904377855","1960087296","1960087807","1960088576","1960088831","1960089088","1960089343","1960089856","1960090367","1960188672","1960188927","2096673280","2096673535","2096674048","2096674303","2942578688","2942578943","2942595072","2942595327","3411061504","3411061759","3715670528","3715670783"],"ip2locationv6":["281470767473664","281470767473919","281470767474176","281470767474431","281471288187648","281471288187903","281471288196096","281471288196351","281471288202752","281471288203007","281471288207104","281471288207359","281471419904512","281471419904767","281471440944128","281471440944383","281472410777856","281472410778111","281472411128064","281472411128319","281472414622720","281472414622975","281472416107776","281472416108543","281472417290496","281472417290751","281472417377536","281472417378303","281472425670912","281472425671167","281472549959424","281472549959679","281472549961216","281472549961471","281472551783168","281472551783423","281472551784192","281472551784447","281472586120960","281472586121215","281472641830656","281472641831167","281472641831936","281472641832191","281472641832448","281472641832703","281472641833216","281472641833727","281472641932032","281472641932287","281472778416640","281472778416895","281472778417408","281472778417663","281473624322048","281473624322303","281473624338432","281473624338687","281474092804864","281474092805119","281474397413888","281474397414143","55838750779347868440895817678837514240","55838750779347868459342561752547065855","55838750779352704144174276195536338944","55838750779352704162621020269245890559","55838750779353913069993890824711045120","55838750779353913088440634898420596735","55838750779357539847452734712235163648","55838750779357539865899478785944715263"]},"svayrieng":{"name":"Svay Rieng","latitude":"11.087850","longitude":"105.799350","postcode":"-","gmtOffset":25200,"gmtOffsetName":"UTC+07:00","ip2locationv4":["1737167872","1737168383","2942566656","2942566911","3398828800","3398829055"],"ip2locationv6":["281472418911232","281472418911743","281473624310016","281473624310271","281474080572160","281474080572415"]}}},"kaohkong":{"name":"Kaoh Kong","cities":{"krongkaohkong":{"name":"Krong Kaoh Kong","latitude":"11.617500","longitude":"102.980560","postcode":"-","gmtOffset":25200,"gmtOffsetName":"UTC+07:00","ip2locationv4":["459298304","459298559","1732879616","1732879871"],"ip2locationv6":["281471141041664","281471141041919","281472414622976","281472414623231"]}}},"banteaymeanchoay":{"name":"Banteay Mean Choay","cities":{"paoypet":{"name":"Paoy Pet","latitude":"13.656110","longitude":"102.562500","postcode":"-","gmtOffset":25200,"gmtOffsetName":"UTC+07:00","ip2locationv4":["460602624","460603135","606453760","606454015","1728829440","1728830463","1737118720","1737119231","1737146368","1737146879","1737632768","1737633023","1850396160","1850396415","1941051648","1941051903","1960091392","1960091647","2096672000","2096672255","2096673024","2096673279","2455291904","2455292159","2813575936","2813576191","2942570240","2942570495","3075586048","3075586303","3418194432","3418194687"],"ip2locationv6":["281471142345984","281471142346495","281471288197120","281471288197375","281472410572800","281472410573823","281472418862080","281472418862591","281472418889728","281472418890239","281472419376128","281472419376383","281472532139520","281472532139775","281472622795008","281472622795263","281472641834752","281472641835007","281472778415360","281472778415615","281472778416384","281472778416639","281473137035264","281473137035519","281473495319296","281473495319551","281473624313600","281473624313855","281473757329408","281473757329663","281474099937792","281474099938047","42540770864307656671327506298166050816","42540770864308865597147120927340756991","42540770872973236946325168222459920384","42540770872974445872144782851634626559"]},"sisophon":{"name":"Sisophon","latitude":"13.585880","longitude":"102.973690","postcode":"-","gmtOffset":25200,"gmtOffsetName":"UTC+07:00","ip2locationv4":["606438656","606439167","606449664","606449919","2813526016","2813526271","2942581504","2942581759","2942588672","2942588927"],"ip2locationv6":["281471288182016","281471288182527","281471288193024","281471288193279","281473495269376","281473495269631","281473624324864","281473624325119","281473624332032","281473624332287"]}}},"taakaev":{"name":"Taakaev","cities":{"phumivealsre":{"name":"Phumi Veal Sre","latitude":"10.980810","longitude":"104.778280","postcode":"-","gmtOffset":25200,"gmtOffsetName":"UTC+07:00","ip2locationv4":["606437888","606438143"],"ip2locationv6":["281471288181248","281471288181503"]},"takeo":{"name":"Takeo","latitude":"10.983330","longitude":"104.783330","postcode":"-","gmtOffset":25200,"gmtOffsetName":"UTC+07:00","ip2locationv4":["606441472","606441727","606447616","606447871","606452224","606452479","606454272","606454527","606454784","606455295","606462976","606463231","3418200832","3418201087"],"ip2locationv6":["281471288184832","281471288185087","281471288190976","281471288191231","281471288195584","281471288195839","281471288197632","281471288197887","281471288198144","281471288198655","281471288206336","281471288206591","281474099944192","281474099944447"]}}},"kampongspueu":{"name":"Kampong Spueu","cities":{"kampongspeu":{"name":"Kampong Speu","latitude":"11.450000","longitude":"104.533330","postcode":"-","gmtOffset":25200,"gmtOffsetName":"UTC+07:00","ip2locationv4":["606439168","606439423","606457344","606457599","606468608","606468863","1728448512","1728448767","2942579200","2942579455","2942586368","2942586623","3075586560","3075586815","3415229440","3415229695","3420401408","3420401663"],"ip2locationv6":["281471288182528","281471288182783","281471288200704","281471288200959","281471288211968","281471288212223","281472410191872","281472410192127","281473624322560","281473624322815","281473624329728","281473624329983","281473757329920","281473757330175","281474096972800","281474096973055","281474102144768","281474102145023"]}}},"kandaal":{"name":"Kandaal","cities":{"takhmau":{"name":"Ta Khmau","latitude":"11.483330","longitude":"104.950000","postcode":"-","gmtOffset":25200,"gmtOffsetName":"UTC+07:00","ip2locationv4":["606440960","606441215","606451968","606452223","606455552","606455807","606460672","606460927","606463232","606463487","606464768","606465023","737485312","737485567","1734693120","1734693375","1850397952","1850398207","1870043648","1870043903","1997380608","1997381119","2096670720","2096671231","2737770240","2737770495","2737810432","2737810687","2942569984","2942570239","2942572288","2942572543","2942579712","2942579967","2942580736","2942580991","3392508416","3392508927","3415230720","3415231231","3415232512","3415232767"],"ip2locationv6":["281471288184320","281471288184575","281471288195328","281471288195583","281471288198912","281471288199167","281471288204032","281471288204287","281471288206592","281471288206847","281471288208128","281471288208383","281471419228672","281471419228927","281472416436480","281472416436735","281472532141312","281472532141567","281472551787008","281472551787263","281472679123968","281472679124479","281472778414080","281472778414591","281473419513600","281473419513855","281473419553792","281473419554047","281473624313344","281473624313599","281473624315648","281473624315903","281473624323072","281473624323327","281473624324096","281473624324351","281474074251776","281474074252287","281474096974080","281474096974591","281474096975872","281474096976127"]}}},"siemreab":{"name":"Siem Reab","cities":{"siemreap":{"name":"Siem Reap","latitude":"13.366670","longitude":"103.850000","postcode":"-","gmtOffset":25200,"gmtOffsetName":"UTC+07:00","ip2locationv4":["606442496","606443263","606443776","606444287","606445568","606445823","606446336","606446591","606448128","606448383","606450176","606450431","606451712","606451967","606454016","606454271","606456064","606456575","606458368","606458623","606459136","606459391","606462208","606462463","606464000","606464255","737939712","737939967","762558208","762558463","762728192","762728447","762964992","762966015","1611222272","1611222527","1611224064","1611224319","1611225600","1611226111","1742115840","1742116863","1744129024","1744130047","1850392576","1850392831","1850394368","1850394623","1850400256","1850400511","1868216832","1868217343","1960083968","1960084223","1960091136","1960091391","1997355008","1997355263","1997356288","1997356543","2001927168","2001927423","2087522304","2087523327","2096672256","2096672511","2096675840","2096676095","2096676608","2096676863","2523596032","2523596287","2942578176","2942578431","2942578944","2942579199","2942581760","2942582015","2942582272","2942582527","2942583296","2942583551","2942584320","2942584575","2942591488","2942591743","3398828032","3398828287","3418195968","3418196223","3418200064","3418200319","3420039424","3420039679"],"ip2locationv6":["281471288185856","281471288186623","281471288187136","281471288187647","281471288188928","281471288189183","281471288189696","281471288189951","281471288191488","281471288191743","281471288193536","281471288193791","281471288195072","281471288195327","281471288197376","281471288197631","281471288199424","281471288199935","281471288201728","281471288201983","281471288202496","281471288202751","281471288205568","281471288205823","281471288207360","281471288207615","281471419683072","281471419683327","281471444301568","281471444301823","281471444471552","281471444471807","281471444708352","281471444709375","281472292965632","281472292965887","281472292967424","281472292967679","281472292968960","281472292969471","281472423859200","281472423860223","281472425872384","281472425873407","281472532135936","281472532136191","281472532137728","281472532137983","281472532143616","281472532143871","281472549960192","281472549960703","281472641827328","281472641827583","281472641834496","281472641834751","281472679098368","281472679098623","281472679099648","281472679099903","281472683670528","281472683670783","281472769265664","281472769266687","281472778415616","281472778415871","281472778419200","281472778419455","281472778419968","281472778420223","281473205339392","281473205339647","281473624321536","281473624321791","281473624322304","281473624322559","281473624325120","281473624325375","281473624325632","281473624325887","281473624326656","281473624326911","281473624327680","281473624327935","281473624334848","281473624335103","281474080571392","281474080571647","281474099939328","281474099939583","281474099943424","281474099943679","281474101782784","281474101783039","47859778257641534410522792481634910208","47859778336869696924787130075178860543","55838750779347868570023026194804375552","55838750779347868588469770268513927167","55838750779352704273301484711503200256","55838750779352704291748228785212751871","55838750779353913199121099340677906432","55838750779353913217567843414387458047","55838750779357539976579943228202024960","55838750779357539995026687301911576575"]}}},"kampongchaam":{"name":"Kampong Chaam","cities":{"kampongcham":{"name":"Kampong Cham","latitude":"11.993390","longitude":"105.463500","postcode":"-","gmtOffset":25200,"gmtOffsetName":"UTC+07:00","ip2locationv4":["606443264","606443775","606456832","606457087","1997355264","1997355519","1997356544","1997357055","2942577920","2942578175","2942579456","2942579711","3395131648","3395131903"],"ip2locationv6":["281471288186624","281471288187135","281471288200192","281471288200447","281472679098624","281472679098879","281472679099904","281472679100415","281473624321280","281473624321535","281473624322816","281473624323071","281474076875008","281474076875263"]}}},"preahsihanouk":{"name":"Preah Sihanouk","cities":{"sihanoukville":{"name":"Sihanoukville","latitude":"10.609320","longitude":"103.529580","postcode":"-","gmtOffset":25200,"gmtOffsetName":"UTC+07:00","ip2locationv4":["606445056","606445311","606468864","606469119","737484800","737485055","737939968","737940223","738161408","738161663","832307712","832307967","1611219712","1611219967","1611222016","1611222271","1735877120","1735877631","1737288960","1737289215","1737412608","1737412863","1740487168","1740487423","1742973952","1742974207","1850399232","1850399487","1850400512","1850400767","1868215552","1868215807","1868216320","1868216575","1870042112","1870042367","1960083712","1960083967","1960086016","1960086271","1960087040","1960087295","1960090624","1960090879","1960189696","1960189951","2001926656","2001926911","2096671744","2096671999","2096674816","2096675071","2525041920","2525042175","2813575168","2813575423","2942568448","2942568703","2942569728","2942569983","2942594816","2942595071","3392802816","3392803071","3417342208","3417342719","3417342976","3417343487","3418196736","3418196991"],"ip2locationv6":["281471288188416","281471288188671","281471288212224","281471288212479","281471419228160","281471419228415","281471419683328","281471419683583","281471419904768","281471419905023","281471514051072","281471514051327","281472292963072","281472292963327","281472292965376","281472292965631","281472417620480","281472417620991","281472419032320","281472419032575","281472419155968","281472419156223","281472422230528","281472422230783","281472424717312","281472424717567","281472532142592","281472532142847","281472532143872","281472532144127","281472549958912","281472549959167","281472549959680","281472549959935","281472551785472","281472551785727","281472641827072","281472641827327","281472641829376","281472641829631","281472641830400","281472641830655","281472641833984","281472641834239","281472641933056","281472641933311","281472683670016","281472683670271","281472778415104","281472778415359","281472778418176","281472778418431","281473206785280","281473206785535","281473495318528","281473495318783","281473624311808","281473624312063","281473624313088","281473624313343","281473624338176","281473624338431","281474074546176","281474074546431","281474099085568","281474099086079","281474099086336","281474099086847","281474099940096","281474099940351","55838750779347868588469770268513927168","55838750779347868606916514342223478783","55838750779352704291748228785212751872","55838750779352704310194972858922303487","55838750779353913217567843414387458048","55838750779353913236014587488097009663","55838750779357539995026687301911576576","55838750779357540013473431375621128191"]}}},"kampongthum":{"name":"Kampong Thum","cities":{"kampongthom":{"name":"Kampong Thom","latitude":"12.711120","longitude":"104.888730","postcode":"-","gmtOffset":25200,"gmtOffsetName":"UTC+07:00","ip2locationv4":["606445312","606445567","606445824","606446079","606448640","606449407","606449920","606450175","606458880","606459135","606461184","606461439","606464512","606464767","606467328","606467583","1736858624","1736859647","1743811328","1743811583","1870038528","1870038783","1970806528","1970806783","3415229184","3415229439"],"ip2locationv6":["281471288188672","281471288188927","281471288189184","281471288189439","281471288192000","281471288192767","281471288193280","281471288193535","281471288202240","281471288202495","281471288204544","281471288204799","281471288207872","281471288208127","281471288210688","281471288210943","281472418601984","281472418603007","281472425554688","281472425554943","281472551781888","281472551782143","281472652549888","281472652550143","281474096972544","281474096972799"]}}},"kaeb":{"name":"Kaeb","cities":{"krongkep":{"name":"Krong Kep","latitude":"10.483330","longitude":"104.316670","postcode":"-","gmtOffset":25200,"gmtOffsetName":"UTC+07:00","ip2locationv4":["606450432","606450687","3415234560","3415234815"],"ip2locationv6":["281471288193792","281471288194047","281474096977920","281474096978175"]}}},"baatdambang":{"name":"Baat Dambang","cities":{"battambang":{"name":"Battambang","latitude":"13.102710","longitude":"103.198220","postcode":"-","gmtOffset":25200,"gmtOffsetName":"UTC+07:00","ip2locationv4":["606450944","606451199","1728413440","1728413695","1960090880","1960091135","1960189184","1960189439","1970806272","1970806527","3392668416","3392668671"],"ip2locationv6":["281471288194304","281471288194559","281472410156800","281472410157055","281472641834240","281472641834495","281472641932544","281472641932799","281472652549632","281472652549887","281474074411776","281474074412031"]}}},"rotanakkiri":{"name":"Rotanak Kiri","cities":{"banlung":{"name":"Banlung","latitude":"13.746800","longitude":"107.004520","postcode":"-","gmtOffset":25200,"gmtOffsetName":"UTC+07:00","ip2locationv4":["606456576","606456831"],"ip2locationv6":["281471288199936","281471288200191"]}}},"preyveaeng":{"name":"Prey Veaeng","cities":{"preyveng":{"name":"Prey Veng","latitude":"11.486820","longitude":"105.325330","postcode":"-","gmtOffset":25200,"gmtOffsetName":"UTC+07:00","ip2locationv4":["606459648","606459903","3420397824","3420398079"],"ip2locationv6":["281471288203008","281471288203263","281474102141184","281474102141439"]}}},"kracheh":{"name":"Kracheh","cities":{"kratie":{"name":"Kratie","latitude":"12.488110","longitude":"106.018790","postcode":"-","gmtOffset":25200,"gmtOffsetName":"UTC+07:00","ip2locationv4":["1728449024","1728449279","1734712576","1734712831","3420400384","3420400639"],"ip2locationv6":["281472410192384","281472410192639","281472416455936","281472416456191","281474102143744","281474102143999"]}}},"otdarmeanchey":{"name":"Otdar Mean Chey","cities":{"samraong":{"name":"Samraong","latitude":"12.452620","longitude":"105.587260","postcode":"-","gmtOffset":25200,"gmtOffsetName":"UTC+07:00","ip2locationv4":["1870038784","1870039039","2942574848","2942575103"],"ip2locationv6":["281472551782144","281472551782399","281473624318208","281473624318463"]}}},"stuengtraeng":{"name":"Stueng Traeng","cities":{"stungtreng":{"name":"Stung Treng","latitude":"13.525860","longitude":"105.968300","postcode":"-","gmtOffset":25200,"gmtOffsetName":"UTC+07:00","ip2locationv4":["2455292928","2455293183"],"ip2locationv6":["281473137036288","281473137036543"]}}},"mondolkiri":{"name":"Mondol Kiri","cities":{"senmonourom":{"name":"Senmonourom","latitude":"12.450000","longitude":"107.200000","postcode":"-","gmtOffset":25200,"gmtOffsetName":"UTC+07:00","ip2locationv4":["2942580992","2942581247","3415235584","3415235839"],"ip2locationv6":["281473624324352","281473624324607","281474096978944","281474096979199"]}}}}}