{"id":123,"name":"Liberia","iso3":"LBR","iso2":"LR","numeric_code":"430","phone_code":"231","capital":"Monrovia","currency":"LRD","currency_name":"Liberian dollar","currency_symbol":"$","tld":".lr","native":"Liberia","region":"Africa","region_id":"1","subregion":"Western Africa","subregion_id":"3","nationality":"Liberian","timezones":[{"zoneName":"Africa/Monrovia","gmtOffset":0,"gmtOffsetName":"UTC\u00b100","abbreviation":"GMT","tzName":"Greenwich Mean Time"}],"translations":{"kr":"\ub77c\uc774\ubca0\ub9ac\uc544","pt-BR":"Lib\u00e9ria","pt":"Lib\u00e9ria","nl":"Liberia","hr":"Liberija","fa":"\u0644\u06cc\u0628\u0631\u06cc\u0627","de":"Liberia","es":"Liberia","fr":"Liberia","ja":"\u30ea\u30d9\u30ea\u30a2","it":"Liberia","cn":"\u5229\u6bd4\u91cc\u4e9a","tr":"Liberya"},"latitude":"6.50000000","longitude":"-9.50000000","emoji":"\ud83c\uddf1\ud83c\uddf7","emojiU":"U+1F1F1 U+1F1F7","states":{"bomicounty":{"id":3041,"name":"Bomi County","state_code":"BM","latitude":"6.75629260","longitude":"-10.84514670","type":null,"cities":{"tubmanburg":{"id":66561,"name":"Tubmanburg","latitude":"6.87064000","longitude":"-10.82110000"}}},"bongcounty":{"id":3034,"name":"Bong County","state_code":"BG","latitude":"6.82950190","longitude":"-9.36730840","type":null,"cities":{"gbarnga":{"id":66553,"name":"Gbarnga","latitude":"6.99543000","longitude":"-9.47122000"}}},"gbarpolucounty":{"id":3044,"name":"Gbarpolu County","state_code":"GP","latitude":"7.49526370","longitude":"-10.08072980","type":null,"cities":{"bopolu":{"id":66548,"name":"Bopolu","latitude":"7.06667000","longitude":"-10.48750000"}}},"grandbassacounty":{"id":3040,"name":"Grand Bassa County","state_code":"GB","latitude":"6.23084520","longitude":"-9.81249350","type":null,"cities":{"buchanan":{"id":66549,"name":"Buchanan","latitude":"5.87693000","longitude":"-10.04964000"}}},"grandcapemountcounty":{"id":3036,"name":"Grand Cape Mount County","state_code":"CM","latitude":"7.04677580","longitude":"-11.07117580","type":null,"cities":{"robertsport":{"id":66559,"name":"Robertsport","latitude":"6.75329000","longitude":"-11.36710000"}}},"grandgedehcounty":{"id":3039,"name":"Grand Gedeh County","state_code":"GG","latitude":"5.92220780","longitude":"-8.22129790","type":null,"cities":{"zwedru":{"id":66563,"name":"Zwedru","latitude":"6.06846000","longitude":"-8.13559000"}}},"grandkrucounty":{"id":3045,"name":"Grand Kru County","state_code":"GK","latitude":"4.76138620","longitude":"-8.22129790","type":null,"cities":{"barclayville":{"id":66546,"name":"Barclayville","latitude":"4.67443000","longitude":"-8.23306000"}}},"lofacounty":{"id":3037,"name":"Lofa County","state_code":"LO","latitude":"8.19111840","longitude":"-9.72326730","type":null,"cities":{"voinjama":{"id":66562,"name":"Voinjama","latitude":"8.42194000","longitude":"-9.74778000"}}},"margibicounty":{"id":3043,"name":"Margibi County","state_code":"MG","latitude":"6.51518750","longitude":"-10.30488970","type":null,"cities":{"kakata":{"id":66556,"name":"Kakata","latitude":"6.53104000","longitude":"-10.35368000"}}},"marylandcounty":{"id":3042,"name":"Maryland County","state_code":"MY","latitude":"39.04575490","longitude":"-76.64127120","type":null,"cities":{"harper":{"id":66555,"name":"Harper","latitude":"4.37820000","longitude":"-7.71081000"}}},"montserradocounty":{"id":3032,"name":"Montserrado County","state_code":"MO","latitude":"6.55258150","longitude":"-10.52961150","type":null,"cities":{"bensonville":{"id":66547,"name":"Bensonville","latitude":"6.44716000","longitude":"-10.61283000"},"monrovia":{"id":66557,"name":"Monrovia","latitude":"6.30054000","longitude":"-10.79690000"}}},"nimba":{"id":3046,"name":"Nimba","state_code":"NI","latitude":"7.61666670","longitude":"-8.41666670","type":null,"cities":{"ganta":{"id":66552,"name":"Ganta","latitude":"7.30222000","longitude":"-8.53083000"},"newyekepa":{"id":66558,"name":"New Yekepa","latitude":"7.579440","longitude":"-8.537780","postcode":"-","gmtOffset":0,"gmtOffsetName":"UTC+00:00","ip2locationv4":["1725336064","1725336319"],"ip2locationv6":["281472407079424","281472407079679"]},"sanniquellie":{"id":66560,"name":"Sanniquellie","latitude":"7.362220","longitude":"-8.706110","postcode":"-","gmtOffset":0,"gmtOffsetName":"UTC+00:00","ip2locationv4":["700409856","700410111"],"ip2locationv6":["281471382153216","281471382153471"]}}},"rivercesscounty":{"id":3033,"name":"River Cess County","state_code":"RI","latitude":"5.90253280","longitude":"-9.45615500","type":null,"cities":{"cestoscity":{"id":66550,"name":"Cestos City","latitude":"5.45683000","longitude":"-9.58167000"}}},"rivergeecounty":{"id":3038,"name":"River Gee County","state_code":"RG","latitude":"5.26048940","longitude":"-7.87216000","type":null,"cities":{"fishtown":{"id":66551,"name":"Fish Town","latitude":"5.19739000","longitude":"-7.87579000"}}},"sinoecounty":{"id":3035,"name":"Sinoe County","state_code":"SI","latitude":"5.49871000","longitude":"-8.66005860","type":null,"cities":{"greenville":{"id":66554,"name":"Greenville","latitude":"5.01133000","longitude":"-9.03880000"}}},"montserrado":{"name":"Montserrado","cities":{"monrovia":{"name":"Monrovia","latitude":"6.300685","longitude":"-10.796716","postcode":"1000","gmtOffset":0,"gmtOffsetName":"UTC+00:00","ip2locationv4":["691621888","691625983","693501952","693503487","693503744","693504767","693505024","693506047","693506304","693507071","693507328","693510143","700410112","700410879","768062208","768062463","961715200","961715711","1046150144","1046150399","1063749632","1063749887","1079384064","1079384319","1118994176","1118994431","1425973760","1425974015","1607608064","1607608319","1712775168","1712777215","1725058048","1725059071","1725335552","1725336063","1725336320","1725336575","1725379584","1725380607","1773142016","1773207551","2188749824","2188750847","2587215872","2587216895","2587957248","2587958271","2588413952","2588414207","2644993792","2644994047","2761951232","2761952255","2835153152","2835161087","2890207488","2890207743","3291549696","3291549951","3302960128","3302960383","3304763392","3304763903","3304764160","3304767487","3319257088","3319257599","3319257856","3319258111","3320289280","3320291071","3320306688","3320307711","3567624448","3567624959"],"ip2locationv6":["281471373365248","281471373369343","281471375245312","281471375246847","281471375247104","281471375248127","281471375248384","281471375249407","281471375249664","281471375250431","281471375250688","281471375253503","281471382153472","281471382154239","281471449805568","281471449805823","281471643458560","281471643459071","281471727893504","281471727893759","281471745492992","281471745493247","281471761127424","281471761127679","281471800737536","281471800737791","281472107717120","281472107717375","281472289351424","281472289351679","281472394518528","281472394520575","281472406801408","281472406802431","281472407078912","281472407079423","281472407079680","281472407079935","281472407122944","281472407123967","281472454885376","281472454950911","281472870493184","281472870494207","281473268959232","281473268960255","281473269700608","281473269701631","281473270157312","281473270157567","281473326737152","281473326737407","281473443694592","281473443695615","281473516896512","281473516904447","281473571950848","281473571951103","281473973293056","281473973293311","281473984703488","281473984703743","281473986506752","281473986507263","281473986507520","281473986510847","281474001000448","281474001000959","281474001001216","281474001001471","281474002032640","281474002034431","281474002050048","281474002051071","281474249367808","281474249368319","42540578165198717122248480321324449792","42540578165198717140695224395034001407","42540578173254963772240117240837439488","42540578173256172698059731870012145663","42540578174775842720692921601145962496","42540578174775842739139665674855514111","42540578174783049697581823259576369152","42540578174783049716028567333285920767","42540578174785502561141304418654748672","42540578174785502579588048492364300287","42540578174785502800948977376878919680","42540578174785502819395721450588471295","42540578174787890455268157972692336640","42540578174787890473714902046401888255","42540578174787937217764384826405683200","42540578174787937236211128900115234815","42540578174797594106733715850386210816","42540578174797594125180459924095762431","42540578202833751800751249258373447680","42540578202834960726570863887548153855","42540578202996956786399224196958781440","42540578202998165712218838826133487615","42541866735214497936920939178055696384","42541866735216915788560168436405108735","47856325178102853985731141866734223360","47856325178104062911550756495908929535","50521102391172137642739753708351913984","50521102391191480455853587775147212799","50541822694099814457110344455528906752","50541822694119157270224178522324205567","50541822696822315402882489356967215104","50541822696841658215996323423762513919","50543536577387799663308872445780295680","50543536577407142476422706512575594495","55838750780585117834083078268124135424","55838750780585117852529822341833687039","55838750780585743547642058496114950144","55838750780585743566088802569824501759","55838750780586326759902692897298841600","55838750780586326778349436971008393215","55838750780589953537361536784822960128","55838750780589953555808280858532511743","55838750780590579250920517012813774848","55838750780590579269367261086523326463","55838750780591162463181151413997666304","55838750780591162481627895487707217919","55838750780594789240639995301521784832","55838750780594789259086739375231336447","55838750780595414954198975529512599552","55838750780595414972645719603222151167","55838750780595998166459609930696491008","55838750780595998184906354004406042623","55849932188202015835486041067380277248","55849932188202015853932785141089828863","55849932188202175455162510876130410496","55849932188202180177528993745775624191","55849932188203224558391470885749915648","55849932188203224576838214959459467263","55849932188203374936249159766014689280","55849932188203379658615642635659902975","55849932188211687463403886985292546048","55849932188211687481850631059002097663","55849932188211837416986462170237632512","55849932188211842139352945039882846207","55849932188292685069042953444678172672","55849932188292685087489697518387724287","55849932188292835446900642324942946304","55849932188292840169267125194588159999","55849932208016460193913317310274207744","55849932208016535751777043224597626879","55849932208035803007027151377069506560","55849932208035878564890877291392925695","55849932208055145820140985443864805376","55849932208055221378004711358188224511","55849932208074488633254819510660104192","55849932208074564191118545424983523327","55849932208093831446368653577455403008","55849932208093907004232379491778822143","55849932208113174259482487644250701824","55849932208113249817346213558574120959","55849932208132517072596321711046000640","55849932208132592630460047625369419775","55849932208151859885710155777841299456","55849932208151935443573881692164718591","55878094334805162737273472880381788160","55878094334805162755720216954091339775","55878094334805168640231576467438305280","55878094334805168658678320541147856895","55878094334843848363501141013972385792","55878094334843848381947885087681937407","55878094334843854266459244601028902912","55878094334843854284905988674738454527","55878094334882533989728809147562983424","55878094334882534008175553221272535039","55878094334882539892686912734619500544","55878094334882539911133656808329052159","55878094334921219615956477281153581056","55878094334921219634403221354863132671","55878094334921225518914580868210098176","55878094334921225537361324941919649791","55878094415338965136721609982608408576","55878094415358307949835444049403707391","55878094494567127650985947576152358912","55878094494586470464099781642947657727","55878094552847023562967990830387691520","55878094552856694969524907863785340927","55878094557798783720109511929984188416","55878094557808455126666428963381837823","55878094653236223623766797497988546560","55878094653255566436880631564783845375","55878094732464386138031135091532496896","55878094732483728951144969158327795711","55881451170927602677541660264413265920","55881451171237087687363005333138046975","58565325894881774613289932431237840896","58565325974109937127554270024781791231","58565873519941073208391379007022563328","58565873599169235722655716600566513663","58568682635218604013851821044949581824","58568682635528089023673166113674362879","58568738410297589006838761556266713088","58568738489525751521103099149810663423","58568774538339695511376704212308066304","58568774617567858025641041805852016639","58568821441411903955864559590326665216","58568821520640066470128897183870615551","58568970390357430772819235452953296896","58568970469585593287083573046497247231"]},"bensonville":{"name":"Bensonville","latitude":"6.446110","longitude":"-10.612500","postcode":"1010","gmtOffset":0,"gmtOffsetName":"UTC+00:00","ip2locationv4":["693503488","693503743","693506048","693506303"],"ip2locationv6":["281471375246848","281471375247103","281471375249408","281471375249663"]}}},"bong":{"name":"Bong","cities":{"gbarnga":{"name":"Gbarnga","latitude":"6.995560","longitude":"-9.472220","postcode":"3000","gmtOffset":0,"gmtOffsetName":"UTC+00:00","ip2locationv4":["693504768","693505023"],"ip2locationv6":["281471375248128","281471375248383"]}}},"margibi":{"name":"Margibi","cities":{"kakata":{"name":"Kakata","latitude":"6.530000","longitude":"-10.351670","postcode":"-","gmtOffset":0,"gmtOffsetName":"UTC+00:00","ip2locationv4":["693507072","693507327","3319257600","3319257855"],"ip2locationv6":["281471375250432","281471375250687","281474001000960","281474001001215"]}}},"bomi":{"name":"Bomi","cities":{"tubmanburg":{"name":"Tubmanburg","latitude":"6.870830","longitude":"-10.817220","postcode":"2000","gmtOffset":0,"gmtOffsetName":"UTC+00:00","ip2locationv4":["2835152896","2835153151","3320291072","3320291327"],"ip2locationv6":["281473516896256","281473516896511","281474002034432","281474002034687"]}}},"grandcapemount":{"name":"Grand Cape Mount","cities":{"robertsport":{"name":"Robertsport","latitude":"6.753330","longitude":"-11.368610","postcode":"2500","gmtOffset":0,"gmtOffsetName":"UTC+00:00","ip2locationv4":["3304763904","3304764159"],"ip2locationv6":["281473986507264","281473986507519"]}}},"rivercess":{"name":"River Cess","cities":{"rivercess":{"name":"River Cess","latitude":"5.460000","longitude":"-9.582780","postcode":"-","gmtOffset":0,"gmtOffsetName":"UTC+00:00","ip2locationv6":["55827831898325234117258702510553563136","55827831898325309675122428424876982271"]}}}}}