{"id":29,"name":"Botswana","iso3":"BWA","iso2":"BW","numeric_code":"072","phone_code":"267","capital":"Gaborone","currency":"BWP","currency_name":"Botswana pula","currency_symbol":"P","tld":".bw","native":"Botswana","region":"Africa","region_id":"1","subregion":"Southern Africa","subregion_id":"5","nationality":"Motswana, Botswanan","timezones":[{"zoneName":"Africa/Gaborone","gmtOffset":7200,"gmtOffsetName":"UTC+02:00","abbreviation":"CAT","tzName":"Central Africa Time"}],"translations":{"kr":"\ubcf4\uce20\uc640\ub098","pt-BR":"Botsuana","pt":"Botsuana","nl":"Botswana","hr":"Bocvana","fa":"\u0628\u0648\u062a\u0633\u0648\u0627\u0646\u0627","de":"Botswana","es":"Botswana","fr":"Botswana","ja":"\u30dc\u30c4\u30ef\u30ca","it":"Botswana","cn":"\u535a\u8328\u74e6\u7eb3","tr":"Botsvana"},"latitude":"-22.00000000","longitude":"24.00000000","emoji":"\ud83c\udde7\ud83c\uddfc","emojiU":"U+1F1E7 U+1F1FC","states":{"centraldistrict":{"id":3067,"name":"Central District","state_code":"CE","latitude":null,"longitude":null,"type":null,"cities":{"gobojango":{"id":15738,"name":"Gobojango","latitude":"-21.83270000","longitude":"28.72882000"},"gweta":{"id":15739,"name":"Gweta","latitude":"-20.18333000","longitude":"25.23333000"},"kalamare":{"id":15742,"name":"Kalamare","latitude":"-22.93369000","longitude":"26.57032000"},"letlhakane":{"id":15750,"name":"Letlhakane","latitude":"-21.41494000","longitude":"25.59263000"},"letsheng":{"id":15752,"name":"Letsheng","latitude":"-22.66384000","longitude":"27.22390000"},"maapi":{"id":15753,"name":"Maapi","latitude":"-22.75785000","longitude":"27.35001000"},"machaneng":{"id":15754,"name":"Machaneng","latitude":"-23.18621000","longitude":"27.48856000"},"mahalapye":{"id":15755,"name":"Mahalapye","latitude":"-23.10407000","longitude":"26.81421000"},"makobeng":{"id":15757,"name":"Makobeng","latitude":"-22.99637000","longitude":"27.66766000"},"makwata":{"id":15758,"name":"Makwata","latitude":"-23.28333000","longitude":"27.30000000"},"mathakola":{"id":15761,"name":"Mathakola","latitude":"-22.72125000","longitude":"27.31057000"},"mathambgwane":{"id":15762,"name":"Mathambgwane","latitude":"-20.99075000","longitude":"27.33158000"},"mathathane":{"id":15763,"name":"Mathathane","latitude":"-22.26875000","longitude":"28.74946000"},"maunatlala":{"id":15765,"name":"Maunatlala","latitude":"-22.59701000","longitude":"27.63006000"},"mogapi":{"id":15770,"name":"Mogapi","latitude":"-22.32301000","longitude":"27.83492000"},"moijabana":{"id":15772,"name":"Moijabana","latitude":"-22.43333000","longitude":"26.41667000"},"mookane":{"id":15774,"name":"Mookane","latitude":"-23.68805000","longitude":"26.65948000"},"mopipi":{"id":15775,"name":"Mopipi","latitude":"-21.18333000","longitude":"24.88333000"},"mosetse":{"id":15776,"name":"Mosetse","latitude":"-20.75000000","longitude":"26.65000000"},"nata":{"id":15778,"name":"Nata","latitude":"-20.21667000","longitude":"26.18333000"},"orapa":{"id":15781,"name":"Orapa","latitude":"-21.31150000","longitude":"25.37642000"},"palapye":{"id":15783,"name":"Palapye","latitude":"-22.54605000","longitude":"27.12507000"},"pilikwe":{"id":15786,"name":"Pilikwe","latitude":"-22.79904000","longitude":"27.19376000"},"rakops":{"id":15787,"name":"Rakops","latitude":"-21.02257000","longitude":"24.36052000"},"ramokgonami":{"id":15788,"name":"Ramokgonami","latitude":"-22.86450000","longitude":"27.42391000"},"ratholo":{"id":15790,"name":"Ratholo","latitude":"-22.72454000","longitude":"27.57199000"},"sefophe":{"id":15792,"name":"Sefophe","latitude":"-22.18333000","longitude":"27.96667000"},"serowe":{"id":15795,"name":"Serowe","latitude":"-22.38754000","longitude":"26.71077000"},"sua":{"id":15797,"name":"Sua","latitude":"-20.05000000","longitude":"26.20000000"},"tamasane":{"id":15798,"name":"Tamasane","latitude":"-22.41840000","longitude":"27.40127000"},"tobane":{"id":15800,"name":"Tobane","latitude":"-21.95000000","longitude":"27.90000000"},"tonota":{"id":15801,"name":"Tonota","latitude":"-21.44236000","longitude":"27.46153000"}}},"ghanzidistrict":{"id":3061,"name":"Ghanzi District","state_code":"GH","latitude":"-21.86523140","longitude":"21.85685860","type":null,"cities":{"dekar":{"id":15731,"name":"Dekar","latitude":"-21.53333000","longitude":"21.93333000"},"ghanzi":{"id":15737,"name":"Ghanzi","latitude":"-21.69785000","longitude":"21.64581000"}}},"kgalagadidistrict":{"id":3066,"name":"Kgalagadi District","state_code":"KG","latitude":"-24.75502850","longitude":"21.85685860","type":null,"cities":{"hukuntsi":{"id":15740,"name":"Hukuntsi","latitude":"-23.99880000","longitude":"21.77962000"},"kang":{"id":15743,"name":"Kang","latitude":"-23.67518000","longitude":"22.78762000"},"lehututu":{"id":15748,"name":"Lehututu","latitude":"-23.96667000","longitude":"21.86667000"},"manyana":{"id":15759,"name":"Manyana","latitude":"-23.40000000","longitude":"21.71667000"},"tshabong":{"id":15802,"name":"Tshabong","latitude":"-26.05000000","longitude":"22.45000000"},"werda":{"id":15803,"name":"Werda","latitude":"-25.26667000","longitude":"23.28333000"}}},"kgatlengdistrict":{"id":3062,"name":"Kgatleng District","state_code":"KL","latitude":"-24.19704450","longitude":"26.23046160","type":null,"cities":{"bokaa":{"id":15729,"name":"Bokaa","latitude":"-24.45000000","longitude":"26.01667000"},"mmathubudukwane":{"id":15767,"name":"Mmathubudukwane","latitude":"-24.60000000","longitude":"26.43333000"},"mochudi":{"id":15769,"name":"Mochudi","latitude":"-24.41667000","longitude":"26.15000000"},"pilane":{"id":15785,"name":"Pilane","latitude":"-24.45000000","longitude":"26.13333000"}}},"kwenengdistrict":{"id":3069,"name":"Kweneng District","state_code":"KW","latitude":"-23.83672490","longitude":"25.28375850","type":null,"cities":{"botlhapatlou":{"id":15730,"name":"Botlhapatlou","latitude":"-24.02591000","longitude":"25.48976000"},"dutlwe":{"id":15733,"name":"Dutlwe","latitude":"-23.98333000","longitude":"23.90000000"},"gabane":{"id":15734,"name":"Gabane","latitude":"-24.66667000","longitude":"25.78222000"},"gaphatshwe":{"id":15736,"name":"Gaphatshwe","latitude":"-24.57389000","longitude":"25.83417000"},"khudumelapye":{"id":15746,"name":"Khudumelapye","latitude":"-23.88333000","longitude":"24.75000000"},"lenchweletau":{"id":15749,"name":"Lenchwe Le Tau","latitude":"-24.38333000","longitude":"25.85000000"},"letlhakeng":{"id":15751,"name":"Letlhakeng","latitude":"-24.09442000","longitude":"25.02977000"},"metsemotlhaba":{"id":15766,"name":"Metsemotlhaba","latitude":"-24.55139000","longitude":"25.80306000"},"mmopone":{"id":15768,"name":"Mmopone","latitude":"-24.56694000","longitude":"25.87417000"},"mogoditshane":{"id":15771,"name":"Mogoditshane","latitude":"-24.62694000","longitude":"25.86556000"},"molepolole":{"id":15773,"name":"Molepolole","latitude":"-24.40659000","longitude":"25.49508000"},"nkoyaphiri":{"id":15779,"name":"Nkoyaphiri","latitude":"-24.63222000","longitude":"25.83139000"},"thamaga":{"id":15799,"name":"Thamaga","latitude":"-24.67014000","longitude":"25.53975000"}}},"ngamiland":{"id":3060,"name":"Ngamiland","state_code":"NG","latitude":"-19.19053210","longitude":"23.00119890","type":null},"north-eastdistrict":{"id":3068,"name":"North-East District","state_code":"NE","latitude":"37.58844610","longitude":"-94.68637820","type":null,"cities":{"dukwe":{"id":15732,"name":"Dukwe","latitude":"-20.58333000","longitude":"26.41667000"},"makaleng":{"id":15756,"name":"Makaleng","latitude":"-20.90000000","longitude":"27.28333000"},"masunga":{"id":15760,"name":"Masunga","latitude":"-20.62455000","longitude":"27.44875000"},"sebina":{"id":15791,"name":"Sebina","latitude":"-20.86667000","longitude":"27.25000000"}}},"north-westdistrict":{"id":3065,"name":"North-West District","state_code":"NW","latitude":"39.34463070","longitude":"-76.68542830","type":null,"cities":{"maun":{"id":15764,"name":"Maun","latitude":"-19.98333000","longitude":"23.41667000"},"nokaneng":{"id":15780,"name":"Nokaneng","latitude":"-19.66667000","longitude":"22.26667000"},"pandamatenga":{"id":15784,"name":"Pandamatenga","latitude":"-18.52779000","longitude":"25.62698000"},"sehithwa":{"id":15793,"name":"Sehithwa","latitude":"-20.46667000","longitude":"22.71667000"},"shakawe":{"id":15796,"name":"Shakawe","latitude":"-18.36536000","longitude":"21.84219000"}}},"south-eastdistrict":{"id":3064,"name":"South-East District","state_code":"SE","latitude":"31.21637980","longitude":"-82.35270440","type":null,"cities":{"gaborone":{"id":15735,"name":"Gaborone","latitude":"-24.76234000","longitude":"25.79950000"},"janeng":{"id":15741,"name":"Janeng","latitude":"-25.41667000","longitude":"25.55000000"},"kopong":{"id":15747,"name":"Kopong","latitude":"-24.48333000","longitude":"25.88333000"},"otse":{"id":15782,"name":"Otse","latitude":"-25.01667000","longitude":"25.73333000"},"ramotswa":{"id":15789,"name":"Ramotswa","latitude":"-24.87158000","longitude":"25.86989000"}}},"southerndistrict":{"id":3063,"name":"Southern District","state_code":"SO","latitude":null,"longitude":null,"type":null,"cities":{"kanye":{"id":15744,"name":"Kanye","latitude":"-24.96675000","longitude":"25.33273000"},"khakhea":{"id":15745,"name":"Khakhea","latitude":"-24.68954000","longitude":"23.49403000"},"mosopa":{"id":15777,"name":"Mosopa","latitude":"-24.77180000","longitude":"25.42156000"},"sekoma":{"id":15794,"name":"Sekoma","latitude":"-24.40000000","longitude":"23.88333000"}}},"southeast":{"name":"South East","cities":{"gaborone":{"name":"Gaborone","latitude":"-24.654573","longitude":"25.908583","postcode":"-","gmtOffset":7200,"gmtOffsetName":"UTC+02:00","ip2locationv4":["640937984","640938495","691837952","691838975","691853056","691853311","692728576","692729087","692729856","692730111","692730880","692731903","692781056","692782335","692782592","692784383","692784640","692785151","692908032","692910079","692934912","692936703","693051392","693052159","693078272","693078783","693608448","693608703","693608960","693611775","693612032","693612287","693612544","693612799","693614336","693616639","696928256","696929279","696929536","696930303","700380672","700380927","700399616","700400639","700438528","700438783","700439040","700439551","702074880","702076927","702499072","702499839","702516224","702516735","702529536","702530303","961696768","961697279","1307982336","1307982591","1401886720","1401888767","1425970176","1425970431","1489656576","1489656831","1720079360","1720080383","1720098816","1720100351","1720100608","1720101119","1720101376","1720102911","1720545536","1720547327","1722122240","1722123263","1722123776","1722124031","1722124288","1722126847","1722127104","1722130431","1725079040","1725079295","1725103104","1725103359","1725140224","1725140991","1725366272","1725367295","1725647616","1725647871","1725681152","1725681407","1725827072","1725828095","1725837568","1725838335","1725869312","1725869567","1777070080","1777070335","1777070592","1777071615","1777071872","1777074175","2177744896","2177748735","2177749248","2177749503","2177749760","2177761279","2583695360","2583697407","2585663744","2585663999","2588315648","2588316927","2588317184","2588317439","2588484608","2588485119","2588485376","2588485631","2588496896","2588497663","2591609600","2591609855","2619737088","2619738111","2619740160","2619744255","2700234752","2700235263","2700235520","2700235775","2700236032","2700237311","2700237568","2700237823","2700238336","2700238591","2829516800","2829518079","2829518336","2829520895","2829521664","2829522687","2829522944","2829523199","2829523712","2829528319","2829528576","2829529599","2829530112","2829530367","2829530624","2829530879","2829531136","2829533183","2829534208","2829534463","2829534976","2829535743","2829536000","2829536767","2829537024","2829537279","2829537536","2829538815","2829539584","2829541887","2829542144","2829542399","2829542912","2829543167","2829543424","2829549567","2829549824","2829570815","2829571840","2829572863","2829573120","2829575935","2829576192","2829582335","2852081664","2852082687","2890154496","2890154751","2890337536","2890337791","3105476864","3105477119","3288465920","3288466175","3288914432","3288914687","3288916736","3288916991","3291325440","3291326463","3291551744","3291551999","3292267520","3292267775","3292385280","3292386303","3292386560","3292386815","3292387072","3292387327","3301541120","3301541375","3301546752","3301547007","3302531840","3302532095","3320299520","3320300543","3320500224","3320500479","3460169728","3460177919","3486627840","3486628095","3563065856","3563066111","3586205696","3586205951","3586206208","3586206975","3586207232","3586207743"],"ip2locationv6":["281471322681344","281471322681855","281471373581312","281471373582335","281471373596416","281471373596671","281471374471936","281471374472447","281471374473216","281471374473471","281471374474240","281471374475263","281471374524416","281471374525695","281471374525952","281471374527743","281471374528000","281471374528511","281471374651392","281471374653439","281471374678272","281471374680063","281471374794752","281471374795519","281471374821632","281471374822143","281471375351808","281471375352063","281471375352320","281471375355135","281471375355392","281471375355647","281471375355904","281471375356159","281471375357696","281471375359999","281471378671616","281471378672639","281471378672896","281471378673663","281471382124032","281471382124287","281471382142976","281471382143999","281471382181888","281471382182143","281471382182400","281471382182911","281471383818240","281471383820287","281471384242432","281471384243199","281471384259584","281471384260095","281471384272896","281471384273663","281471643440128","281471643440639","281471989725696","281471989725951","281472083630080","281472083632127","281472107713536","281472107713791","281472171399936","281472171400191","281472401822720","281472401823743","281472401842176","281472401843711","281472401843968","281472401844479","281472401844736","281472401846271","281472402288896","281472402290687","281472403865600","281472403866623","281472403867136","281472403867391","281472403867648","281472403870207","281472403870464","281472403873791","281472406822400","281472406822655","281472406846464","281472406846719","281472406883584","281472406884351","281472407109632","281472407110655","281472407390976","281472407391231","281472407424512","281472407424767","281472407570432","281472407571455","281472407580928","281472407581695","281472407612672","281472407612927","281472458813440","281472458813695","281472458813952","281472458814975","281472458815232","281472458817535","281472859488256","281472859492095","281472859492608","281472859492863","281472859493120","281472859504639","281473265438720","281473265440767","281473267407104","281473267407359","281473270059008","281473270060287","281473270060544","281473270060799","281473270227968","281473270228479","281473270228736","281473270228991","281473270240256","281473270241023","281473273352960","281473273353215","281473301480448","281473301481471","281473301483520","281473301487615","281473381978112","281473381978623","281473381978880","281473381979135","281473381979392","281473381980671","281473381980928","281473381981183","281473381981696","281473381981951","281473511260160","281473511261439","281473511261696","281473511264255","281473511265024","281473511266047","281473511266304","281473511266559","281473511267072","281473511271679","281473511271936","281473511272959","281473511273472","281473511273727","281473511273984","281473511274239","281473511274496","281473511276543","281473511277568","281473511277823","281473511278336","281473511279103","281473511279360","281473511280127","281473511280384","281473511280639","281473511280896","281473511282175","281473511282944","281473511285247","281473511285504","281473511285759","281473511286272","281473511286527","281473511286784","281473511292927","281473511293184","281473511314175","281473511315200","281473511316223","281473511316480","281473511319295","281473511319552","281473511325695","281473533825024","281473533826047","281473571897856","281473571898111","281473572080896","281473572081151","281473787220224","281473787220479","281473970209280","281473970209535","281473970657792","281473970658047","281473970660096","281473970660351","281473973068800","281473973069823","281473973295104","281473973295359","281473974010880","281473974011135","281473974128640","281473974129663","281473974129920","281473974130175","281473974130432","281473974130687","281473983284480","281473983284735","281473983290112","281473983290367","281473984275200","281473984275455","281474002042880","281474002043903","281474002243584","281474002243839","281474141913088","281474141921279","281474168371200","281474168371455","281474244809216","281474244809471","281474267949056","281474267949311","281474267949568","281474267950335","281474267950592","281474267951103","42540578165214434744323460839617069056","42540578165214434762770204913326620671","42540578174804807539983043307159683072","42540578174804807558429787380869234687","42540578174809642394711274433219133440","42540578174809642413158018506928685055","42541866732815989110805514895438643200","42541866732817198036625129524613349375","47856325178824582700041075484033810432","47856325178825791625860690113208516607","47856325179652696886477096468707540992","47856325179653905812296711097882247167","50543536560104996146098133764180803584","50543536560114667552655050797578452991","50676817341918946828223632278349152256","50676817341918946846670376352058703871","55836956615671521216625731720968142848","55836956675092643102323984916126105599","55838750784298937951939219092821508096","55838750784298937970385963166531059711","55838750784299592018143840612393156608","55838750784299592036590584686102708223","55838750784300146877758833721996214272","55838750784300146896205577795705765887","55838750784303773655217677609520332800","55838750784303773673664421683229884415","55838750784304427721422299129091981312","55838750784304427739869043202801532927","55838750784304982581037292238695038976","55838750784304982599484036312404590591","55838750784308609358496136126219157504","55838750784308609376942880199928709119","55838750784309263424700757645790806016","55838750784309263443147501719500357631","55838750784309818284315750755393863680","55838750784309818302762494829103415295","55838750784313445061774594642917982208","55838750784313445080221338716627533823","55838750784314099127979216162489630720","55838750784314099146425960236199182335","55838750784314653987594209272092688384","55838750784314654006040953345802239999","55849932188200806042669454973856645120","55849932188200806061116199047566196735","55849932188200895693845653202277498880","55849932188200900416212136071922712575","55849932188204432875468531082509418496","55849932188204432893915275156218970111","55849932188204531916037462829092044800","55849932188204536638403945698737258495","55849932188240700557823249589202845696","55849932188240700576269993662912397311","55849932188240785523526453095397588992","55849932188240790245892935965042802687","55849932208009206638995629535225970688","55849932208009282196859355449549389823","55849932208028549452109463602021269504","55849932208028625009973189516344688639","55849932208047892265223297668816568320","55849932208047967823087023583139987455","55849932208067235078337131735611867136","55849932208067310636200857649935286271","55849932208086577891450965802407165952","55849932208086653449314691716730585087","55849932208105920704564799869202464768","55849932208105996262428525783525883903","55849932208125263517678633935997763584","55849932208125339075542359850321182719","55849932208144606330792468002793062400","55849932208144681888656193917116481535","55878094319795139760938237047229906944","55878094319795139779384981120939458559","55878094319833825387165905180820504576","55878094319833825405612649254530056191","55878094319872511013393573314411102208","55878094319872511031840317388120653823","55878094319911196639621241448001699840","55878094319911196658067985521711251455","55878094398056161619510871301008916480","55878094398065833026067788334406565887","55878094477284324133775208894552866816","55878094477293995540332125927950516223","55878094551928239940060872657610997760","55878094551937911346617789691008647167","55878094556880000097202393757207494656","55878094556889671503759310790605144063","55878094635779334788531552215231365120","55878094635789006195088469248629014527","55878094715007497302795889808775315456","55878094715017168709352806842172964863","55881451174641422795397801089110638592","55881451174950907805219146157835419647","58564306703799191116851129081860718592","58564306783027353631115466675404668927","58564408115847209375203248818117148672","58564408195075371889467586411661099007","58565366459700981916630780325740412928","58565366538929144430895117919284363263","58568650942406173259010058283745542144","58568651021634335773274395877289492479","58568659182135074742501168012316377088","58568659261363237256765505605860327423","58568811934032402244144048365052624896","58568812013260564758408385958596575231","58568830948791405667585070815600705536","58568831028019568181849408409144655871","58568848062074508748681991021093978112","58568848141302671262946328614637928447","58568915247556320844840270346363863040","58568915326784483359104607939907813375","58568927924062323127134285313395916800","58568928003290485641398622906939867135","58568929191712923355363686810099122176","58568929270941085869628024403643072511","58568981799212832826883848923282145280","58568981878440995341148186516826095615","58569002715447736592668973618885033984","58569002794675899106933311212428984319","58569088281863251998153574646351396864","58569088361091414512417912239895347199"]},"ramotswa":{"name":"Ramotswa","latitude":"-24.871580","longitude":"25.869890","postcode":"-","gmtOffset":7200,"gmtOffsetName":"UTC+02:00","ip2locationv4":["692782336","692782591","693052160","693052415","700380928","700381183","2700238592","2700238847","2829533184","2829533439"],"ip2locationv6":["281471374525696","281471374525951","281471374795520","281471374795775","281471382124288","281471382124543","281473381981952","281473381982207","281473511276544","281473511276799"]},"kopong":{"name":"Kopong","latitude":"-24.483330","longitude":"25.883330","postcode":"-","gmtOffset":7200,"gmtOffsetName":"UTC+02:00","ip2locationv4":["1777071616","1777071871","2177748992","2177749247"],"ip2locationv6":["281472458814976","281472458815231","281472859492352","281472859492607"]},"lobatse":{"name":"Lobatse","latitude":"-25.216670","longitude":"25.666670","postcode":"-","gmtOffset":7200,"gmtOffsetName":"UTC+02:00","ip2locationv4":["2829528320","2829528575"],"ip2locationv6":["281473511271680","281473511271935"]}}},"kweneng":{"name":"Kweneng","cities":{"molepolole":{"name":"Molepolole","latitude":"-24.406590","longitude":"25.495080","postcode":"-","gmtOffset":7200,"gmtOffsetName":"UTC+02:00","ip2locationv4":["692727808","692728063","2700237824","2700238079","3292386304","3292386559"],"ip2locationv6":["281471374471168","281471374471423","281473381981184","281473381981439","281473974129664","281473974129919"]},"gaphatshwe":{"name":"Gaphatshwe","latitude":"-24.573890","longitude":"25.834170","postcode":"-","gmtOffset":7200,"gmtOffsetName":"UTC+02:00","ip2locationv4":["692728064","692728319"],"ip2locationv6":["281471374471424","281471374471679"]},"mogoditshane":{"name":"Mogoditshane","latitude":"-24.626940","longitude":"25.865560","postcode":"-","gmtOffset":7200,"gmtOffsetName":"UTC+02:00","ip2locationv4":["692728320","692728575","700438784","700439039","1720101120","1720101375","1725139968","1725140223","2177748736","2177748991","2588485120","2588485375","2829523456","2829523711","2829549568","2829549823","2829571072","2829571327"],"ip2locationv6":["281471374471680","281471374471935","281471382182144","281471382182399","281472401844480","281472401844735","281472406883328","281472406883583","281472859492096","281472859492351","281473270228480","281473270228735","281473511266816","281473511267071","281473511292928","281473511293183","281473511314432","281473511314687"]},"mmopone":{"name":"Mmopone","latitude":"-24.566940","longitude":"25.874170","postcode":"-","gmtOffset":7200,"gmtOffsetName":"UTC+02:00","ip2locationv4":["692729600","692729855","693608704","693608959"],"ip2locationv6":["281471374472960","281471374473215","281471375352064","281471375352319"]},"nkoyaphiri":{"name":"Nkoyaphiri","latitude":"-24.632220","longitude":"25.831390","postcode":"-","gmtOffset":7200,"gmtOffsetName":"UTC+02:00","ip2locationv4":["693611776","693612031","2829522688","2829522943","2829523200","2829523455"],"ip2locationv6":["281471375355136","281471375355391","281473511266048","281473511266303","281473511266560","281473511266815"]},"thamaga":{"name":"Thamaga","latitude":"-24.670140","longitude":"25.539750","postcode":"-","gmtOffset":7200,"gmtOffsetName":"UTC+02:00","ip2locationv4":["2829533696","2829533951"],"ip2locationv6":["281473511277056","281473511277311"]},"metsemotlhaba":{"name":"Metsemotlhaba","latitude":"-24.551390","longitude":"25.803060","postcode":"-","gmtOffset":7200,"gmtOffsetName":"UTC+02:00","ip2locationv4":["2829570816","2829571071","2829571328","2829571583"],"ip2locationv6":["281473511314176","281473511314431","281473511314688","281473511314943"]},"gabane":{"name":"Gabane","latitude":"-24.666670","longitude":"25.782220","postcode":"-","gmtOffset":7200,"gmtOffsetName":"UTC+02:00","ip2locationv4":["2829575936","2829576191"],"ip2locationv6":["281473511319296","281473511319551"]},"khudumelapye":{"name":"Khudumelapye","latitude":"-23.883330","longitude":"24.750000","postcode":"-","gmtOffset":7200,"gmtOffsetName":"UTC+02:00","ip2locationv6":["55827831898324100749302813795702276096","55827831898324176307166539710025695231"]}}},"northeast":{"name":"North East","cities":{"francistown":{"name":"Francistown","latitude":"-21.169950","longitude":"27.507880","postcode":"-","gmtOffset":7200,"gmtOffsetName":"UTC+02:00","ip2locationv4":["692729088","692729343","692730624","692730879","692784384","692784639","702516992","702517247","1722123264","1722123519","1722126848","1722127103","2700237312","2700237567","2829518080","2829518335","2829535744","2829535999","2829536768","2829537023","2829538816","2829539071","2829541888","2829542143","2829542656","2829542911","3586206976","3586207231"],"ip2locationv6":["281471374472448","281471374472703","281471374473984","281471374474239","281471374527744","281471374527999","281471384260352","281471384260607","281472403866624","281472403866879","281472403870208","281472403870463","281473381980672","281473381980927","281473511261440","281473511261695","281473511279104","281473511279359","281473511280128","281473511280383","281473511282176","281473511282431","281473511285248","281473511285503","281473511286016","281473511286271","281474267950336","281474267950591","55838750784299591999697096538683604992","55838750784299592018143840612393156607","55838750784304427702975555055382429696","55838750784304427721422299129091981311","55838750784309263406254013572081254400","55838750784309263424700757645790806015","55838750784314099109532472088780079104","55838750784314099127979216162489630719"]},"masunga":{"name":"Masunga","latitude":"-20.624550","longitude":"27.448750","postcode":"-","gmtOffset":7200,"gmtOffsetName":"UTC+02:00","ip2locationv4":["692730112","692730367"],"ip2locationv6":["281471374473472","281471374473727"]},"sebina":{"name":"Sebina","latitude":"-20.866670","longitude":"27.250000","postcode":"-","gmtOffset":7200,"gmtOffsetName":"UTC+02:00","ip2locationv4":["696929280","696929535"],"ip2locationv6":["281471378672640","281471378672895"]}}},"central":{"name":"Central","cities":{"palapye":{"name":"Palapye","latitude":"-22.546050","longitude":"27.125070","postcode":"-","gmtOffset":7200,"gmtOffsetName":"UTC+02:00","ip2locationv4":["692729344","692729599","692730368","692730623","702498816","702499071","1720545280","1720545535","2588316928","2588317183","2829521152","2829521407","2829529856","2829530111","2829530368","2829530623","2829533952","2829534207","2829543168","2829543423","3292386816","3292387071"],"ip2locationv6":["281471374472704","281471374472959","281471374473728","281471374473983","281471384242176","281471384242431","281472402288640","281472402288895","281473270060288","281473270060543","281473511264512","281473511264767","281473511273216","281473511273471","281473511273728","281473511273983","281473511277312","281473511277567","281473511286528","281473511286783","281473974130176","281473974130431"]},"mathambgwane":{"name":"Mathambgwane","latitude":"-20.990750","longitude":"27.331580","postcode":"-","gmtOffset":7200,"gmtOffsetName":"UTC+02:00","ip2locationv4":["692934656","692934911","2829572864","2829573119"],"ip2locationv6":["281471374678016","281471374678271","281473511316224","281473511316479"]},"letlhakane":{"name":"Letlhakane","latitude":"-21.416670","longitude":"25.583330","postcode":"-","gmtOffset":7200,"gmtOffsetName":"UTC+02:00","ip2locationv4":["693078016","693078271"],"ip2locationv6":["281471374821376","281471374821631"]},"orapa":{"name":"Orapa","latitude":"-21.283330","longitude":"25.366670","postcode":"-","gmtOffset":7200,"gmtOffsetName":"UTC+02:00","ip2locationv4":["1722124032","1722124287"],"ip2locationv6":["281472403867392","281472403867647"]},"rakops":{"name":"Rakops","latitude":"-21.016670","longitude":"24.333330","postcode":"-","gmtOffset":7200,"gmtOffsetName":"UTC+02:00","ip2locationv4":["1725332992","1725333247","2588497664","2588497919"],"ip2locationv6":["281472407076352","281472407076607","281473270241024","281473270241279"]},"dukwe":{"name":"Dukwe","latitude":"-20.583330","longitude":"26.416670","postcode":"-","gmtOffset":7200,"gmtOffsetName":"UTC+02:00","ip2locationv4":["2588317440","2588317695","2829539328","2829539583"],"ip2locationv6":["281473270060800","281473270061055","281473511282688","281473511282943"]},"selebi-phikwe":{"name":"Selebi-Phikwe","latitude":"-21.979030","longitude":"27.849830","postcode":"-","gmtOffset":7200,"gmtOffsetName":"UTC+02:00","ip2locationv4":["2829529600","2829529855"],"ip2locationv6":["281473511272960","281473511273215"]},"serowe":{"name":"Serowe","latitude":"-22.383330","longitude":"26.716670","postcode":"-","gmtOffset":7200,"gmtOffsetName":"UTC+02:00","ip2locationv4":["2829534720","2829534975"],"ip2locationv6":["281473511278080","281473511278335"]}}},"kgalagadi":{"name":"Kgalagadi","cities":{"tshabong":{"name":"Tshabong","latitude":"-26.050000","longitude":"22.450000","postcode":"-","gmtOffset":7200,"gmtOffsetName":"UTC+02:00","ip2locationv4":["693078784","693079039"],"ip2locationv6":["281471374822144","281471374822399"]},"kang":{"name":"Kang","latitude":"-23.675180","longitude":"22.787620","postcode":"-","gmtOffset":7200,"gmtOffsetName":"UTC+02:00","ip2locationv4":["2829537280","2829537535"],"ip2locationv6":["281473511280640","281473511280895"]}}},"northwest":{"name":"North West","cities":{"maun":{"name":"Maun","latitude":"-19.983330","longitude":"23.416670","postcode":"-","gmtOffset":7200,"gmtOffsetName":"UTC+02:00","ip2locationv4":["693612288","693612543","702530304","702530559","2591609344","2591609599","2700235776","2700236031","2829571584","2829571839"],"ip2locationv6":["281471375355648","281471375355903","281471384273664","281471384273919","281473273352704","281473273352959","281473381979136","281473381979391","281473511314944","281473511315199"]},"nokaneng":{"name":"Nokaneng","latitude":"-19.666670","longitude":"22.266670","postcode":"-","gmtOffset":7200,"gmtOffsetName":"UTC+02:00","ip2locationv4":["700380416","700380671"],"ip2locationv6":["281471382123776","281471382124031"]},"shakawe":{"name":"Shakawe","latitude":"-18.366270","longitude":"21.850000","postcode":"-","gmtOffset":7200,"gmtOffsetName":"UTC+02:00","ip2locationv4":["2829530880","2829531135"],"ip2locationv6":["281473511274240","281473511274495"]}}},"southern":{"name":"Southern","cities":{"khakhea":{"name":"Khakhea","latitude":"-24.689540","longitude":"23.494030","postcode":"-","gmtOffset":7200,"gmtOffsetName":"UTC+02:00","ip2locationv4":["700380160","700380415"],"ip2locationv6":["281471382123520","281471382123775"]},"kanye":{"name":"Kanye","latitude":"-24.966750","longitude":"25.332740","postcode":"-","gmtOffset":7200,"gmtOffsetName":"UTC+02:00","ip2locationv4":["702516736","702516991","2829521408","2829521663","2829534464","2829534719"],"ip2locationv6":["281471384260096","281471384260351","281473511264768","281473511265023","281473511277824","281473511278079"]},"jwaneng":{"name":"Jwaneng","latitude":"-24.601670","longitude":"24.728060","postcode":"-","gmtOffset":7200,"gmtOffsetName":"UTC+02:00","ip2locationv4":["2829539072","2829539327","2829542400","2829542655","3586205952","3586206207"],"ip2locationv6":["281473511282432","281473511282687","281473511285760","281473511286015","281474267949312","281474267949567"]}}},"kgatleng":{"name":"Kgatleng","cities":{"bokaa":{"name":"Bokaa","latitude":"-24.450000","longitude":"26.016670","postcode":"-","gmtOffset":7200,"gmtOffsetName":"UTC+02:00","ip2locationv4":["1720100352","1720100607","1777070336","1777070591","2700235264","2700235519"],"ip2locationv6":["281472401843712","281472401843967","281472458813696","281472458813951","281473381978624","281473381978879"]}}},"chobe":{"name":"Chobe","cities":{"kasane":{"name":"Kasane","latitude":"-17.816670","longitude":"25.150000","postcode":"-","gmtOffset":7200,"gmtOffsetName":"UTC+02:00","ip2locationv4":["1722123520","1722123775","1725837312","1725837567","2829533440","2829533695"],"ip2locationv6":["281472403866880","281472403867135","281472407580672","281472407580927","281473511276800","281473511277055"]}}},"ghanzi":{"name":"Ghanzi","cities":{"dekar":{"name":"Dekar","latitude":"-21.533330","longitude":"21.933330","postcode":"-","gmtOffset":7200,"gmtOffsetName":"UTC+02:00","ip2locationv4":["2177749504","2177749759","2700238080","2700238335"],"ip2locationv6":["281472859492864","281472859493119","281473381981440","281473381981695"]},"ghanzi":{"name":"Ghanzi","latitude":"-21.566670","longitude":"21.783330","postcode":"-","gmtOffset":7200,"gmtOffsetName":"UTC+02:00","ip2locationv4":["2829520896","2829521151"],"ip2locationv6":["281473511264256","281473511264511"]}}}}}