{"id":38,"name":"Cameroon","iso3":"CMR","iso2":"CM","numeric_code":"120","phone_code":"237","capital":"Yaounde","currency":"XAF","currency_name":"Central African CFA franc","currency_symbol":"FCFA","tld":".cm","native":"Cameroon","region":"Africa","region_id":"1","subregion":"Middle Africa","subregion_id":"2","nationality":"Cameroonian","timezones":[{"zoneName":"Africa/Douala","gmtOffset":3600,"gmtOffsetName":"UTC+01:00","abbreviation":"WAT","tzName":"West Africa Time"}],"translations":{"kr":"\uce74\uba54\ub8ec","pt-BR":"Camar\u00f5es","pt":"Camar\u00f5es","nl":"Kameroen","hr":"Kamerun","fa":"\u06a9\u0627\u0645\u0631\u0648\u0646","de":"Kamerun","es":"Camer\u00fan","fr":"Cameroun","ja":"\u30ab\u30e1\u30eb\u30fc\u30f3","it":"Camerun","cn":"\u5580\u9ea6\u9686","tr":"Kamerun"},"latitude":"6.00000000","longitude":"12.00000000","emoji":"\ud83c\udde8\ud83c\uddf2","emojiU":"U+1F1E8 U+1F1F2","states":{"adamawa":{"id":2663,"name":"Adamawa","state_code":"AD","latitude":"9.32647510","longitude":"12.39838530","type":null,"cities":{"bankim":{"id":19148,"name":"Bankim","latitude":"6.08303000","longitude":"11.49050000"},"banyo":{"id":19150,"name":"Banyo","latitude":"6.75000000","longitude":"11.81667000"},"b\u00e9lel":{"id":19162,"name":"B\u00e9lel","latitude":"7.05000000","longitude":"14.43333000"},"djohong":{"id":19168,"name":"Djohong","latitude":"6.83333000","longitude":"14.70000000"},"kontcha":{"id":19187,"name":"Kontcha","latitude":"7.96667000","longitude":"12.23333000"},"mayo-banyo":{"id":19203,"name":"Mayo-Banyo","latitude":"6.58138000","longitude":"11.73522000"},"me\u00efganga":{"id":19218,"name":"Me\u00efganga","latitude":"6.51667000","longitude":"14.30000000"},"ngaound\u00e9r\u00e9":{"id":19236,"name":"Ngaound\u00e9r\u00e9","latitude":"7.32765000","longitude":"13.58472000"},"somi\u00e9":{"id":19256,"name":"Somi\u00e9","latitude":"6.45843000","longitude":"11.43299000"},"tibati":{"id":19258,"name":"Tibati","latitude":"6.46504000","longitude":"12.62843000"},"tign\u00e8re":{"id":19259,"name":"Tign\u00e8re","latitude":"7.36667000","longitude":"12.65000000"},"vina":{"id":19262,"name":"Vina","latitude":"7.16365000","longitude":"13.72711000"}}},"centre":{"id":2660,"name":"Centre","state_code":"CE","latitude":null,"longitude":null,"type":null,"cities":{"akono":{"id":19134,"name":"Akono","latitude":"3.50000000","longitude":"11.33333000"},"akonolinga":{"id":19135,"name":"Akonolinga","latitude":"3.76667000","longitude":"12.25000000"},"bafia":{"id":19139,"name":"Bafia","latitude":"4.750000","longitude":"11.233330","postcode":"-","gmtOffset":3600,"gmtOffsetName":"UTC+01:00","ip2locationv4":["1727278080","1727278335"],"ip2locationv6":["281472409021440","281472409021695"]},"es\u00e9ka":{"id":19174,"name":"Es\u00e9ka","latitude":"3.65000000","longitude":"10.76667000"},"ess\u00e9":{"id":19173,"name":"Ess\u00e9","latitude":"4.10000000","longitude":"11.90000000"},"\u00c9vodoula":{"id":19270,"name":"\u00c9vodoula","latitude":"4.08333000","longitude":"11.20000000"},"mbalmayo":{"id":19208,"name":"Mbalmayo","latitude":"3.516670","longitude":"11.500000","postcode":"-","gmtOffset":3600,"gmtOffsetName":"UTC+01:00","ip2locationv4":["701255168","701255423","701259520","701259775"],"ip2locationv6":["281471382998528","281471382998783","281471383002880","281471383003135"]},"mbam-et-inoubou":{"id":19209,"name":"Mbam-Et-Inoubou","latitude":"4.73754000","longitude":"10.96972000"},"mbandjok":{"id":19210,"name":"Mbandjok","latitude":"4.45000000","longitude":"11.90000000"},"mbankomo":{"id":19213,"name":"Mbankomo","latitude":"3.78333000","longitude":"11.38333000"},"mefou-et-akono":{"id":19216,"name":"Mefou-et-Akono","latitude":"3.58706000","longitude":"11.36089000"},"mfoundi":{"id":19219,"name":"Mfoundi","latitude":"3.86670000","longitude":"11.51670000"},"minta":{"id":19221,"name":"Minta","latitude":"4.58333000","longitude":"12.80000000"},"nangaeboko":{"id":19231,"name":"Nanga Eboko","latitude":"4.68333000","longitude":"12.36667000"},"ndikinim\u00e9ki":{"id":19233,"name":"Ndikinim\u00e9ki","latitude":"4.76667000","longitude":"10.83333000"},"ngomedzap":{"id":19237,"name":"Ngomedzap","latitude":"3.25000000","longitude":"11.20000000"},"ngoro":{"id":19238,"name":"Ngoro","latitude":"4.95000000","longitude":"11.38333000"},"nkoteng":{"id":19243,"name":"Nkoteng","latitude":"4.51667000","longitude":"12.03333000"},"ntui":{"id":19245,"name":"Ntui","latitude":"4.450000","longitude":"11.633330","postcode":"-","gmtOffset":3600,"gmtOffsetName":"UTC+01:00","ip2locationv4":["701724672","701724927","701726208","701726463"],"ip2locationv6":["281471383468032","281471383468287","281471383469568","281471383469823"]},"obala":{"id":19246,"name":"Obala","latitude":"4.166670","longitude":"11.533330","postcode":"-","gmtOffset":3600,"gmtOffsetName":"UTC+01:00","ip2locationv4":["1727277568","1727277823"],"ip2locationv6":["281472409020928","281472409021183"]},"okoa":{"id":19247,"name":"Okoa","latitude":"3.98333000","longitude":"11.60000000"},"okola":{"id":19248,"name":"Okola","latitude":"4.01667000","longitude":"11.38333000"},"omb\u00e9sa":{"id":19249,"name":"Omb\u00e9sa","latitude":"4.60000000","longitude":"11.25000000"},"saa":{"id":19254,"name":"Saa","latitude":"4.36667000","longitude":"11.45000000"},"yaound\u00e9":{"id":19266,"name":"Yaound\u00e9","latitude":"3.86667000","longitude":"11.51667000"},"yoko":{"id":19268,"name":"Yoko","latitude":"5.53333000","longitude":"12.31667000"},"yaounde":{"name":"Yaounde","latitude":"3.867017","longitude":"11.516630","postcode":"-","gmtOffset":3600,"gmtOffsetName":"UTC+01:00","ip2locationv4":["34637312","34637567","692932608","692934655","693927936","693928959","693934080","693935359","693935616","693936127","693941248","693943295","693945344","693947391","693948416","693951487","693952512","693952767","693958656","693960703","700375040","700375551","700375808","700376063","700408832","700409855","701157376","701157631","701251584","701252351","701252608","701252863","701253120","701253375","701253888","701254143","701254400","701255167","701255936","701256703","701257472","701258495","701258752","701259519","701317632","701318655","701321216","701322495","701323264","701324543","701324800","701325055","701718784","701719551","701720064","701720575","701721344","701721599","701722112","701724671","701724928","701726207","701726464","701726719","702125568","702126079","702488064","702488575","1489634560","1489634815","1489637632","1489637887","1489645312","1489645567","1719933184","1719933951","1719934208","1719934463","1720171776","1720172031","1725639936","1725640703","1725645824","1725646847","1727277824","1727278079","1727278336","1727278591","1727289344","1727289599","1727293440","1727294207","1806031104","1806031359","2588442624","2588444927","2588445184","2588445439","2588446208","2588446719","2588446976","2588447743","2588448000","2588448255","2588450816","2588452607","2588453888","2588454655","2588454912","2588457983","2588458240","2588459007","2588526592","2588528639","2591981568","2591989759","2591994112","2591997951","2782003200","2782008319","2782008576","2782074111","2782074368","2782134271","2851022848","2851023615","2852062720","2852062975","3273179136","3273179903","3273180160","3273182207","3273182464","3273182719","3273182976","3273183231","3273184512","3273185023","3273185280","3273186047","3273186560","3273187071","3288553984","3288554239","3291555328","3291555583","3292268032","3292268543","3315531776","3315533823","3315534080","3315534335","3315535872","3315536127","3315536384","3315536895","3315538432","3315539455","3315539712","3315539967"],"ip2locationv6":["281470716380672","281470716380927","281471374675968","281471374678015","281471375671296","281471375672319","281471375677440","281471375678719","281471375678976","281471375679487","281471375684608","281471375686655","281471375688704","281471375690751","281471375691776","281471375694847","281471375695872","281471375696127","281471375702016","281471375704063","281471382118400","281471382118911","281471382119168","281471382119423","281471382152192","281471382153215","281471382900736","281471382900991","281471382994944","281471382995711","281471382995968","281471382996223","281471382996480","281471382996735","281471382997248","281471382997503","281471382997760","281471382998527","281471382999296","281471383000063","281471383000832","281471383001855","281471383002112","281471383002879","281471383060992","281471383062015","281471383064576","281471383065855","281471383066624","281471383067903","281471383068160","281471383068415","281471383462144","281471383462911","281471383463424","281471383463935","281471383464704","281471383464959","281471383465472","281471383468031","281471383468288","281471383469567","281471383469824","281471383470079","281471383868928","281471383869439","281471384231424","281471384231935","281472171377920","281472171378175","281472171380992","281472171381247","281472171388672","281472171388927","281472401676544","281472401677311","281472401677568","281472401677823","281472401915136","281472401915391","281472407383296","281472407384063","281472407389184","281472407390207","281472409021184","281472409021439","281472409021696","281472409021951","281472409032704","281472409032959","281472409036800","281472409037567","281472487774464","281472487774719","281473270185984","281473270188287","281473270188544","281473270188799","281473270189568","281473270190079","281473270190336","281473270191103","281473270191360","281473270191615","281473270194176","281473270195967","281473270197248","281473270198015","281473270198272","281473270201343","281473270201600","281473270202367","281473270269952","281473270271999","281473273724928","281473273733119","281473273737472","281473273741311","281473463746560","281473463751679","281473463751936","281473463817471","281473463817728","281473463877631","281473532766208","281473532766975","281473533806080","281473533806335","281473954922496","281473954923263","281473954923520","281473954925567","281473954925824","281473954926079","281473954926336","281473954926591","281473954927872","281473954928383","281473954928640","281473954929407","281473954929920","281473954930431","281473970297344","281473970297599","281473973298688","281473973298943","281473974011392","281473974011903","281473997275136","281473997277183","281473997277440","281473997277695","281473997279232","281473997279487","281473997279744","281473997280255","281473997281792","281473997282815","281473997283072","281473997283327","42540578165184232351420178033494982656","42540578165184232369866922107204534271","42540578165198729905842123402043719680","42540578165198729924288867475753271295","42540578165198729979629099696881926144","42540578165198729998075843770591477759","42540578165305091673902076052644036608","42540578165305091692348820126353588223","42540578174804812428370222840190861312","42540578174804812446816966913900412927","42541835040738585254289446672455958528","42541835041086755890338459874771337215","42541835041086756185486365054124163074","42541835041086756185486365054124163074","42541835041087964816158074503946043392","42541835041396240900159804943496118271","42541835041397449825979419572670824448","42541835119966747768553784265999908863","42541866736162295779498808451025338368","42541866736164713631138037709374750719","42541867326214809817007016041615720448","42541867326234152630120850108411019263","50512955745338404441801807064169709568","50512955745339613367621421693344415743","50521102391752422036154775712210878464","50521102391771764849268609779006177279","50541822697750770432346524563141558272","50541822697789456058574192696732155903","50543536564679571447519890561268973568","50543536564689242854076807594666622975","55838750791803949440106837009397448704","55838750791803949458553581083107000319","55838750791804637891042411923573309440","55838750791804637909489155997282861055","55838750791805158365926451638572154880","55838750791805158384373195712281706495","55838750791813620846663754042795098112","55838750791813620865110498116504649727","55838750791814309297599328956970958848","55838750791814309316046073030680510463","55838750791814829772483368671969804288","55838750791814829790930112745679355903","55838750791818456549942212559493922816","55838750791818456568388956633203474431","55838750791819145000877787473669783552","55838750791819145019324531547379335167","55838750791819665475761827188668628992","55838750791819665494208571262378180607","55849932188199597301317281081777455104","55849932188199597319764025155487006719","55849932188199700935125487182038433792","55849932188199705657491970051683647487","55849932188204432949255507377347624960","55849932188204432967702251451057176575","55849932188204546083136911438027685888","55849932188204550805503394307672899583","55849932188221357781602903669826650112","55849932188221357800049647743536201727","55849932188221452155145584767892717568","55849932188221456877512067637537931263","55849932208010113333360340507107000320","55849932208010188891224066421430419455","55849932208029456146474174573902299136","55849932208029531704337900488225718271","55849932208048798959588008640697597952","55849932208048874517451734555021017087","55849932208068141772701842707492896768","55849932208068217330565568621816315903","55849932208087484585815676774288195584","55849932208087560143679402688611614719","55849932208106827398929510841083494400","55849932208106902956793236755406913535","55849932208126170212043344907878793216","55849932208126245769907070822202212351","55849932208145513025157178974674092032","55849932208145588583020904888997511167","55878094321652049967440260049255006208","55878094321652049985887004122964557823","55878094321690735593667928182845603840","55878094321690735612114672256555155455","55878094321729421219895596316436201472","55878094321729421238342340390145753087","55878094321768106846123264450026799104","55878094321768106864570008523736350719","55878094402630736920932628098097086464","55878094402640408327489545131494735871","55878094481858899435196965691641036800","55878094481868570841753882725038686207","55878094640373252903067143079114833920","55878094640382924309624060112512483327","55878094719601415417331480672658784256","55878094719611086823888397706056433663","58564910105484899754046241512586477568","58564910184713062268310579106130427903","58565498295363405652488535982873772032","58565498295675308513949110309947965439","58565498295676517439768724939122671616","58565498320122206438196141480856256511","58565721401870254746682814031812624384","58565721481097208335127536996181868543","58568682637694484092422581594747830272","58568682638003969102243926663472611327","58568682640170364170993342144546078720","58568682640479849180814687213270859775","58568862006231111259205407484829237248","58568862085459273773469745078373187583","58568882288640714910875831432080523264","58568882367868877425140169025624473599","58568921585809321985987277829879889920","58568921665037484500251615423423840255","58568942502044225751772402525482778624","58568942581272388266036740119026728959","58569003983717306840541065253037801472","58569004062326499335162712709132189695","58569004616923636935013075863939842048","58569004696151799449277413457483792383"]}}},"east":{"id":2661,"name":"East","state_code":"ES","latitude":"39.01853360","longitude":"-94.27924110","type":null,"cities":{"abongmbang":{"id":19132,"name":"Abong Mbang","latitude":"3.98333000","longitude":"13.18333000"},"batouri":{"id":19152,"name":"Batouri","latitude":"4.43333000","longitude":"14.36667000"},"b\u00e9labo":{"id":19161,"name":"B\u00e9labo","latitude":"4.93333000","longitude":"13.30000000"},"bertoua":{"id":19156,"name":"Bertoua","latitude":"4.57728000","longitude":"13.68459000"},"b\u00e9tar\u00e9oya":{"id":19163,"name":"B\u00e9tar\u00e9 Oya","latitude":"5.60000000","longitude":"14.08333000"},"dimako":{"id":19166,"name":"Dimako","latitude":"4.38333000","longitude":"13.56667000"},"doum\u00e9":{"id":19170,"name":"Doum\u00e9","latitude":"4.23333000","longitude":"13.45000000"},"garouaboula\u00ef":{"id":19182,"name":"Garoua Boula\u00ef","latitude":"5.88333000","longitude":"14.55000000"},"mbang":{"id":19211,"name":"Mbang","latitude":"4.58333000","longitude":"13.33333000"},"ndelele":{"id":19232,"name":"Ndelele","latitude":"4.04065000","longitude":"14.92501000"},"yokadouma":{"id":19267,"name":"Yokadouma","latitude":"3.51667000","longitude":"15.05000000"}}},"farnorth":{"id":2656,"name":"Far North","state_code":"EN","latitude":"66.76134510","longitude":"124.12375300","type":null,"cities":{"bogo":{"id":19157,"name":"Bogo","latitude":"10.73360000","longitude":"14.60928000"},"ka\u00e9l\u00e9":{"id":19186,"name":"Ka\u00e9l\u00e9","latitude":"10.10917000","longitude":"14.45083000"},"kouss\u00e9ri":{"id":19189,"name":"Kouss\u00e9ri","latitude":"12.07689000","longitude":"15.03063000"},"koza":{"id":19190,"name":"Koza","latitude":"10.86846000","longitude":"13.88205000"},"makary":{"id":19199,"name":"Makary","latitude":"12.57535000","longitude":"14.45483000"},"maroua":{"id":19202,"name":"Maroua","latitude":"10.59095000","longitude":"14.31593000"},"mayo-sava":{"id":19206,"name":"Mayo-Sava","latitude":"11.10682000","longitude":"14.20560000"},"mayo-tsanaga":{"id":19207,"name":"Mayo-Tsanaga","latitude":"10.58221000","longitude":"13.79351000"},"mindif":{"id":19220,"name":"Mindif","latitude":"10.39757000","longitude":"14.43626000"},"mokolo":{"id":19223,"name":"Mokolo","latitude":"10.74244000","longitude":"13.80227000"},"mora":{"id":19224,"name":"Mora","latitude":"11.04611000","longitude":"14.14011000"},"yagoua":{"id":19265,"name":"Yagoua","latitude":"10.34107000","longitude":"15.23288000"}}},"littoral":{"id":2662,"name":"Littoral","state_code":"LT","latitude":"48.46227570","longitude":"-68.51780710","type":null,"cities":{"bonab\u00e9ri":{"id":19158,"name":"Bonab\u00e9ri","latitude":"4.07142000","longitude":"9.68177000"},"diang":{"id":19164,"name":"Diang","latitude":"4.25000000","longitude":"10.01667000"},"dibombari":{"id":19165,"name":"Dibombari","latitude":"4.17870000","longitude":"9.65610000"},"dizangu\u00e9":{"id":19167,"name":"Dizangu\u00e9","latitude":"3.76667000","longitude":"9.98333000"},"douala":{"id":19169,"name":"Douala","latitude":"4.048288","longitude":"9.704375","postcode":"-","gmtOffset":3600,"gmtOffsetName":"UTC+01:00","ip2locationv4":["693928960","693929983","701153280","701157119","701157632","701160447","701160704","701161471","701252352","701252607","701252864","701253119","701258496","701258751","701317120","701317631","701318656","701321215","701322496","701323263","701324544","701324799","701325056","701325311","701718528","701718783","701719552","701720063","701720576","701721343","701721600","701722111","702081024","702082047","702125056","702125567","702487552","702488063","961712128","961712639","1372047360","1372047615","1719930880","1719931903","1719932928","1719933183","1725068288","1725069311","1725117952","1725118207","1725604864","1725605887","1725639680","1725639935","1725698048","1725698303","1725698816","1725699071","1725892096","1725892351","1727266816","1727275007","1727276800","1727277311","1727278592","1727283455","1727283712","1727285503","1727286528","1727286783","1727287040","1727289343","1727289600","1727291391","1727291648","1727293439","1727294208","1727295487","1727295744","1727296511","1727296768","1727297535","1727297792","1727299583","1727299840","1727305727","1727306240","1727306495","1727307264","1727307775","1727308288","1727312383","1727312640","1727313919","1727314176","1727316223","1727316480","1727323135","1727323392","1727323647","1727324160","1727528959","2588446720","2588446975","2588447744","2588447999","2588448256","2588448767","2588449280","2588450559","2588452608","2588452863","2588454656","2588454911","2588457984","2588458239","2591989760","2591994111","2782008320","2782008575","2852062208","2852062719","2852062976","2852063231","2890266880","2890267135","3273179904","3273180159","3273183232","3273184511","3273185024","3273185279","3273187072","3273187327","3291567104","3291567359","3292288000","3292288255","3302544384","3302544639","3315534336","3315534847","3315535360","3315535615","3315537152","3315538175","3315539456","3315539711","3641594880","3641595135"],"ip2locationv6":["281471375672320","281471375673343","281471382896640","281471382900479","281471382900992","281471382903807","281471382904064","281471382904831","281471382995712","281471382995967","281471382996224","281471382996479","281471383001856","281471383002111","281471383060480","281471383060991","281471383062016","281471383064575","281471383065856","281471383066623","281471383067904","281471383068159","281471383068416","281471383068671","281471383461888","281471383462143","281471383462912","281471383463423","281471383463936","281471383464703","281471383464960","281471383465471","281471383824384","281471383825407","281471383868416","281471383868927","281471384230912","281471384231423","281471643455488","281471643455999","281472053790720","281472053790975","281472401674240","281472401675263","281472401676288","281472401676543","281472406811648","281472406812671","281472406861312","281472406861567","281472407348224","281472407349247","281472407383040","281472407383295","281472407441408","281472407441663","281472407442176","281472407442431","281472407635456","281472407635711","281472409010176","281472409018367","281472409020160","281472409020671","281472409021952","281472409026815","281472409027072","281472409028863","281472409029888","281472409030143","281472409030400","281472409032703","281472409032960","281472409034751","281472409035008","281472409036799","281472409037568","281472409038847","281472409039104","281472409039871","281472409040128","281472409040895","281472409041152","281472409042943","281472409043200","281472409049087","281472409049600","281472409049855","281472409050624","281472409051135","281472409051648","281472409055743","281472409056000","281472409057279","281472409057536","281472409059583","281472409059840","281472409066495","281472409066752","281472409067007","281472409067520","281472409272319","281473270190080","281473270190335","281473270191104","281473270191359","281473270191616","281473270192127","281473270192640","281473270193919","281473270195968","281473270196223","281473270198016","281473270198271","281473270201344","281473270201599","281473273733120","281473273737471","281473463751680","281473463751935","281473533805568","281473533806079","281473533806336","281473533806591","281473572010240","281473572010495","281473954923264","281473954923519","281473954926592","281473954927871","281473954928384","281473954928639","281473954930432","281473954930687","281473973310464","281473973310719","281473974031360","281473974031615","281473984287744","281473984287999","281473997277696","281473997278207","281473997278720","281473997278975","281473997280512","281473997281535","281473997282816","281473997283071","281474323338240","281474323338495","42541835041086755890338459874771337216","42541835041086756185486365054124163073","42541835041086756185486365054124163075","42541835041087964816158074503946043391","42541835041396240900159804943496118272","42541835041397449825979419572670824447","42541867187565525417044425252913807360","42541867187566734342864039882088513535","42541867266793687931308762846457757696","42541867266794896857128377475632463871","47856325179267049550020029761976270848","47856325179268258475839644391150977023","50543536564689242854076807594666622976","50543536564698914260633724628064272383","55838750791804637761915203407606448128","55838750791804637780361947481315999743","55838750791814309168472120441004097536","55838750791814309186918864514713649151","55838750791819144871750578957702922240","55838750791819144890197323031412473855","55878094321652049819866307459578593280","55878094321652049838313051533288144895","55878094321690735446093975593169190912","55878094321690735464540719666878742527","55878094321729421072321643726759788544","55878094321729421090768387800469340159","55878094321768106698549311860350386176","55878094321768106716996055934059937791","55878094402640408327489545131494735872","55878094402650079734046462164892385279","55878094481868570841753882725038686208","55878094481878242248310799758436335615","55878094552044296818743877058382790656","55878094552053968225300794091780440063","55878094556996056975885398157979287552","55878094557005728382442315191376936959","55878094640382924309624060112512483328","55878094640392595716180977145910132735","55878094719611086823888397706056433664","55878094719620758230445314739454083071","55881451182378548040931427807230164992","55881451182688033050752772875954946047","58565498295675308513949110309947965440","58565498295676517439768724939122671615","58565498320122206438196141480856256512","58565498334977486909620704779645747199","58565498344881007223903746978838740992","58565498354784527538186789178031734783","58565498364688047852469831377224728576","58565498374591568166752873576417722367","58565721401869045820863199402637918208","58565721401870254746682814031812624383","58568792919273398820703025914504544256","58568792998501561334967363508048494591"]},"ed\u00e9a":{"id":19172,"name":"Ed\u00e9a","latitude":"3.80000000","longitude":"10.13333000"},"loum":{"id":19198,"name":"Loum","latitude":"4.71820000","longitude":"9.73510000"},"manjo":{"id":19201,"name":"Manjo","latitude":"4.84280000","longitude":"9.82170000"},"mbanga":{"id":19212,"name":"Mbanga","latitude":"4.50160000","longitude":"9.56710000"},"melong":{"id":19217,"name":"Melong","latitude":"5.12181000","longitude":"9.96143000"},"mouanko":{"id":19225,"name":"Mouanko","latitude":"3.63972000","longitude":"9.77694000"},"ndom":{"id":19234,"name":"Ndom","latitude":"4.49780000","longitude":"9.56280000"},"ngamb\u00e9":{"id":19235,"name":"Ngamb\u00e9","latitude":"4.23343000","longitude":"10.61532000"},"nkongsamba":{"id":19242,"name":"Nkongsamba","latitude":"4.954700","longitude":"9.940400","postcode":"-","gmtOffset":3600,"gmtOffsetName":"UTC+01:00","ip2locationv6":["55838750791804637854148923776154206208","55838750791804637872595667849863757823","55838750791814309260705840809551855616","55838750791814309279152584883261407231","55838750791819144963984299326250680320","55838750791819144982431043399960231935"]},"penja":{"id":19250,"name":"Penja","latitude":"4.639110","longitude":"9.679870","postcode":"-","gmtOffset":3600,"gmtOffsetName":"UTC+01:00","ip2locationv4":["1727323136","1727323391","1727323648","1727324159"],"ip2locationv6":["281472409066496","281472409066751","281472409067008","281472409067519"]},"yabassi":{"id":19264,"name":"Yabassi","latitude":"4.45697000","longitude":"9.96822000"},"edea":{"name":"Edea","latitude":"3.800000","longitude":"10.133330","postcode":"-","gmtOffset":3600,"gmtOffsetName":"UTC+01:00","ip2locationv4":["701253632","701253887"],"ip2locationv6":["281471382996992","281471382997247"]}}},"north":{"id":2665,"name":"North","state_code":"NO","latitude":"37.09024000","longitude":"-95.71289100","type":null,"cities":{"farodepartment":{"id":19176,"name":"Faro Department","latitude":"8.25014000","longitude":"12.87829000"},"garoua":{"id":19181,"name":"Garoua","latitude":"9.30143000","longitude":"13.39771000"},"guider":{"id":19183,"name":"Guider","latitude":"9.93330000","longitude":"13.94671000"},"lagdo":{"id":19194,"name":"Lagdo","latitude":"9.05828000","longitude":"13.66605000"},"mayo-louti":{"id":19204,"name":"Mayo-Louti","latitude":"9.96577000","longitude":"13.72738000"},"mayo-rey":{"id":19205,"name":"Mayo-Rey","latitude":"8.12630000","longitude":"14.61456000"},"pitoa":{"id":19251,"name":"Pitoa","latitude":"9.38390000","longitude":"13.50231000"},"poli":{"id":19252,"name":"Poli","latitude":"8.47560000","longitude":"13.24097000"},"reybouba":{"id":19253,"name":"Rey Bouba","latitude":"8.67240000","longitude":"14.17860000"},"tchollir\u00e9":{"id":19257,"name":"Tchollir\u00e9","latitude":"8.40220000","longitude":"14.16980000"}}},"northwest":{"id":2657,"name":"Northwest","state_code":"NW","latitude":"36.37118570","longitude":"-94.19346060","type":null,"cities":{"babanki":{"id":19137,"name":"Babanki","latitude":"6.11667000","longitude":"10.25000000"},"bali":{"id":19141,"name":"Bali","latitude":"5.88737000","longitude":"10.01176000"},"bamenda":{"id":19142,"name":"Bamenda","latitude":"5.95970000","longitude":"10.14597000"},"batibo":{"id":19151,"name":"Batibo","latitude":"5.83580000","longitude":"9.85530000"},"belo":{"id":19155,"name":"Belo","latitude":"6.13333000","longitude":"10.25000000"},"boyo":{"id":19159,"name":"Boyo","latitude":"6.36365000","longitude":"10.35540000"},"fundong":{"id":19180,"name":"Fundong","latitude":"6.25000000","longitude":"10.26667000"},"jakiri":{"id":19185,"name":"Jakiri","latitude":"6.10000000","longitude":"10.65000000"},"kumbo":{"id":19193,"name":"Kumbo","latitude":"6.20000000","longitude":"10.66667000"},"mbengwi":{"id":19214,"name":"Mbengwi","latitude":"6.01667000","longitude":"10.00000000"},"mme-bafumen":{"id":19222,"name":"Mme-Bafumen","latitude":"6.33333000","longitude":"10.23333000"},"njinikom":{"id":19241,"name":"Njinikom","latitude":"6.23333000","longitude":"10.28333000"},"wum":{"id":19263,"name":"Wum","latitude":"6.38333000","longitude":"10.06667000"}}},"south":{"id":2659,"name":"South","state_code":"SU","latitude":"37.63159500","longitude":"-97.34584090","type":null,"cities":{"akomii":{"id":19133,"name":"Akom II","latitude":"2.78333000","longitude":"10.56667000"},"ambam":{"id":19136,"name":"Ambam","latitude":"2.38333000","longitude":"11.28333000"},"\u00c9bolowa":{"id":19269,"name":"\u00c9bolowa","latitude":"2.90000000","longitude":"11.15000000"},"kribi":{"id":19191,"name":"Kribi","latitude":"2.93725000","longitude":"9.90765000"},"lolodorf":{"id":19197,"name":"Lolodorf","latitude":"3.23333000","longitude":"10.73333000"},"mvangu\u00e9":{"id":19229,"name":"Mvangu\u00e9","latitude":"2.96667000","longitude":"11.51667000"},"mvila":{"id":19230,"name":"Mvila","latitude":"2.79796000","longitude":"11.39434000"},"sangm\u00e9lima":{"id":19255,"name":"Sangm\u00e9lima","latitude":"2.93333000","longitude":"11.98333000"}}},"southwest":{"id":2658,"name":"Southwest","state_code":"SW","latitude":"36.19088130","longitude":"-95.88974480","type":null,"cities":{"bamusso":{"id":19144,"name":"Bamusso","latitude":"4.45910000","longitude":"8.90270000"},"bekondo":{"id":19154,"name":"Bekondo","latitude":"4.68190000","longitude":"9.32140000"},"buea":{"id":19160,"name":"Buea","latitude":"4.15342000","longitude":"9.24231000"},"fakodivision":{"id":19175,"name":"Fako Division","latitude":"4.16667000","longitude":"9.16667000"},"fontem":{"id":19177,"name":"Fontem","latitude":"5.46850000","longitude":"9.88180000"},"kumba":{"id":19192,"name":"Kumba","latitude":"4.63630000","longitude":"9.44690000"},"lebialem":{"id":19195,"name":"Lebialem","latitude":"5.56043000","longitude":"9.92316000"},"limbe":{"id":19196,"name":"Limbe","latitude":"4.02356000","longitude":"9.20607000"},"mamfe":{"id":19200,"name":"Mamfe","latitude":"5.75132000","longitude":"9.31370000"},"mundemba":{"id":19226,"name":"Mundemba","latitude":"4.94790000","longitude":"8.87240000"},"mutengene":{"id":19227,"name":"Mutengene","latitude":"4.09130000","longitude":"9.31440000"},"muyuka":{"id":19228,"name":"Muyuka","latitude":"4.28980000","longitude":"9.41030000"},"nguti":{"id":19240,"name":"Nguti","latitude":"5.32990000","longitude":"9.41850000"},"tiko":{"id":19260,"name":"Tiko","latitude":"4.07500000","longitude":"9.36005000"}}},"west":{"id":2664,"name":"West","state_code":"OU","latitude":"37.03649890","longitude":"-95.67059870","type":null,"cities":{"bafang":{"id":19138,"name":"Bafang","latitude":"5.15705000","longitude":"10.17710000"},"bafoussam":{"id":19140,"name":"Bafoussam","latitude":"5.47775000","longitude":"10.41759000"},"bamendjou":{"id":19143,"name":"Bamendjou","latitude":"5.38988000","longitude":"10.33014000"},"bana":{"id":19145,"name":"Bana","latitude":"5.14655000","longitude":"10.27545000"},"bandjoun":{"id":19146,"name":"Bandjoun","latitude":"5.37568000","longitude":"10.41326000"},"bangangt\u00e9":{"id":19147,"name":"Bangangt\u00e9","latitude":"5.14079000","longitude":"10.52535000"},"bansoa":{"id":19149,"name":"Bansoa","latitude":"5.44836000","longitude":"10.31355000"},"bazou":{"id":19153,"name":"Bazou","latitude":"5.06001000","longitude":"10.46751000"},"dschang":{"id":19171,"name":"Dschang","latitude":"5.44397000","longitude":"10.05332000"},"foumban":{"id":19178,"name":"Foumban","latitude":"5.72662000","longitude":"10.89865000"},"foumbot":{"id":19179,"name":"Foumbot","latitude":"5.50803000","longitude":"10.63250000"},"hauts-plateaux":{"id":19184,"name":"Hauts-Plateaux","latitude":"5.29632000","longitude":"10.34314000"},"koung-khi":{"id":19188,"name":"Koung-Khi","latitude":"5.33848000","longitude":"10.47453000"},"mbouda":{"id":19215,"name":"Mbouda","latitude":"5.62611000","longitude":"10.25421000"},"ngou":{"id":19239,"name":"Ngou","latitude":"5.19685000","longitude":"10.38595000"},"noun":{"id":19244,"name":"Noun","latitude":"5.64123000","longitude":"10.91840000"},"tonga":{"id":19261,"name":"Tonga","latitude":"4.96667000","longitude":"10.70000000"}}},"sud":{"name":"Sud","cities":{"kribi":{"name":"Kribi","latitude":"2.950000","longitude":"9.916670","postcode":"-","gmtOffset":3600,"gmtOffsetName":"UTC+01:00","ip2locationv4":["693935360","693935615","1719933952","1719934207","1724977920","1724978175","1727297536","1727297791","3273182208","3273182463"],"ip2locationv6":["281471375678720","281471375678975","281472401677312","281472401677567","281472406721280","281472406721535","281472409040896","281472409041151","281473954925568","281473954925823","55838750791804637798808691555025551360","55838750791804637817255435628735102975","55838750791814309205365608588423200768","55838750791814309223812352662132752383","55838750791819144908644067105122025472","55838750791819144927090811178831577087","58565016588135318925315967235655729152","58565016667363481439580304829199679487"]},"sangmelima":{"name":"Sangmelima","latitude":"2.933330","longitude":"11.983330","postcode":"-","gmtOffset":3600,"gmtOffsetName":"UTC+01:00","ip2locationv4":["1727275264","1727275519"],"ip2locationv6":["281472409018624","281472409018879"]},"ebolowa":{"name":"Ebolowa","latitude":"2.900000","longitude":"11.150000","postcode":"-","gmtOffset":3600,"gmtOffsetName":"UTC+01:00","ip2locationv4":["1727306752","1727307007","3315534848","3315535103"],"ip2locationv6":["281472409050112","281472409050367","281473997278208","281473997278463"]}}},"ouest":{"name":"Ouest","cities":{"bafoussam":{"name":"Bafoussam","latitude":"5.473660","longitude":"10.417860","postcode":"-","gmtOffset":3600,"gmtOffsetName":"UTC+01:00","ip2locationv4":["700375552","700375807","701160448","701160703","701255424","701255935","1719934464","1719934975","1727277312","1727277567","1727307776","1727308031","2588453120","2588453375","3315538176","3315538431"],"ip2locationv6":["281471382118912","281471382119167","281471382903808","281471382904063","281471382998784","281471382999295","281472401677824","281472401678335","281472409020672","281472409020927","281472409051136","281472409051391","281473270196480","281473270196735","281473997281536","281473997281791","55838750791804637725021715260187344896","55838750791804637743468459333896896511","55838750791814309131578632293584994304","55838750791814309150025376367294545919","55838750791819144834857090810283819008","55838750791819144853303834883993370623"]},"bafang":{"name":"Bafang","latitude":"5.156250","longitude":"10.178820","postcode":"-","gmtOffset":3600,"gmtOffsetName":"UTC+01:00","ip2locationv4":["701157120","701157375","1727308032","1727308287","2588452864","2588453119","2588453376","2588453887"],"ip2locationv6":["281471382900480","281471382900735","281472409051392","281472409051647","281473270196224","281473270196479","281473270196736","281473270197247"]},"foumban":{"name":"Foumban","latitude":"5.729100","longitude":"10.900110","postcode":"-","gmtOffset":3600,"gmtOffsetName":"UTC+01:00","ip2locationv4":["1727283456","1727283711"],"ip2locationv6":["281472409026816","281472409027071"]},"mbouda":{"name":"Mbouda","latitude":"5.625780","longitude":"10.255170","postcode":"-","gmtOffset":3600,"gmtOffsetName":"UTC+01:00","ip2locationv4":["1727313920","1727314175"],"ip2locationv6":["281472409057280","281472409057535"]},"dschang":{"name":"Dschang","latitude":"5.445590","longitude":"10.055000","postcode":"-","gmtOffset":3600,"gmtOffsetName":"UTC+01:00","ip2locationv6":["55838750791804637780361947481315999744","55838750791804637798808691555025551359","55838750791814309186918864514713649152","55838750791814309205365608588423200767","55838750791819144890197323031412473856","55838750791819144908644067105122025471"]}}},"nord-ouest":{"name":"Nord-Ouest","cities":{"bamenda":{"name":"Bamenda","latitude":"5.952660","longitude":"10.158240","postcode":"-","gmtOffset":3600,"gmtOffsetName":"UTC+01:00","ip2locationv4":["701253376","701253631","1727306496","1727306751","3315535616","3315535871","3315536896","3315537151"],"ip2locationv6":["281471382996736","281471382996991","281472409049856","281472409050111","281473997278976","281473997279231","281473997280256","281473997280511","55838750791804637743468459333896896512","55838750791804637761915203407606448127","55838750791814309150025376367294545920","55838750791814309168472120441004097535","55838750791819144853303834883993370624","55838750791819144871750578957702922239"]},"kumbo":{"name":"Kumbo","latitude":"6.200000","longitude":"10.666670","postcode":"-","gmtOffset":3600,"gmtOffsetName":"UTC+01:00","ip2locationv4":["1727276288","1727276543"],"ip2locationv6":["281472409019648","281472409019903"]},"to":{"name":"To","latitude":"6.483330","longitude":"10.216670","postcode":"-","gmtOffset":3600,"gmtOffsetName":"UTC+01:00","ip2locationv6":["55838750791804637872595667849863757824","55838750791804637891042411923573309439","55838750791814309279152584883261407232","55838750791814309297599328956970958847","55838750791819144982431043399960231936","55838750791819145000877787473669783551"]}}},"nord":{"name":"Nord","cities":{"garoua":{"name":"Garoua","latitude":"9.300000","longitude":"13.400000","postcode":"-","gmtOffset":3600,"gmtOffsetName":"UTC+01:00","ip2locationv4":["701254144","701254399","1727275520","1727276031","1727285760","1727286015","1727296512","1727296767","1727312384","1727312639","2588445696","2588445951","3273186048","3273186303"],"ip2locationv6":["281471382997504","281471382997759","281472409018880","281472409019391","281472409029120","281472409029375","281472409039872","281472409040127","281472409055744","281472409055999","281473270189056","281473270189311","281473954929408","281473954929663"]}}},"est":{"name":"Est","cities":{"yokadouma":{"name":"Yokadouma","latitude":"3.516670","longitude":"15.050000","postcode":"-","gmtOffset":3600,"gmtOffsetName":"UTC+01:00","ip2locationv4":["701256704","701256959"],"ip2locationv6":["281471383000064","281471383000319"]},"bertoua":{"name":"Bertoua","latitude":"4.583330","longitude":"13.683330","postcode":"-","gmtOffset":3600,"gmtOffsetName":"UTC+01:00","ip2locationv4":["1725441536","1725441791","1727276544","1727276799","1727305984","1727306239","3315533824","3315534079"],"ip2locationv6":["281472407184896","281472407185151","281472409019904","281472409020159","281472409049344","281472409049599","281473997277184","281473997277439"]},"mbang":{"name":"Mbang","latitude":"4.583330","longitude":"13.333330","postcode":"-","gmtOffset":3600,"gmtOffsetName":"UTC+01:00","ip2locationv6":["55827831898324478538621443367319371776","55827831898324554096485169281642790911"]}}},"sud-ouest":{"name":"Sud-Ouest","cities":{"kumba":{"name":"Kumba","latitude":"4.636300","longitude":"9.446900","postcode":"-","gmtOffset":3600,"gmtOffsetName":"UTC+01:00","ip2locationv4":["701256960","701257215","1719931904","1719932415"],"ip2locationv6":["281471383000320","281471383000575","281472401675264","281472401675775"]},"buea":{"name":"Buea","latitude":"4.152700","longitude":"9.241000","postcode":"-","gmtOffset":3600,"gmtOffsetName":"UTC+01:00","ip2locationv4":["1719932416","1719932927","2588449024","2588449279","3273186304","3273186559"],"ip2locationv6":["281472401675776","281472401676287","281473270192384","281473270192639","281473954929664","281473954929919"]},"tiko":{"name":"Tiko","latitude":"4.074500","longitude":"9.369900","postcode":"-","gmtOffset":3600,"gmtOffsetName":"UTC+01:00","ip2locationv4":["1727307008","1727307263"],"ip2locationv6":["281472409050368","281472409050623","55831774281754422631565445450012295170","55831774281754422631565445450012295170","55831774281754422631565445450012295704","55831774281754422631565445450012295704","55831774281754422649971373981338435546","55831774281754422649971373981338435546"]},"bamusso":{"name":"Bamusso","latitude":"4.459100","longitude":"8.902700","postcode":"-","gmtOffset":3600,"gmtOffsetName":"UTC+01:00","ip2locationv4":["1727316224","1727316479"],"ip2locationv6":["281472409059584","281472409059839"]},"limbe":{"name":"Limbe","latitude":"4.024200","longitude":"9.214900","postcode":"-","gmtOffset":3600,"gmtOffsetName":"UTC+01:00","ip2locationv4":["2588448768","2588449023"],"ip2locationv6":["281473270192128","281473270192383","55838750791804637817255435628735102976","55838750791804637835702179702444654591","55838750791814309223812352662132752384","55838750791814309242259096735842303999","55838750791819144927090811178831577088","55838750791819144945537555252541128703"]},"muyuka":{"name":"Muyuka","latitude":"4.289800","longitude":"9.410300","postcode":"-","gmtOffset":3600,"gmtOffsetName":"UTC+01:00","ip2locationv4":["2588450560","2588450815"],"ip2locationv6":["281473270193920","281473270194175"]}}},"adamaoua":{"name":"Adamaoua","cities":{"banyo":{"name":"Banyo","latitude":"6.750000","longitude":"11.816670","postcode":"-","gmtOffset":3600,"gmtOffsetName":"UTC+01:00","ip2locationv4":["701257216","701257471","1727275008","1727275263","2588444928","2588445183"],"ip2locationv6":["281471383000576","281471383000831","281472409018368","281472409018623","281473270188288","281473270188543"]},"ngaoundere":{"name":"Ngaoundere","latitude":"7.316670","longitude":"13.583330","postcode":"-","gmtOffset":3600,"gmtOffsetName":"UTC+01:00","ip2locationv4":["1727285504","1727285759","1727291392","1727291647","1727305728","1727305983","2588445952","2588446207","3230775808","3230776319","3273182720","3273182975","3315536128","3315536383"],"ip2locationv6":["281472409028864","281472409029119","281472409034752","281472409035007","281472409049088","281472409049343","281473270189312","281473270189567","281473912519168","281473912519679","281473954926080","281473954926335","281473997279488","281473997279743","42541866738328690848248223932098805760","42541866738329899774067838561273511935","55838750791804637835702179702444654592","55838750791804637854148923776154206207","55838750791814309242259096735842304000","55838750791814309260705840809551855615","55838750791819144945537555252541128704","55838750791819144963984299326250680319"]},"tibati":{"name":"Tibati","latitude":"6.466670","longitude":"12.633330","postcode":"-","gmtOffset":3600,"gmtOffsetName":"UTC+01:00","ip2locationv4":["2588445440","2588445695","3314909184","3314909439"],"ip2locationv6":["281473270188800","281473270189055","281473996652544","281473996652799"]},"tignere":{"name":"Tignere","latitude":"7.366670","longitude":"12.650000","postcode":"-","gmtOffset":3600,"gmtOffsetName":"UTC+01:00","ip2locationv6":["55857122383856677582583408625427939328","55857122383934048835038744892609134591"]}}},"extreme-nord":{"name":"Extreme-Nord","cities":{"maroua":{"name":"Maroua","latitude":"10.590950","longitude":"14.315920","postcode":"-","gmtOffset":3600,"gmtOffsetName":"UTC+01:00","ip2locationv4":["1725627392","1725628415","1727276032","1727276287","1727286016","1727286527","1727286784","1727287039","1727295488","1727295743","3315535104","3315535359"],"ip2locationv6":["281472407370752","281472407371775","281472409019392","281472409019647","281472409029376","281472409029887","281472409030144","281472409030399","281472409038848","281472409039103","281473997278464","281473997278719","42541867098433842588497045460176863232","42541867098435051514316660089351569407"]},"kousseri":{"name":"Kousseri","latitude":"12.076890","longitude":"15.030630","postcode":"-","gmtOffset":3600,"gmtOffsetName":"UTC+01:00","ip2locationv4":["1727299584","1727299839","2782074112","2782074367"],"ip2locationv6":["281472409042944","281472409043199","281473463817472","281473463817727"]}}}}}