{"id":56,"name":"Cuba","iso3":"CUB","iso2":"CU","numeric_code":"192","phone_code":"53","capital":"Havana","currency":"CUP","currency_name":"Cuban peso","currency_symbol":"$","tld":".cu","native":"Cuba","region":"Americas","region_id":"2","subregion":"Caribbean","subregion_id":"7","nationality":"Cuban","timezones":[{"zoneName":"America/Havana","gmtOffset":-18000,"gmtOffsetName":"UTC-05:00","abbreviation":"CST","tzName":"Cuba Standard Time"}],"translations":{"kr":"\ucfe0\ubc14","pt-BR":"Cuba","pt":"Cuba","nl":"Cuba","hr":"Kuba","fa":"\u06a9\u0648\u0628\u0627","de":"Kuba","es":"Cuba","fr":"Cuba","ja":"\u30ad\u30e5\u30fc\u30d0","it":"Cuba","cn":"\u53e4\u5df4","tr":"K\u00fcba"},"latitude":"21.50000000","longitude":"-80.00000000","emoji":"\ud83c\udde8\ud83c\uddfa","emojiU":"U+1F1E8 U+1F1FA","states":{"artemisaprovince":{"id":283,"name":"Artemisa Province","state_code":"15","latitude":"22.75229030","longitude":"-82.99316070","type":null,"cities":{"alqu\u00edzar":{"id":21804,"name":"Alqu\u00edzar","latitude":"22.80517000","longitude":"-82.58392000"},"artemisa":{"id":21807,"name":"Artemisa","latitude":"22.81667000","longitude":"-82.75944000"},"bah\u00edahonda":{"id":21808,"name":"Bah\u00eda Honda","latitude":"22.90332000","longitude":"-83.15994000"},"bauta":{"id":21814,"name":"Bauta","latitude":"22.98226000","longitude":"-82.54719000"},"caba\u00f1as":{"id":21820,"name":"Caba\u00f1as","latitude":"22.97944000","longitude":"-82.92214000"},"candelaria":{"id":21828,"name":"Candelaria","latitude":"22.74057000","longitude":"-82.95912000"},"guanajay":{"id":21858,"name":"Guanajay","latitude":"22.92639000","longitude":"-82.68750000"},"g\u00fcirademelena":{"id":21865,"name":"G\u00fcira de Melena","latitude":"22.79613000","longitude":"-82.50667000"},"mariel":{"id":21895,"name":"Mariel","latitude":"22.98931000","longitude":"-82.75376000"},"municipiodeartemisa":{"id":21904,"name":"Municipio de Artemisa","latitude":"22.77383000","longitude":"-82.80419000"},"municipiodebauta":{"id":21906,"name":"Municipio de Bauta","latitude":"22.96957000","longitude":"-82.49997000"},"municipiodeguanajay":{"id":21914,"name":"Municipio de Guanajay","latitude":"22.89215000","longitude":"-82.70873000"},"municipiodemariel":{"id":21923,"name":"Municipio de Mariel","latitude":"22.96515000","longitude":"-82.80324000"},"municipiodesancrist\u00f3bal":{"id":21931,"name":"Municipio de San Crist\u00f3bal","latitude":"22.71446000","longitude":"-83.04561000"},"sanantoniodelosba\u00f1os":{"id":21959,"name":"San Antonio de los Ba\u00f1os","latitude":"22.89018000","longitude":"-82.50099000"},"sancristobal":{"id":21960,"name":"San Cristobal","latitude":"22.71658000","longitude":"-83.05647000"},"soroa":{"id":21976,"name":"Soroa","latitude":"22.80000000","longitude":"-83.01667000"}}},"camag\u00fceyprovince":{"id":286,"name":"Camag\u00fcey Province","state_code":"09","latitude":"21.21672470","longitude":"-77.74520810","type":null,"cities":{"camag\u00fcey":{"id":21825,"name":"Camag\u00fcey","latitude":"21.38083000","longitude":"-77.91694000"},"elcaney":{"id":21848,"name":"El Caney","latitude":"21.30000000","longitude":"-78.48333000"},"esmeralda":{"id":21851,"name":"Esmeralda","latitude":"21.85139000","longitude":"-78.11725000"},"florida":{"id":21854,"name":"Florida","latitude":"21.52536000","longitude":"-78.22579000"},"gu\u00e1imaro":{"id":21863,"name":"Gu\u00e1imaro","latitude":"21.05222000","longitude":"-77.34990000"},"jimaguay\u00fa":{"id":21876,"name":"Jimaguay\u00fa","latitude":"21.24224000","longitude":"-77.82625000"},"minas":{"id":21899,"name":"Minas","latitude":"21.48802000","longitude":"-77.61033000"},"municipiodeflorida":{"id":21913,"name":"Municipio de Florida","latitude":"21.46582000","longitude":"-78.34848000"},"municipiodenuevitas":{"id":21928,"name":"Municipio de Nuevitas","latitude":"21.55000000","longitude":"-77.26667000"},"nuevitas":{"id":21938,"name":"Nuevitas","latitude":"21.54585000","longitude":"-77.26504000"},"santacruzdelsur":{"id":21971,"name":"Santa Cruz del Sur","latitude":"20.71633000","longitude":"-77.99816000"},"sibanic\u00fa":{"id":21975,"name":"Sibanic\u00fa","latitude":"21.23631000","longitude":"-77.52561000"},"vertientes":{"id":21982,"name":"Vertientes","latitude":"21.25817000","longitude":"-78.14979000"}}},"ciegode\u00c1vilaprovince":{"id":282,"name":"Ciego de \u00c1vila Province","state_code":"08","latitude":"21.93295150","longitude":"-78.56608520","type":null,"cities":{"baragu\u00e1":{"id":21811,"name":"Baragu\u00e1","latitude":"21.68216000","longitude":"-78.62567000"},"chambas":{"id":21832,"name":"Chambas","latitude":"22.19534000","longitude":"-78.91230000"},"ciegode\u00c1vila":{"id":21833,"name":"Ciego de \u00c1vila","latitude":"21.84000000","longitude":"-78.76194000"},"ciroredondo":{"id":21836,"name":"Ciro Redondo","latitude":"22.01921000","longitude":"-78.70365000"},"florencia":{"id":21853,"name":"Florencia","latitude":"22.14610000","longitude":"-78.97328000"},"mor\u00f3n":{"id":21902,"name":"Mor\u00f3n","latitude":"22.10774000","longitude":"-78.62667000"},"municipiodeciegode\u00c1vila":{"id":21909,"name":"Municipio de Ciego de \u00c1vila","latitude":"21.85000000","longitude":"-78.76667000"},"municipiodemor\u00f3n":{"id":21926,"name":"Municipio de Mor\u00f3n","latitude":"22.29980000","longitude":"-78.56875000"},"primerodeenero":{"id":21945,"name":"Primero de Enero","latitude":"21.94501000","longitude":"-78.43130000"},"venezuela":{"id":21981,"name":"Venezuela","latitude":"21.73748000","longitude":"-78.79336000"}}},"cienfuegosprovince":{"id":287,"name":"Cienfuegos Province","state_code":"06","latitude":"22.23797830","longitude":"-80.36586500","type":null,"cities":{"abreus":{"id":21800,"name":"Abreus","latitude":"22.27797000","longitude":"-80.56931000"},"aguadadepasajeros":{"id":21801,"name":"Aguada de Pasajeros","latitude":"22.38520000","longitude":"-80.84792000"},"cienfuegos":{"id":21834,"name":"Cienfuegos","latitude":"22.14957000","longitude":"-80.44662000"},"cruces":{"id":21843,"name":"Cruces","latitude":"22.34203000","longitude":"-80.27021000"},"cumanayagua":{"id":21845,"name":"Cumanayagua","latitude":"22.15247000","longitude":"-80.20354000"},"lajas":{"id":21883,"name":"Lajas","latitude":"22.41479000","longitude":"-80.29310000"},"municipiodeabreus":{"id":21903,"name":"Municipio de Abreus","latitude":"22.19229000","longitude":"-80.71465000"},"municipiodecienfuegos":{"id":21910,"name":"Municipio de Cienfuegos","latitude":"22.15000000","longitude":"-80.45000000"},"palmira":{"id":21940,"name":"Palmira","latitude":"22.24126000","longitude":"-80.39110000"},"rodas":{"id":21953,"name":"Rodas","latitude":"22.34184000","longitude":"-80.55596000"}}},"granmaprovince":{"id":275,"name":"Granma Province","state_code":"12","latitude":"20.38449020","longitude":"-76.64127120","type":null,"cities":{"bartolom\u00e9mas\u00f3":{"id":21812,"name":"Bartolom\u00e9 Mas\u00f3","latitude":"20.16635000","longitude":"-76.94291000"},"bayamo":{"id":21815,"name":"Bayamo","latitude":"20.37417000","longitude":"-76.64361000"},"campechuela":{"id":21827,"name":"Campechuela","latitude":"20.23329000","longitude":"-77.27990000"},"cautocristo":{"id":21829,"name":"Cauto Cristo","latitude":"20.55709000","longitude":"-76.47270000"},"guisa":{"id":21862,"name":"Guisa","latitude":"20.25494000","longitude":"-76.53930000"},"jiguan\u00ed":{"id":21875,"name":"Jiguan\u00ed","latitude":"20.36785000","longitude":"-76.42741000"},"manzanillo":{"id":21894,"name":"Manzanillo","latitude":"20.34173000","longitude":"-77.12126000"},"medialuna":{"id":21898,"name":"Media Luna","latitude":"20.14298000","longitude":"-77.43532000"},"municipiodebayamo":{"id":21907,"name":"Municipio de Bayamo","latitude":"20.42511000","longitude":"-76.68614000"},"municipiodemanzanillo":{"id":21922,"name":"Municipio de Manzanillo","latitude":"20.24732000","longitude":"-77.10273000"},"municipiodeniquero":{"id":21927,"name":"Municipio de Niquero","latitude":"19.93912000","longitude":"-77.57085000"},"niquero":{"id":21936,"name":"Niquero","latitude":"20.04698000","longitude":"-77.58089000"},"r\u00edocauto":{"id":21954,"name":"R\u00edo Cauto","latitude":"20.55971000","longitude":"-76.91673000"},"yara":{"id":21985,"name":"Yara","latitude":"20.27465000","longitude":"-76.95132000"}}},"guant\u00e1namoprovince":{"id":285,"name":"Guant\u00e1namo Province","state_code":"14","latitude":"20.14559170","longitude":"-74.87410450","type":null,"cities":{"baracoa":{"id":21810,"name":"Baracoa","latitude":"20.34711000","longitude":"-74.49624000"},"guant\u00e1namo":{"id":21860,"name":"Guant\u00e1namo","latitude":"20.14444000","longitude":"-75.20917000"},"mais\u00ed":{"id":21889,"name":"Mais\u00ed","latitude":"20.24673000","longitude":"-74.15181000"},"municipiodeguant\u00e1namo":{"id":21916,"name":"Municipio de Guant\u00e1namo","latitude":"20.26723000","longitude":"-75.15546000"},"r\u00edoguayabaldeyateras":{"id":21955,"name":"R\u00edo Guayabal de Yateras","latitude":"20.36667000","longitude":"-75.01667000"},"sanantoniodelsur":{"id":21958,"name":"San Antonio del Sur","latitude":"20.05564000","longitude":"-74.80750000"}}},"havanaprovince":{"id":272,"name":"Havana Province","state_code":"03","latitude":"23.05406980","longitude":"-82.34518900","type":null,"cities":{"alamar":{"id":21803,"name":"Alamar","latitude":"23.15794000","longitude":"-82.27837000"},"arroyonaranjo":{"id":21806,"name":"Arroyo Naranjo","latitude":"23.03677000","longitude":"-82.36937000"},"boyeros":{"id":21818,"name":"Boyeros","latitude":"23.00720000","longitude":"-82.40170000"},"centrohabana":{"id":21830,"name":"Centro Habana","latitude":"23.13833000","longitude":"-82.36417000"},"cerro":{"id":21831,"name":"Cerro","latitude":"23.10861000","longitude":"-82.37778000"},"diezdeoctubre":{"id":21847,"name":"Diez de Octubre","latitude":"23.08810000","longitude":"-82.35970000"},"guanabacoa":{"id":21857,"name":"Guanabacoa","latitude":"23.12360000","longitude":"-82.30082000"},"habanadeleste":{"id":21866,"name":"Habana del Este","latitude":"23.15917000","longitude":"-82.33056000"},"havana":{"id":21867,"name":"Havana","latitude":"23.13302000","longitude":"-82.38304000"},"lahabanavieja":{"id":21880,"name":"La Habana Vieja","latitude":"23.13028000","longitude":"-82.35306000"},"regla":{"id":21952,"name":"Regla","latitude":"23.12500000","longitude":"-82.33194000"},"sanmigueldelpadr\u00f3n":{"id":21966,"name":"San Miguel del Padr\u00f3n","latitude":"23.06639000","longitude":"-82.29472000"},"santiagodelasvegas":{"id":21973,"name":"Santiago de las Vegas","latitude":"22.97000000","longitude":"-82.38694000"}}},"holgu\u00ednprovince":{"id":279,"name":"Holgu\u00edn Province","state_code":"11","latitude":"20.78378930","longitude":"-75.80690820","type":null,"cities":{"banes":{"id":21809,"name":"Banes","latitude":"20.96116000","longitude":"-75.72200000"},"cacocum":{"id":21821,"name":"Cacocum","latitude":"20.73775000","longitude":"-76.32574000"},"cueto":{"id":21844,"name":"Cueto","latitude":"20.64855000","longitude":"-75.92967000"},"gibara":{"id":21856,"name":"Gibara","latitude":"21.10988000","longitude":"-76.13145000"},"holgu\u00edn":{"id":21868,"name":"Holgu\u00edn","latitude":"20.88722000","longitude":"-76.26306000"},"jobabo":{"id":21877,"name":"Jobabo","latitude":"20.96917000","longitude":"-76.29944000"},"moa":{"id":21901,"name":"Moa","latitude":"20.65776000","longitude":"-74.95075000"},"municipiodebanes":{"id":21905,"name":"Municipio de Banes","latitude":"20.98008000","longitude":"-75.74933000"},"municipiodeholgu\u00edn":{"id":21918,"name":"Municipio de Holgu\u00edn","latitude":"20.91192000","longitude":"-76.27057000"},"saguadet\u00e1namo":{"id":21956,"name":"Sagua de T\u00e1namo","latitude":"20.58269000","longitude":"-75.24116000"},"sangerm\u00e1n":{"id":21962,"name":"San Germ\u00e1n","latitude":"20.60009000","longitude":"-76.13364000"}}},"isladelajuventud":{"id":278,"name":"Isla de la Juventud","state_code":"99","latitude":"21.70847370","longitude":"-82.82202320","type":null,"cities":{"nuevagerona":{"id":21937,"name":"Nueva Gerona","latitude":"21.883330","longitude":"-82.800000","postcode":"25300","gmtOffset":14400,"gmtOffsetName":"UTC-04:00","ip2locationv4":["2563730432","2563730687"],"ip2locationv6":["281473245473792","281473245474047","55835156378507597834521518083593707169","55835156378507597834521518083593707169"]}}},"lastunasprovince":{"id":281,"name":"Las Tunas Province","state_code":"10","latitude":"21.06051620","longitude":"-76.91820970","type":null,"cities":{"amancio":{"id":21805,"name":"Amancio","latitude":"20.81914000","longitude":"-77.57958000"},"colombia":{"id":21837,"name":"Colombia","latitude":"20.98812000","longitude":"-77.42598000"},"jes\u00fasmen\u00e9ndez":{"id":21874,"name":"Jes\u00fas Men\u00e9ndez","latitude":"21.16139000","longitude":"-76.47919000"},"jobabo":{"id":21878,"name":"Jobabo","latitude":"20.90748000","longitude":"-77.28194000"},"lastunas":{"id":21884,"name":"Las Tunas","latitude":"20.96167000","longitude":"-76.95111000"},"manat\u00ed":{"id":21890,"name":"Manat\u00ed","latitude":"21.31070000","longitude":"-76.93403000"},"puertopadre":{"id":21947,"name":"Puerto Padre","latitude":"21.19517000","longitude":"-76.60358000"}}},"matanzasprovince":{"id":284,"name":"Matanzas Province","state_code":"04","latitude":"22.57671230","longitude":"-81.33994140","type":null,"cities":{"alacranes":{"id":21802,"name":"Alacranes","latitude":"22.76719000","longitude":"-81.56803000"},"bolondr\u00f3n":{"id":21817,"name":"Bolondr\u00f3n","latitude":"22.76307000","longitude":"-81.44780000"},"calimete":{"id":21824,"name":"Calimete","latitude":"22.53420000","longitude":"-80.91105000"},"c\u00e1rdenas":{"id":21846,"name":"C\u00e1rdenas","latitude":"23.03661000","longitude":"-81.20596000"},"col\u00f3n":{"id":21838,"name":"Col\u00f3n","latitude":"22.72064000","longitude":"-80.90492000"},"jag\u00fceygrande":{"id":21870,"name":"Jag\u00fcey Grande","latitude":"22.52694000","longitude":"-81.12861000"},"jovellanos":{"id":21879,"name":"Jovellanos","latitude":"22.80375000","longitude":"-81.19127000"},"limonar":{"id":21885,"name":"Limonar","latitude":"22.95035000","longitude":"-81.41059000"},"losarabos":{"id":21886,"name":"Los Arabos","latitude":"22.72969000","longitude":"-80.72081000"},"manguito":{"id":21891,"name":"Manguito","latitude":"22.58733000","longitude":"-80.91451000"},"mart\u00ed":{"id":21896,"name":"Mart\u00ed","latitude":"22.94714000","longitude":"-80.91902000"},"matanzas":{"id":21897,"name":"Matanzas","latitude":"23.04111000","longitude":"-81.57750000"},"municipiodec\u00e1rdenas":{"id":21912,"name":"Municipio de C\u00e1rdenas","latitude":"22.98978000","longitude":"-81.23520000"},"municipiodematanzas":{"id":21924,"name":"Municipio de Matanzas","latitude":"23.05000000","longitude":"-81.58333000"},"pedrobetancourt":{"id":21941,"name":"Pedro Betancourt","latitude":"22.72709000","longitude":"-81.28963000"},"perico":{"id":21942,"name":"Perico","latitude":"22.76987000","longitude":"-81.01830000"},"uni\u00f3ndereyes":{"id":21979,"name":"Uni\u00f3n de Reyes","latitude":"22.79505000","longitude":"-81.53617000"},"varadero":{"id":21980,"name":"Varadero","latitude":"23.15678000","longitude":"-81.24441000"}}},"mayabequeprovince":{"id":276,"name":"Mayabeque Province","state_code":"16","latitude":"22.89265290","longitude":"-81.95348150","type":null,"cities":{"bataban\u00f3":{"id":21813,"name":"Bataban\u00f3","latitude":"22.71794000","longitude":"-82.28965000"},"bejucal":{"id":21816,"name":"Bejucal","latitude":"22.92861000","longitude":"-82.38861000"},"g\u00fcines":{"id":21864,"name":"G\u00fcines","latitude":"22.83727000","longitude":"-82.02641000"},"jamaica":{"id":21871,"name":"Jamaica","latitude":"22.97559000","longitude":"-82.16852000"},"jaruco":{"id":21872,"name":"Jaruco","latitude":"23.04419000","longitude":"-82.00919000"},"lasalud":{"id":21881,"name":"La Salud","latitude":"22.87199000","longitude":"-82.42328000"},"madruga":{"id":21888,"name":"Madruga","latitude":"22.91000000","longitude":"-81.85639000"},"municipiodeg\u00fcines":{"id":21917,"name":"Municipio de G\u00fcines","latitude":"22.78712000","longitude":"-82.01602000"},"municipiodemelenadelsur":{"id":21925,"name":"Municipio de Melena del Sur","latitude":"22.78821000","longitude":"-82.15113000"},"quivic\u00e1n":{"id":21949,"name":"Quivic\u00e1n","latitude":"22.82313000","longitude":"-82.35558000"},"sanjos\u00e9delaslajas":{"id":21963,"name":"San Jos\u00e9 de las Lajas","latitude":"22.96139000","longitude":"-82.15111000"},"sannicol\u00e1sdebari":{"id":21967,"name":"San Nicol\u00e1s de Bari","latitude":"22.78444000","longitude":"-81.91333000"},"santacruzdelnorte":{"id":21970,"name":"Santa Cruz del Norte","latitude":"23.15424000","longitude":"-81.92556000"}}},"pinardelr\u00edoprovince":{"id":277,"name":"Pinar del R\u00edo Province","state_code":"01","latitude":"22.40762560","longitude":"-83.84730150","type":null,"cities":{"consolaci\u00f3ndelsur":{"id":21840,"name":"Consolaci\u00f3n del Sur","latitude":"22.50419000","longitude":"-83.51442000"},"guane":{"id":21859,"name":"Guane","latitude":"22.20179000","longitude":"-84.08484000"},"lospalacios":{"id":21887,"name":"Los Palacios","latitude":"22.58882000","longitude":"-83.24671000"},"mantua":{"id":21893,"name":"Mantua","latitude":"22.29058000","longitude":"-84.28599000"},"minasdematahambre":{"id":21900,"name":"Minas de Matahambre","latitude":"22.58691000","longitude":"-83.94551000"},"municipiodeconsolaci\u00f3ndelsur":{"id":21911,"name":"Municipio de Consolaci\u00f3n del Sur","latitude":"22.44095000","longitude":"-83.41985000"},"municipiodeguane":{"id":21915,"name":"Municipio de Guane","latitude":"22.24591000","longitude":"-84.03660000"},"municipiodelapalma":{"id":21920,"name":"Municipio de La Palma","latitude":"22.75000000","longitude":"-83.55000000"},"municipiodelospalacios":{"id":21921,"name":"Municipio de Los Palacios","latitude":"22.58333000","longitude":"-83.25000000"},"pinardelr\u00edo":{"id":21943,"name":"Pinar del R\u00edo","latitude":"22.41667000","longitude":"-83.69667000"},"puertoesperanza":{"id":21946,"name":"Puerto Esperanza","latitude":"22.77041000","longitude":"-83.73138000"},"sandiegodelosba\u00f1os":{"id":21961,"name":"San Diego de Los Ba\u00f1os","latitude":"22.64667000","longitude":"-83.36972000"},"sanluis":{"id":21965,"name":"San Luis","latitude":"22.27898000","longitude":"-83.75956000"},"vi\u00f1ales":{"id":21983,"name":"Vi\u00f1ales","latitude":"22.61892000","longitude":"-83.70694000"}}},"sanctisp\u00edritusprovince":{"id":274,"name":"Sancti Sp\u00edritus Province","state_code":"07","latitude":"21.99382140","longitude":"-79.47038850","type":null,"cities":{"cabaigu\u00e1n":{"id":21819,"name":"Cabaigu\u00e1n","latitude":"22.07874000","longitude":"-79.49726000"},"condado":{"id":21839,"name":"Condado","latitude":"21.87670000","longitude":"-79.84014000"},"fomento":{"id":21855,"name":"Fomento","latitude":"22.10475000","longitude":"-79.72141000"},"guayos":{"id":21861,"name":"Guayos","latitude":"22.04956000","longitude":"-79.46106000"},"jatibonico":{"id":21873,"name":"Jatibonico","latitude":"21.94333000","longitude":"-79.16906000"},"lasierpe":{"id":21882,"name":"La Sierpe","latitude":"21.77241000","longitude":"-79.26832000"},"municipiodecabaigu\u00e1n":{"id":21908,"name":"Municipio de Cabaigu\u00e1n","latitude":"22.08333000","longitude":"-79.50000000"},"municipiodejatibonico":{"id":21919,"name":"Municipio de Jatibonico","latitude":"21.93333000","longitude":"-79.16667000"},"municipiodesanctisp\u00edritus":{"id":21932,"name":"Municipio de Sancti Sp\u00edritus","latitude":"21.82176000","longitude":"-79.51036000"},"municipiodetrinidad":{"id":21935,"name":"Municipio de Trinidad","latitude":"21.83195000","longitude":"-79.88362000"},"sanctisp\u00edritus":{"id":21968,"name":"Sancti Sp\u00edritus","latitude":"21.92972000","longitude":"-79.44250000"},"topesdecollantes":{"id":21977,"name":"Topes de Collantes","latitude":"21.91524000","longitude":"-80.01929000"},"trinidad":{"id":21978,"name":"Trinidad","latitude":"21.80224000","longitude":"-79.98467000"},"yaguajay":{"id":21984,"name":"Yaguajay","latitude":"22.32691000","longitude":"-79.23567000"},"zazadelmedio":{"id":21986,"name":"Zaza del Medio","latitude":"21.99712000","longitude":"-79.36678000"}}},"santiagodecubaprovince":{"id":273,"name":"Santiago de Cuba Province","state_code":"13","latitude":"20.23976820","longitude":"-75.99276520","type":null,"cities":{"contramaestre":{"id":21841,"name":"Contramaestre","latitude":"20.29879000","longitude":"-76.24511000"},"elcobre":{"id":21849,"name":"El Cobre","latitude":"20.04850000","longitude":"-75.94579000"},"municipiodepalmasoriano":{"id":21929,"name":"Municipio de Palma Soriano","latitude":"20.20897000","longitude":"-76.05776000"},"municipiodesantiagodecuba":{"id":21934,"name":"Municipio de Santiago de Cuba","latitude":"20.00617000","longitude":"-75.70816000"},"palmasoriano":{"id":21939,"name":"Palma Soriano","latitude":"20.21130000","longitude":"-75.99362000"},"sanluis":{"id":21964,"name":"San Luis","latitude":"20.18809000","longitude":"-75.85031000"},"santiagodecuba":{"id":21972,"name":"Santiago de Cuba","latitude":"20.02083000","longitude":"-75.82667000"}}},"villaclaraprovince":{"id":280,"name":"Villa Clara Province","state_code":"05","latitude":"22.49372040","longitude":"-79.91927020","type":null,"cities":{"caibari\u00e9n":{"id":21822,"name":"Caibari\u00e9n","latitude":"22.51996000","longitude":"-79.46599000"},"calabazardesagua":{"id":21823,"name":"Calabazar de Sagua","latitude":"22.64515000","longitude":"-79.89510000"},"camajuan\u00ed":{"id":21826,"name":"Camajuan\u00ed","latitude":"22.48333000","longitude":"-79.75000000"},"cifuentes":{"id":21835,"name":"Cifuentes","latitude":"22.64930000","longitude":"-80.04935000"},"corralillo":{"id":21842,"name":"Corralillo","latitude":"22.98212000","longitude":"-80.58556000"},"encrucijada":{"id":21850,"name":"Encrucijada","latitude":"22.61802000","longitude":"-79.86603000"},"esperanza":{"id":21852,"name":"Esperanza","latitude":"22.44680000","longitude":"-80.09711000"},"isabeladesagua":{"id":21869,"name":"Isabela de Sagua","latitude":"22.93924000","longitude":"-80.01185000"},"manicaragua":{"id":21892,"name":"Manicaragua","latitude":"22.15021000","longitude":"-79.97867000"},"municipiodeplacetas":{"id":21930,"name":"Municipio de Placetas","latitude":"22.22248000","longitude":"-79.74268000"},"municipiodesantaclara":{"id":21933,"name":"Municipio de Santa Clara","latitude":"22.40000000","longitude":"-79.96667000"},"placetas":{"id":21944,"name":"Placetas","latitude":"22.31184000","longitude":"-79.65440000"},"quemadodeg\u00fcines":{"id":21948,"name":"Quemado de G\u00fcines","latitude":"22.78816000","longitude":"-80.25226000"},"ranchoveloz":{"id":21950,"name":"Rancho Veloz","latitude":"22.88042000","longitude":"-80.39098000"},"ranchuelo":{"id":21951,"name":"Ranchuelo","latitude":"22.37266000","longitude":"-80.15046000"},"sagualagrande":{"id":21957,"name":"Sagua la Grande","latitude":"22.80667000","longitude":"-80.07556000"},"santaclara":{"id":21969,"name":"Santa Clara","latitude":"22.40694000","longitude":"-79.96472000"},"santodomingo":{"id":21974,"name":"Santo Domingo","latitude":"22.58677000","longitude":"-80.24261000"}}},"lahabana":{"name":"La Habana","cities":{"havana":{"name":"Havana","latitude":"23.133104","longitude":"-82.383643","postcode":"10400","gmtOffset":14400,"gmtOffsetName":"UTC-04:00","ip2locationv4":["961179136","961179647","1297838592","1297838847","2563637248","2563645695","2563645952","2563646207","2563646464","2563652095","2563652608","2563659007","2563659264","2563661823","2563662080","2563662335","2563662848","2563667711","2563668224","2563668735","2563668992","2563673343","2563673600","2563678975","2563679232","2563681279","2563682304","2563684351","2563684864","2563685119","2563688448","2563690495","2563692032","2563692287","2563692544","2563693823","2563694848","2563695615","2563696640","2563697151","2563697920","2563698175","2563698944","2563699199","2563699456","2563703295","2563703808","2563709439","2563709696","2563714047","2563714304","2563717119","2563717632","2563717887","2563718144","2563718655","2563718912","2563719167","2563719680","2563720191","2563720448","2563723519","2563723776","2563724031","2563724288","2563725311","2563725568","2563730431","2563730688","2563730943","2563731456","2563731711","2563731968","2563732223","2563732480","2563733503","2563735552","2563736575","2563737088","2563737343","2563737600","2563739647","2563741440","2563745023","2563745280","2563745535","2563745792","2563747839","2563748352","2563748863","2563749888","2563750655","2563750912","2563752447","2563752960","2563756543","2563757056","2563757311","2563757568","2563757823","2563758336","2563760127","2563760384","2563761919","2563762176","2563764223","2563765248","2563765759","2563766272","2563766527","2563766784","2563768319","2845704192","2845769727","3051479040","3051480319","3051480576","3051485439","3051485696","3051486463","3051486720","3051486975","3188080640","3188084735","3188084992","3188088831","3188690944","3188695039","3193729024","3193729791","3193730048","3193733119","3194683392","3194687487","3355447296","3355447551","3355449344","3355450367","3355773952","3355774975","3356332032","3356334079","3356372992","3356375039","3359080448","3359085567","3359085824","3359091199","3359091456","3359096831","3386687488","3386695679"],"ip2locationv6":["281471642922496","281471642923007","281471979581952","281471979582207","281473245380608","281473245389055","281473245389312","281473245389567","281473245389824","281473245395455","281473245395968","281473245402367","281473245402624","281473245405183","281473245405440","281473245405695","281473245406208","281473245411071","281473245411584","281473245412095","281473245412352","281473245416703","281473245416960","281473245422335","281473245422592","281473245424639","281473245425664","281473245427711","281473245428224","281473245428479","281473245431808","281473245433855","281473245435392","281473245435647","281473245435904","281473245437183","281473245438208","281473245438975","281473245440000","281473245440511","281473245441280","281473245441535","281473245442304","281473245442559","281473245442816","281473245446655","281473245447168","281473245452799","281473245453056","281473245457407","281473245457664","281473245460479","281473245460992","281473245461247","281473245461504","281473245462015","281473245462272","281473245462527","281473245463040","281473245463551","281473245463808","281473245466879","281473245467136","281473245467391","281473245467648","281473245468671","281473245468928","281473245473791","281473245474048","281473245474303","281473245474816","281473245475071","281473245475328","281473245475583","281473245475840","281473245476863","281473245478912","281473245479935","281473245480448","281473245480703","281473245480960","281473245483007","281473245484800","281473245488383","281473245488640","281473245488895","281473245489152","281473245491199","281473245491712","281473245492223","281473245493248","281473245494015","281473245494272","281473245495807","281473245496320","281473245499903","281473245500416","281473245500671","281473245500928","281473245501183","281473245501696","281473245503487","281473245503744","281473245505279","281473245505536","281473245507583","281473245508608","281473245509119","281473245509632","281473245509887","281473245510144","281473245511679","281473527447552","281473527513087","281473733222400","281473733223679","281473733223936","281473733228799","281473733229056","281473733229823","281473733230080","281473733230335","281473869824000","281473869828095","281473869828352","281473869832191","281473870434304","281473870438399","281473875472384","281473875473151","281473875473408","281473875476479","281473876426752","281473876430847","281474037190656","281474037190911","281474037192704","281474037193727","281474037517312","281474037518335","281474038075392","281474038077439","281474038116352","281474038118399","281474040823808","281474040828927","281474040829184","281474040834559","281474040834816","281474040840191","281474068430848","281474068439039","42540578165174505715311504313699794944","42540578165174505733758248387409346559","42540578165174516063934929664758251520","42540578165174516082381673738467803135","42540578165174516119275161885886906368","42540578165174516137721905959596457983","42540578165174521136789549934884945920","42540578165174521155236294008594497535","42540578165174521247470014377142255616","42540578165174521265916758450851807231","42540578165178134171424058908793110528","42540578165178134189870802982502662143","42540578165216851157116652348621455360","42540578165216851175563396422331006975","42540578165318368644162152207581446144","42540578165318368662608896281290997759","42540578174770990120196891566497857536","42540578174770990138643635640207409151","42540578174780651528618520649318531072","42540578174780651547065264723028082687","42540578174785510880622881661662527488","42540578174785510899069625735372079103","42540578174790303381626719550591467520","42540578174790303400073463624301019135","42540578174802389983491719228163096576","42540578174802390001938463301872648191","42540578232271095508367469662468833280","42540578232272304434187084291643539455","42540578232570909111631897697795964928","42540578232573326963271126956145377279","42540878598360713055206017409887502336","42540878677588875569470355003431452671","42540880499836613397550119654942310400","42540880499858374062303182980087021567","42540880499859582988122797609261727744","42540880579064775911814457248486260735","42540889373390814995155930131864748032","42540889452618977509420267725408698367","50512955747171135984337584893024272384","50512955747172344910157199522198978559","50543536567290851217887489578634313728","50543536567300522624444406612031963135","50551957558131806724465107975677760338","50551957558131806724465107975677760338","53169164199167642904181334795825971200","53169164278395805418445672389369921535","53169188284529047240539963233186873344","53169188363757209754804300826730823679","55836958051681966787666850603952242688","55836958061585487101949892803145236479","55836958071489007416232935002338230272","55836958101199568359082061599917211647","55878094322271020134656902776380981248","55878094322271020153103646850090532863","55878094322309705760884570909971578880","55878094322309705779331314983681130495","55878094322348391387112239043562176512","55878094322348391405558983117271728127","55878094322387077013339907177152774144","55878094322387077031786651250862325759","55878094405242016691300227115462426624","55878094405251688097857144148860076031","55878094484470179205564564709006376960","55878094484479850612121481742404026367","55878094552082982444971545191973388288","55878094552092653851528462225371037695","55878094557034742602113066291569885184","55878094557044414008669983324967534591","55878094642994204079991659129877823488","55878094643003875486548576163275472895","55878094722222366594255996723421773824","55878094722232038000812913756819423231"]},"santiagodelasvegas":{"name":"Santiago de las Vegas","latitude":"22.970000","longitude":"-82.386940","postcode":"10800","gmtOffset":14400,"gmtOffsetName":"UTC-04:00","ip2locationv4":["2563652096","2563652351","2563686400","2563686655","2563764736","2563764991"],"ip2locationv6":["281473245395456","281473245395711","281473245429760","281473245430015","281473245508096","281473245508351"]}}},"matanzas":{"name":"Matanzas","cities":{"varadero":{"name":"Varadero","latitude":"23.153610","longitude":"-81.251390","postcode":"42200","gmtOffset":14400,"gmtOffsetName":"UTC-04:00","ip2locationv4":["2563645696","2563645951","2563694080","2563694335","2563749120","2563749375","3188084736","3188084991"],"ip2locationv6":["281473245389056","281473245389311","281473245437440","281473245437695","281473245492480","281473245492735","281473869828096","281473869828351"]},"cardenas":{"name":"Cardenas","latitude":"23.037500","longitude":"-81.204720","postcode":"42110","gmtOffset":14400,"gmtOffsetName":"UTC-04:00","ip2locationv4":["2563687424","2563687679"],"ip2locationv6":["281473245430784","281473245431039"]},"matanzas":{"name":"Matanzas","latitude":"23.041110","longitude":"-81.577500","postcode":"40100","gmtOffset":14400,"gmtOffsetName":"UTC-04:00","ip2locationv4":["2563718656","2563718911","2563719168","2563719679","2563720192","2563720447","2563723520","2563723775","2563724032","2563724287","2563725312","2563725567","2563733504","2563735551","2563750656","2563750911","3051485440","3051485695","3359091200","3359091455"],"ip2locationv6":["281473245462016","281473245462271","281473245462528","281473245463039","281473245463552","281473245463807","281473245466880","281473245467135","281473245467392","281473245467647","281473245468672","281473245468927","281473245476864","281473245478911","281473245494016","281473245494271","281473733228800","281473733229055","281474040834560","281474040834815"]},"colon":{"name":"Colon","latitude":"22.719170","longitude":"-80.905830","postcode":"42400","gmtOffset":14400,"gmtOffsetName":"UTC-04:00","ip2locationv4":["2563736832","2563737087"],"ip2locationv6":["281473245480192","281473245480447"]},"jovellanos":{"name":"Jovellanos","latitude":"22.804440","longitude":"-81.194440","postcode":"42600","gmtOffset":14400,"gmtOffsetName":"UTC-04:00","ip2locationv4":["2563739648","2563739903"],"ip2locationv6":["281473245483008","281473245483263"]},"jagueygrande":{"name":"Jaguey Grande","latitude":"22.526940","longitude":"-81.128610","postcode":"43100","gmtOffset":14400,"gmtOffsetName":"UTC-04:00","ip2locationv4":["2563752448","2563752959"],"ip2locationv6":["281473245495808","281473245496319"]}}},"ciegodeavila":{"name":"Ciego de Avila","cities":{"ciegodeavila":{"name":"Ciego de Avila","latitude":"21.840000","longitude":"-78.761940","postcode":"67800","gmtOffset":14400,"gmtOffsetName":"UTC-04:00","ip2locationv4":["2563646208","2563646463","2563662592","2563662847","2563667968","2563668223","2563668736","2563668991","2563681280","2563681535","2563688192","2563688447","2563696128","2563696383","2563698688","2563698943","2563717888","2563718143","2563730944","2563731199","2563740160","2563740415","2563740928","2563741183","2563764480","2563764735"],"ip2locationv6":["281473245389568","281473245389823","281473245405952","281473245406207","281473245411328","281473245411583","281473245412096","281473245412351","281473245424640","281473245424895","281473245431552","281473245431807","281473245439488","281473245439743","281473245442048","281473245442303","281473245461248","281473245461503","281473245474304","281473245474559","281473245483520","281473245483775","281473245484288","281473245484543","281473245507840","281473245508095","53169303640733668009415499433178562560","53169303719961830523679837026722512895"]},"chambas":{"name":"Chambas","latitude":"22.192780","longitude":"-78.913610","postcode":"67100","gmtOffset":14400,"gmtOffsetName":"UTC-04:00","ip2locationv4":["2563694336","2563694591"],"ip2locationv6":["281473245437696","281473245437951"]},"moron":{"name":"Moron","latitude":"22.109440","longitude":"-78.627500","postcode":"67210","gmtOffset":14400,"gmtOffsetName":"UTC-04:00","ip2locationv4":["2563703296","2563703551","2563766016","2563766271"],"ip2locationv6":["281473245446656","281473245446911","281473245509376","281473245509631","42540880499858374062303182980087021568","42540880499859582988122797609261727743"]}}},"cienfuegos":{"name":"Cienfuegos","cities":{"cumanayagua":{"name":"Cumanayagua","latitude":"22.149440","longitude":"-80.202220","postcode":"57600","gmtOffset":14400,"gmtOffsetName":"UTC-04:00","ip2locationv4":["2563652352","2563652607"],"ip2locationv6":["281473245395712","281473245395967"]},"cruces":{"name":"Cruces","latitude":"22.341110","longitude":"-80.266670","postcode":"57500","gmtOffset":14400,"gmtOffsetName":"UTC-04:00","ip2locationv4":["2563661824","2563662079"],"ip2locationv6":["281473245405184","281473245405439"]},"cienfuegos":{"name":"Cienfuegos","latitude":"22.146110","longitude":"-80.435560","postcode":"55100","gmtOffset":14400,"gmtOffsetName":"UTC-04:00","ip2locationv4":["2563673344","2563673599","2563681792","2563682047","2563687680","2563687935","2563690752","2563691007","2563695616","2563695871","2563717376","2563717631","2563748864","2563749119","2563756544","2563756799"],"ip2locationv6":["281473245416704","281473245416959","281473245425152","281473245425407","281473245431040","281473245431295","281473245434112","281473245434367","281473245438976","281473245439231","281473245460736","281473245460991","281473245492224","281473245492479","281473245499904","281473245500159"]},"palmira":{"name":"Palmira","latitude":"22.241670","longitude":"-80.390280","postcode":"57300","gmtOffset":14400,"gmtOffsetName":"UTC-04:00","ip2locationv4":["2563685632","2563685887"],"ip2locationv6":["281473245428992","281473245429247"]}}},"holguin":{"name":"Holguin","cities":{"holguin":{"name":"Holguin","latitude":"20.887220","longitude":"-76.263060","postcode":"80100","gmtOffset":14400,"gmtOffsetName":"UTC-04:00","ip2locationv4":["2563659008","2563659263","2563667712","2563667967","2563685376","2563685631","2563691008","2563691263","2563697152","2563697407","2563731200","2563731455","2563745536","2563745791","2563747840","2563748095","2563758080","2563758335","3051486464","3051486719","3051486976","3051487231","3359085568","3359085823"],"ip2locationv6":["281473245402368","281473245402623","281473245411072","281473245411327","281473245428736","281473245428991","281473245434368","281473245434623","281473245440512","281473245440767","281473245474560","281473245474815","281473245488896","281473245489151","281473245491200","281473245491455","281473245501440","281473245501695","281473733229824","281473733230079","281473733230336","281473733230591","281474040828928","281474040829183","50543536567300522624444406612031963136","50543536567310194031001323645429612543","55878094322271019839508997597028155392","55878094322271019857955741670737707007","55878094322309705465736665730618753024","55878094322309705484183409804328304639","55878094322348391091964333864209350656","55878094322348391110411077937918902271","55878094322387076718192001997799948288","55878094322387076736638746071509499903","55878094405251688097857144148860076032","55878094405261359504414061182257725439","55878094484479850612121481742404026368","55878094484489522018678398775801675775","55878094643003875486548576163275472896","55878094643013546893105493196673122303","55878094722232038000812913756819423232","55878094722241709407369830790217072639"]},"jobabo":{"name":"Jobabo","latitude":"20.969170","longitude":"-76.299440","postcode":"82100","gmtOffset":14400,"gmtOffsetName":"UTC-04:00","ip2locationv4":["2563678976","2563679231"],"ip2locationv6":["281473245422336","281473245422591"]}}},"villaclara":{"name":"Villa Clara","cities":{"santaclara":{"name":"Santa Clara","latitude":"22.400000","longitude":"-79.966670","postcode":"50100","gmtOffset":14400,"gmtOffsetName":"UTC-04:00","ip2locationv4":["2563662336","2563662591","2563684352","2563684607","2563686144","2563686399","2563692288","2563692543","2563698176","2563698431","2563740416","2563740671","2563749632","2563749887"],"ip2locationv6":["281473245405696","281473245405951","281473245427712","281473245427967","281473245429504","281473245429759","281473245435648","281473245435903","281473245441536","281473245441791","281473245483776","281473245484031","281473245492992","281473245493247"]},"manicaragua":{"name":"Manicaragua","latitude":"22.149440","longitude":"-79.973610","postcode":"53200","gmtOffset":14400,"gmtOffsetName":"UTC-04:00","ip2locationv4":["2563686656","2563686911"],"ip2locationv6":["281473245430016","281473245430271"]},"caibarien":{"name":"Caibarien","latitude":"22.520560","longitude":"-79.466940","postcode":"52610","gmtOffset":14400,"gmtOffsetName":"UTC-04:00","ip2locationv4":["2563695872","2563696127","2563756800","2563757055"],"ip2locationv6":["281473245439232","281473245439487","281473245500160","281473245500415"]}}},"granma":{"name":"Granma","cities":{"jiguani":{"name":"Jiguani","latitude":"20.366670","longitude":"-76.427220","postcode":"87300","gmtOffset":14400,"gmtOffsetName":"UTC-04:00","ip2locationv4":["2563681536","2563681791","2563697664","2563697919"],"ip2locationv6":["281473245424896","281473245425151","281473245441024","281473245441279"]},"bayamo":{"name":"Bayamo","latitude":"20.379170","longitude":"-76.643330","postcode":"85100","gmtOffset":14400,"gmtOffsetName":"UTC-04:00","ip2locationv4":["2563686912","2563687423","2563731712","2563731967","2563732224","2563732479","2563748096","2563748351","2563757312","2563757567"],"ip2locationv6":["281473245430272","281473245430783","281473245475072","281473245475327","281473245475584","281473245475839","281473245491456","281473245491711","281473245500672","281473245500927"]},"manzanillo":{"name":"Manzanillo","latitude":"20.343330","longitude":"-77.116670","postcode":"87510","gmtOffset":14400,"gmtOffsetName":"UTC-04:00","ip2locationv4":["2563691520","2563691775","2563745024","2563745279","2563764224","2563764479"],"ip2locationv6":["281473245434880","281473245435135","281473245488384","281473245488639","281473245507584","281473245507839"]},"yara":{"name":"Yara","latitude":"20.275280","longitude":"-76.953330","postcode":"87400","gmtOffset":14400,"gmtOffsetName":"UTC-04:00","ip2locationv6":["47875978832314869034063526513726300770","47875978832314869034063526513726300770"]}}},"lastunas":{"name":"Las Tunas","cities":{"colombia":{"name":"Colombia","latitude":"20.988060","longitude":"-77.429720","postcode":"74350","gmtOffset":14400,"gmtOffsetName":"UTC-04:00","ip2locationv4":["2563682048","2563682303","2563684608","2563684863","2563687936","2563688191","2563691264","2563691519","2563697408","2563697663","2563699200","2563699455","2563737344","2563737599"],"ip2locationv6":["281473245425408","281473245425663","281473245427968","281473245428223","281473245431296","281473245431551","281473245434624","281473245434879","281473245440768","281473245441023","281473245442560","281473245442815","281473245480704","281473245480959"]},"puertopadre":{"name":"Puerto Padre","latitude":"21.195000","longitude":"-76.602780","postcode":"77200","gmtOffset":14400,"gmtOffsetName":"UTC-04:00","ip2locationv4":["2563685120","2563685375","2563698432","2563698687","2563749376","2563749631"],"ip2locationv6":["281473245428480","281473245428735","281473245441792","281473245442047","281473245492736","281473245492991"]}}},"camaguey":{"name":"Camaguey","cities":{"guaimaro":{"name":"Guaimaro","latitude":"21.050000","longitude":"-77.350000","postcode":"72600","gmtOffset":14400,"gmtOffsetName":"UTC-04:00","ip2locationv4":["2563685888","2563686143"],"ip2locationv6":["281473245429248","281473245429503"]},"nuevitas":{"name":"Nuevitas","latitude":"21.545280","longitude":"-77.264440","postcode":"74270","gmtOffset":14400,"gmtOffsetName":"UTC-04:00","ip2locationv4":["2563714048","2563714303","2563757824","2563758079"],"ip2locationv6":["281473245457408","281473245457663","281473245501184","281473245501439"]},"camaguey":{"name":"Camaguey","latitude":"21.380830","longitude":"-77.916940","postcode":"74420","gmtOffset":14400,"gmtOffsetName":"UTC-04:00","ip2locationv4":["2563766528","2563766783"],"ip2locationv6":["281473245509888","281473245510143"]}}},"sanctispiritus":{"name":"Sancti Spiritus","cities":{"yaguajay":{"name":"Yaguajay","latitude":"22.327220","longitude":"-79.237780","postcode":"62100","gmtOffset":14400,"gmtOffsetName":"UTC-04:00","ip2locationv4":["2563690496","2563690751","2563691776","2563692031","2563694592","2563694847","2563717120","2563717375","2563740672","2563740927","2563741184","2563741439"],"ip2locationv6":["281473245433856","281473245434111","281473245435136","281473245435391","281473245437952","281473245438207","281473245460480","281473245460735","281473245484032","281473245484287","281473245484544","281473245484799"]},"trinidad":{"name":"Trinidad","latitude":"21.801940","longitude":"-79.984170","postcode":"62600","gmtOffset":14400,"gmtOffsetName":"UTC-04:00","ip2locationv4":["2563703552","2563703807","3051480320","3051480575"],"ip2locationv6":["281473245446912","281473245447167","281473733223680","281473733223935"]},"cabaiguan":{"name":"Cabaiguan","latitude":"22.078890","longitude":"-79.499170","postcode":"62410","gmtOffset":14400,"gmtOffsetName":"UTC-04:00","ip2locationv4":["2563736576","2563736831"],"ip2locationv6":["281473245479936","281473245480191"]},"sanctispiritus":{"name":"Sancti Spiritus","latitude":"21.929720","longitude":"-79.442500","postcode":"60100","gmtOffset":14400,"gmtOffsetName":"UTC-04:00","ip2locationv4":["2563739904","2563740159"],"ip2locationv6":["281473245483264","281473245483519"]}}},"pinardelrio":{"name":"Pinar del Rio","cities":{"vinales":{"name":"Vinales","latitude":"22.616390","longitude":"-83.707780","postcode":"22400","gmtOffset":14400,"gmtOffsetName":"UTC-04:00","ip2locationv4":["2563693824","2563694079"],"ip2locationv6":["281473245437184","281473245437439"]},"pinardelrio":{"name":"Pinar del Rio","latitude":"22.417500","longitude":"-83.698060","postcode":"20100","gmtOffset":14400,"gmtOffsetName":"UTC-04:00","ip2locationv4":["2563709440","2563709695","2563765760","2563766015"],"ip2locationv6":["281473245452800","281473245453055","281473245509120","281473245509375"]}}},"artemisa":{"name":"Artemisa","cities":{"guanajay":{"name":"Guanajay","latitude":"22.926390","longitude":"-82.687500","postcode":"32200","gmtOffset":14400,"gmtOffsetName":"UTC-04:00","ip2locationv4":["2563696384","2563696639"],"ip2locationv6":["281473245439744","281473245439999"]},"guirademelena":{"name":"Guira de Melena","latitude":"22.790560","longitude":"-82.505280","postcode":"33600","gmtOffset":14400,"gmtOffsetName":"UTC-04:00","ip2locationv4":["3193729792","3193730047"],"ip2locationv6":["281473875473152","281473875473407"]},"artemisa":{"name":"Artemisa","latitude":"22.813060","longitude":"-82.761940","postcode":"33800","gmtOffset":14400,"gmtOffsetName":"UTC-04:00","ip2locationv6":["53185224065567314425641256911902867458","53185224065567314425641256911902867458"]}}},"mayabeque":{"name":"Mayabeque","cities":{"quivican":{"name":"Quivican","latitude":"22.823060","longitude":"-82.355000","postcode":"33500","gmtOffset":14400,"gmtOffsetName":"UTC-04:00","ip2locationv4":["2563760128","2563760383","2563761920","2563762175"],"ip2locationv6":["281473245503488","281473245503743","281473245505280","281473245505535"]}}},"guantanamo":{"name":"Guantanamo","cities":{"guantanamo":{"name":"Guantanamo","latitude":"20.144440","longitude":"-75.209170","postcode":"97100","gmtOffset":14400,"gmtOffsetName":"UTC-04:00","ip2locationv4":["2563764992","2563765247"],"ip2locationv6":["281473245508352","281473245508607","55881451175260392815040491226560200704","55881451175569877824861836295284981759"]}}},"santiagodecuba":{"name":"Santiago de Cuba","cities":{"santiagodecuba":{"name":"Santiago de Cuba","latitude":"20.024720","longitude":"-75.821940","postcode":"92300","gmtOffset":14400,"gmtOffsetName":"UTC-04:00","ip2locationv6":["50543536567310194031001323645429612544","50543536567319865437558240678827261951","55878094322271019987082950186704568320","55878094322271020005529694260414119935","55878094322309705613310618320295165952","55878094322309705631757362394004717567","55878094322348391239538286453885763584","55878094322348391257985030527595315199","55878094322387076865765954587476361216","55878094322387076884212698661185912831","55878094405261359504414061182257725440","55878094405271030910970978215655374847","55878094484489522018678398775801675776","55878094484499193425235315809199325183","55878094643013546893105493196673122304","55878094643023218299662410230070771711","55878094722241709407369830790217072640","55878094722251380813926747823614722047"]}}}}}