{"id":36,"name":"Burundi","iso3":"BDI","iso2":"BI","numeric_code":"108","phone_code":"257","capital":"Bujumbura","currency":"BIF","currency_name":"Burundian franc","currency_symbol":"FBu","tld":".bi","native":"Burundi","region":"Africa","region_id":"1","subregion":"Eastern Africa","subregion_id":"4","nationality":"Burundian","timezones":[{"zoneName":"Africa/Bujumbura","gmtOffset":7200,"gmtOffsetName":"UTC+02:00","abbreviation":"CAT","tzName":"Central Africa Time"}],"translations":{"kr":"\ubd80\ub8ec\ub514","pt-BR":"Burundi","pt":"Bur\u00fandi","nl":"Burundi","hr":"Burundi","fa":"\u0628\u0648\u0631\u0648\u0646\u062f\u06cc","de":"Burundi","es":"Burundi","fr":"Burundi","ja":"\u30d6\u30eb\u30f3\u30b8","it":"Burundi","cn":"\u5e03\u9686\u8fea","tr":"Burundi"},"latitude":"-3.50000000","longitude":"30.00000000","emoji":"\ud83c\udde7\ud83c\uddee","emojiU":"U+1F1E7 U+1F1EE","states":{"bubanzaprovince":{"id":3196,"name":"Bubanza Province","state_code":"BB","latitude":"-3.15724030","longitude":"29.37149090","type":null,"cities":{"bubanza":{"id":9762,"name":"Bubanza","latitude":"-3.08040000","longitude":"29.39100000"}}},"bujumburamairieprovince":{"id":3198,"name":"Bujumbura Mairie Province","state_code":"BM","latitude":"-3.38841410","longitude":"29.34826460","type":null,"cities":{"bujumbura":{"id":9763,"name":"Bujumbura","latitude":"-3.38193000","longitude":"29.36142000"}}},"bujumburaruralprovince":{"id":3200,"name":"Bujumbura Rural Province","state_code":"BL","latitude":"-3.50901440","longitude":"29.46435900","type":null},"bururiprovince":{"id":3202,"name":"Bururi Province","state_code":"BR","latitude":"-3.90068510","longitude":"29.51077080","type":null,"cities":{"bururi":{"id":9764,"name":"Bururi","latitude":"-3.94877000","longitude":"29.62438000"}}},"cankuzoprovince":{"id":3201,"name":"Cankuzo Province","state_code":"CA","latitude":"-3.15277880","longitude":"30.61998950","type":null,"cities":{"cankuzo":{"id":9765,"name":"Cankuzo","latitude":"-3.21860000","longitude":"30.55280000"}}},"cibitokeprovince":{"id":3190,"name":"Cibitoke Province","state_code":"CI","latitude":"-2.81028970","longitude":"29.18557850","type":null,"cities":{"cibitoke":{"id":9766,"name":"Cibitoke","latitude":"-2.88690000","longitude":"29.12480000"}}},"gitegaprovince":{"id":3197,"name":"Gitega Province","state_code":"GI","latitude":"-3.49290510","longitude":"29.92779470","type":null,"cities":{"gitega":{"id":9767,"name":"Gitega","latitude":"-3.42708000","longitude":"29.92463000"}}},"karuziprovince":{"id":3194,"name":"Karuzi Province","state_code":"KR","latitude":"-3.13403470","longitude":"30.11273500","type":null,"cities":{"karuzi":{"id":9768,"name":"Karuzi","latitude":"-3.10139000","longitude":"30.16278000"}}},"kayanzaprovince":{"id":3192,"name":"Kayanza Province","state_code":"KY","latitude":"-3.00779810","longitude":"29.64991620","type":null,"cities":{"kayanza":{"id":9769,"name":"Kayanza","latitude":"-2.92210000","longitude":"29.62930000"}}},"kirundoprovince":{"id":3195,"name":"Kirundo Province","state_code":"KI","latitude":"-2.57628820","longitude":"30.11273500","type":null,"cities":{"kirundo":{"id":9770,"name":"Kirundo","latitude":"-2.58450000","longitude":"30.09590000"}}},"makambaprovince":{"id":3188,"name":"Makamba Province","state_code":"MA","latitude":"-4.32570620","longitude":"29.69626770","type":null,"cities":{"makamba":{"id":9771,"name":"Makamba","latitude":"-4.13480000","longitude":"29.80400000"}}},"muramvyaprovince":{"id":3193,"name":"Muramvya Province","state_code":"MU","latitude":"-3.28983980","longitude":"29.64991620","type":null,"cities":{"muramvya":{"id":9772,"name":"Muramvya","latitude":"-3.26820000","longitude":"29.60790000"}}},"muyingaprovince":{"id":3186,"name":"Muyinga Province","state_code":"MY","latitude":"-2.77935110","longitude":"30.29741990","type":null,"cities":{"muyinga":{"id":9773,"name":"Muyinga","latitude":"-2.84510000","longitude":"30.34140000"}}},"mwaroprovince":{"id":3187,"name":"Mwaro Province","state_code":"MW","latitude":"-3.50259180","longitude":"29.64991620","type":null,"cities":{"mwaro":{"id":9774,"name":"Mwaro","latitude":"-3.51128000","longitude":"29.70334000"}}},"ngoziprovince":{"id":3199,"name":"Ngozi Province","state_code":"NG","latitude":"-2.89582430","longitude":"29.88152030","type":null,"cities":{"ngozi":{"id":9775,"name":"Ngozi","latitude":"-2.90750000","longitude":"29.83060000"}}},"rumongeprovince":{"id":3185,"name":"Rumonge Province","state_code":"RM","latitude":"-3.97540490","longitude":"29.43880140","type":null,"cities":{"rumonge":{"id":9776,"name":"Rumonge","latitude":"-3.97360000","longitude":"29.43860000"}}},"rutanaprovince":{"id":3189,"name":"Rutana Province","state_code":"RT","latitude":"-3.87915230","longitude":"30.06652360","type":null,"cities":{"rutana":{"id":9777,"name":"Rutana","latitude":"-3.92790000","longitude":"29.99200000"}}},"ruyigiprovince":{"id":3191,"name":"Ruyigi Province","state_code":"RY","latitude":"-3.44620700","longitude":"30.25127280","type":null,"cities":{"ruyigi":{"id":9778,"name":"Ruyigi","latitude":"-3.47639000","longitude":"30.24861000"}}},"bujumburamairie":{"name":"Bujumbura Mairie","cities":{"bujumbura":{"name":"Bujumbura","latitude":"-3.382200","longitude":"29.364400","postcode":"-","gmtOffset":7200,"gmtOffsetName":"UTC+02:00","ip2locationv4":["34736896","34737151","693054464","693055487","693100544","693101567","701460480","701460735","961707008","961707519","1389267968","1389268223","1720082432","1720086527","2588485888","2588486655","2588502272","2588502783","2591409408","2591410175","2591410688","2591410943","2591411200","2591415039","2591415296","2591423487","2591423744","2591424511","2591490048","2591494143","2591494400","2591495167","2591495424","2591496191","2591496448","2591498239","3288467456","3288469503","3289243392","3289243647","3291546368","3291546623","3302949632","3302949887","3302958080","3302958335","3315449856","3315450879"],"ip2locationv6":["281470716480256","281470716480511","281471374797824","281471374798847","281471374843904","281471374844927","281471383203840","281471383204095","281471643450368","281471643450879","281472071011328","281472071011583","281472401825792","281472401829887","281473270229248","281473270230015","281473270245632","281473270246143","281473273152768","281473273153535","281473273154048","281473273154303","281473273154560","281473273158399","281473273158656","281473273166847","281473273167104","281473273167871","281473273233408","281473273237503","281473273237760","281473273238527","281473273238784","281473273239551","281473273239808","281473273241599","281473970210816","281473970212863","281473970986752","281473970987007","281473973289728","281473973289983","281473984692992","281473984693247","281473984701440","281473984701695","281473997193216","281473997194239","42540578174770963575332169498453082112","42540578174770963593778913572162633727","42540578174775809221405683744600227840","42540578174775809239852427818309779455","42540578174775863085898378976490946560","42540578174775863104345123050200498175","42541866734963041366441096309716811776","42541866734965459218080325568066224127","50543536556749018070847923175196459008","50543536556758689477404840208594108415","55838750787316416797697333512888123392","55838750787316416816144077586597675007","55838750787317025392677813338415038464","55838750787317025411124557412124590079","55838750787317625723516948142062829568","55838750787317625741963692215772381183","55838750787321252500975792029586948096","55838750787321252519422536103296499711","55838750787321861095956271855113863168","55838750787321861114403015928823414783","55838750787322461426795406658761654272","55838750787322461445242150732471205887","55838750787326088204254250546285772800","55838750787326088222700994619995324415","55838750787326696799234730371812687872","55838750787326696817681474445522239487","55838750787327297130073865175460478976","55838750787327297148520609249170030591","55838750787330923907532709062984597504","55838750787330923925979453136694149119","55838750787331532502513188888511512576","55838750787331532520959932962221064191","55838750787332132833352323692159303680","55838750787332132851799067765868855295","55849932188204432838575042935090315264","55849932188204432857021787008799866879","55849932188204522471304497089801617408","55849932188204527193670979959446831103","55849932188240700539376505515493294080","55849932188240700557823249589202845695","55849932188240780801159970225752375296","55849932188240785523526453095397588991","55849932188303564903357395117092634624","55849932188303564921804139190802186239","55849932188303678000345311030353592320","55849932188303682722711793899998806015","55849932208008375502494644477668360192","55849932208008451060358370391991779327","55849932208027718315608478544463659008","55849932208027793873472204458787078143","55849932208047061128722312611258957824","55849932208047136686586038525582376959","55849932208066403941836146678054256640","55849932208066479499699872592377675775","55849932208085746754949980744849555456","55849932208085822312813706659172974591","55849932208105089568063814811644854272","55849932208105165125927540725968273407","55849932208124432381177648878440153088","55849932208124507939041374792763572223","55849932208143775194291482945235451904","55849932208143850752155208859558871039","55878094318092972206920839169243611136","55878094318092972225367583242953162751","55878094318131657833148507302834208768","55878094318131657851595251376543760383","55878094318170343459376175436424806400","55878094318170343477822919510134358015","55878094318209029085603843570015404032","55878094318209029104050587643724955647","55878094394700183544260660712024571904","55878094394709854950817577745422221311","55878094473928346058524998305568522240","55878094473938017465081915338966171647","55878094551821854467934785290236854272","55878094551831525874491702323634503679","55878094556773614625076306389833351168","55878094556783286031633223423231000575","55878094632413685306724424592849371136","55878094632423356713281341626247020543","55878094711641847820988762186393321472","55878094711651519227545679219790970879","58568682639860879161171997075821297664","58568682640170364170993342144546078719","58568772636863795169032601967253258240","58568772716091957683296939560797208575","58568773270693930986425761232303685632","58568773270695139912245375861478391807","58568919050508121529528474836473479168","58568919129736284043792812430017429503","58568936797616524724740095790318354432","58568936876844687239004433383862304767","58568967221230930202245731711195283456","58568967300459092716510069304739233791","58569057224423546406533237977122865152","58569057303651708920797575570666815487"]}}},"rumonge":{"name":"Rumonge","cities":{"rumonge":{"name":"Rumonge","latitude":"-3.973600","longitude":"29.438600","postcode":"-","gmtOffset":7200,"gmtOffsetName":"UTC+02:00","ip2locationv4":["2588485632","2588485887"],"ip2locationv6":["281473270228992","281473270229247"]}}},"gitega":{"name":"Gitega","cities":{"gitega":{"name":"Gitega","latitude":"-3.426000","longitude":"29.930800","postcode":"-","gmtOffset":7200,"gmtOffsetName":"UTC+02:00","ip2locationv4":["2588502016","2588502271","2588502784","2588503039","2591408384","2591408639","2591408896","2591409151","2591410176","2591410431","2591410944","2591411199","2591415040","2591415295","2591423488","2591423743","2591496192","2591496447"],"ip2locationv6":["281473270245376","281473270245631","281473270246144","281473270246399","281473273151744","281473273151999","281473273152256","281473273152511","281473273153536","281473273153791","281473273154304","281473273154559","281473273158400","281473273158655","281473273166848","281473273167103","281473273239552","281473273239807"]}}},"rutana":{"name":"Rutana","cities":{"rutana":{"name":"Rutana","latitude":"-3.927900","longitude":"29.992000","postcode":"-","gmtOffset":7200,"gmtOffsetName":"UTC+02:00","ip2locationv4":["2591408128","2591408383","2591409152","2591409407"],"ip2locationv6":["281473273151488","281473273151743","281473273152512","281473273152767"]}}},"cibitoke":{"name":"Cibitoke","cities":{"cibitoke":{"name":"Cibitoke","latitude":"-2.886900","longitude":"29.124800","postcode":"-","gmtOffset":7200,"gmtOffsetName":"UTC+02:00","ip2locationv4":["2591408640","2591408895"],"ip2locationv6":["281473273152000","281473273152255"]}}},"ngozi":{"name":"Ngozi","cities":{"ngozi":{"name":"Ngozi","latitude":"-2.907500","longitude":"29.830600","postcode":"-","gmtOffset":7200,"gmtOffsetName":"UTC+02:00","ip2locationv4":["2591410432","2591410687","2591495168","2591495423"],"ip2locationv6":["281473273153792","281473273154047","281473273238528","281473273238783"]}}},"mwaro":{"name":"Mwaro","cities":{"mwaro":{"name":"Mwaro","latitude":"-3.527200","longitude":"29.703400","postcode":"-","gmtOffset":7200,"gmtOffsetName":"UTC+02:00","ip2locationv4":["2591494144","2591494399"],"ip2locationv6":["281473273237504","281473273237759"]}}}}}