{"id":143,"name":"Micronesia","iso3":"FSM","iso2":"FM","numeric_code":"583","phone_code":"691","capital":"Palikir","currency":"USD","currency_name":"United States dollar","currency_symbol":"$","tld":".fm","native":"Micronesia","region":"Oceania","region_id":"5","subregion":"Micronesia","subregion_id":"21","nationality":"Micronesian","timezones":[{"zoneName":"Pacific/Chuuk","gmtOffset":36000,"gmtOffsetName":"UTC+10:00","abbreviation":"CHUT","tzName":"Chuuk Time"},{"zoneName":"Pacific/Kosrae","gmtOffset":39600,"gmtOffsetName":"UTC+11:00","abbreviation":"KOST","tzName":"Kosrae Time"},{"zoneName":"Pacific/Pohnpei","gmtOffset":39600,"gmtOffsetName":"UTC+11:00","abbreviation":"PONT","tzName":"Pohnpei Standard Time"}],"translations":{"kr":"\ubbf8\ud06c\ub85c\ub124\uc2dc\uc544 \uc5f0\ubc29","pt-BR":"Micron\u00e9sia","pt":"Micron\u00e9sia","nl":"Micronesi\u00eb","hr":"Mikronezija","fa":"\u0627\u06cc\u0627\u0644\u0627\u062a \u0641\u062f\u0631\u0627\u0644 \u0645\u06cc\u06a9\u0631\u0648\u0646\u0632\u06cc","de":"Mikronesien","es":"Micronesia","fr":"Micron\u00e9sie","ja":"\u30df\u30af\u30ed\u30cd\u30b7\u30a2\u9023\u90a6","it":"Micronesia","cn":"\u5bc6\u514b\u7f57\u5c3c\u897f\u4e9a","tr":"Mikronezya"},"latitude":"6.91666666","longitude":"158.25000000","emoji":"\ud83c\uddeb\ud83c\uddf2","emojiU":"U+1F1EB U+1F1F2","states":{"chuukstate":{"id":2580,"name":"Chuuk State","state_code":"TRK","latitude":"7.13867590","longitude":"151.55930650","type":null,"cities":{"eotmunicipality":{"id":39155,"name":"Eot Municipality","latitude":"7.38540000","longitude":"151.73920000"},"ettalmunicipality":{"id":39156,"name":"Ettal Municipality","latitude":"5.59200000","longitude":"153.56000000"},"fananumunicipality":{"id":39159,"name":"Fananu Municipality","latitude":"8.55811000","longitude":"151.90822000"},"fanapangesmunicipality":{"id":39160,"name":"Fanapanges Municipality","latitude":"7.35300000","longitude":"151.66760000"},"fefenmunicipality":{"id":39163,"name":"Fefen Municipality","latitude":"7.35300000","longitude":"151.83100000"},"fonotonmunicipality":{"id":39164,"name":"Fonoton Municipality","latitude":"7.48600000","longitude":"151.87940000"},"houkmunicipality":{"id":39167,"name":"Houk Municipality","latitude":"6.68300000","longitude":"149.30000000"},"kuttumunicipality":{"id":39173,"name":"Kuttu Municipality","latitude":"5.45300000","longitude":"153.45600000"},"lekiniochmunicipality":{"id":39175,"name":"Lekinioch Municipality","latitude":"5.50700000","longitude":"153.81900000"},"losapmunicipality":{"id":39177,"name":"Losap Municipality","latitude":"6.89400000","longitude":"152.73900000"},"makurmunicipality":{"id":39180,"name":"Makur Municipality","latitude":"8.98500000","longitude":"150.12600000"},"mochmunicipality":{"id":39182,"name":"Moch Municipality","latitude":"5.49180000","longitude":"153.53850000"},"murilo":{"id":39184,"name":"Murilo","latitude":"8.69242000","longitude":"152.33934000"},"murilomunicipality":{"id":39185,"name":"Murilo Municipality","latitude":"8.69200000","longitude":"152.34200000"},"namolukmunicipality":{"id":39186,"name":"Namoluk Municipality","latitude":"5.91500000","longitude":"153.13600000"},"nema":{"id":39187,"name":"Nema","latitude":"6.98922000","longitude":"152.57377000"},"nemamunicipality":{"id":39188,"name":"Nema Municipality","latitude":"6.99300000","longitude":"152.57400000"},"nomwinmunicipality":{"id":39192,"name":"Nomwin Municipality","latitude":"8.43000000","longitude":"151.74500000"},"oneopmunicipality":{"id":39194,"name":"Oneop Municipality","latitude":"5.50660000","longitude":"153.70900000"},"onoumunicipality":{"id":39195,"name":"Onou Municipality","latitude":"8.79900000","longitude":"150.29000000"},"onounmunicipality":{"id":39196,"name":"Onoun Municipality","latitude":"8.57500000","longitude":"149.68550000"},"paata-tupunionmunicipality":{"id":39197,"name":"Paata-Tupunion Municipality","latitude":"7.37600000","longitude":"151.58300000"},"paremmunicipality":{"id":39199,"name":"Parem Municipality","latitude":"7.36200000","longitude":"151.78900000"},"piherarhmunicipality":{"id":39200,"name":"Piherarh Municipality","latitude":"8.56900000","longitude":"150.41800000"},"piis-emwarmunicipality":{"id":39201,"name":"Piis-Emwar Municipality","latitude":"6.83400000","longitude":"152.70000000"},"piis-panewumunicipality":{"id":39202,"name":"Piis-Panewu Municipality","latitude":"7.67800000","longitude":"151.76340000"},"pollapmunicipality":{"id":39204,"name":"Pollap Municipality","latitude":"7.63971000","longitude":"149.43011000"},"polowatmunicipality":{"id":39205,"name":"Polowat Municipality","latitude":"7.35500000","longitude":"149.18200000"},"pwenemunicipality":{"id":39206,"name":"Pwene Municipality","latitude":"7.33700000","longitude":"151.58400000"},"ramanummunicipality":{"id":39207,"name":"Ramanum Municipality","latitude":"7.41350000","longitude":"151.66460000"},"ruomunicipality":{"id":39210,"name":"Ruo Municipality","latitude":"8.60900000","longitude":"152.24400000"},"satowanmunicipality":{"id":39213,"name":"Satowan Municipality","latitude":"5.33400000","longitude":"153.73650000"},"siismunicipality":{"id":39214,"name":"Siis Municipality","latitude":"7.29500000","longitude":"151.82460000"},"tamunicipality":{"id":39216,"name":"Ta Municipality","latitude":"5.28420000","longitude":"153.64650000"},"tamatammunicipality":{"id":39218,"name":"Tamatam Municipality","latitude":"7.53898000","longitude":"149.41175000"},"tolensommunicipality":{"id":39220,"name":"Tolensom Municipality","latitude":"7.33300000","longitude":"151.62300000"},"tonoasmunicipality":{"id":39222,"name":"Tonoas Municipality","latitude":"7.38100000","longitude":"151.89000000"},"udot-fonuweisommunicipality":{"id":39224,"name":"Udot-Fonuweisom Municipality","latitude":"7.38900000","longitude":"151.70800000"},"uman-fonuweisommunicipality":{"id":39226,"name":"Uman-Fonuweisom Municipality","latitude":"7.29900000","longitude":"151.87700000"},"unanumunicipality":{"id":39227,"name":"Unanu Municipality","latitude":"8.75000000","longitude":"150.33950000"},"weno":{"id":39230,"name":"Weno","latitude":"7.44648000","longitude":"151.84135000"},"wenomunicipality":{"id":39231,"name":"Weno Municipality","latitude":"7.44000000","longitude":"151.88100000"},"woneimunicipality":{"id":39233,"name":"Wonei Municipality","latitude":"7.38700000","longitude":"151.60100000"}}},"kosraestate":{"id":2583,"name":"Kosrae State","state_code":"KSA","latitude":"5.30956180","longitude":"162.98148770","type":null,"cities":{"lelumunicipality":{"id":39176,"name":"Lelu Municipality","latitude":"5.34865000","longitude":"163.01917000"},"malemmunicipality":{"id":39181,"name":"Malem Municipality","latitude":"5.27507000","longitude":"163.01685000"},"tafunsakmunicipality":{"id":39217,"name":"Tafunsak Municipality","latitude":"5.34993000","longitude":"162.96965000"},"tofol":{"id":39219,"name":"Tofol","latitude":"5.32479000","longitude":"163.00781000"},"utwemunicipality":{"id":39228,"name":"Utwe Municipality","latitude":"5.27511000","longitude":"162.95617000"}}},"pohnpeistate":{"id":2581,"name":"Pohnpei State","state_code":"PNI","latitude":"6.85412540","longitude":"158.26238220","type":null,"cities":{"kittimunicipality":{"id":39169,"name":"Kitti Municipality","latitude":"6.82490000","longitude":"158.16081000"},"kolonia":{"id":39170,"name":"Kolonia","latitude":"6.96400000","longitude":"158.20620000"},"koloniamunicipality":{"id":39171,"name":"Kolonia Municipality","latitude":"6.96400000","longitude":"158.20580000"},"koloniatown":{"id":39172,"name":"Kolonia Town","latitude":"6.96400000","longitude":"158.20600000"},"madolenihmmunicipality":{"id":39179,"name":"Madolenihm Municipality","latitude":"6.86759000","longitude":"158.31277000"},"mokilmunicipality":{"id":39183,"name":"Mokil Municipality","latitude":"6.68916000","longitude":"159.76610000"},"nettmunicipality":{"id":39189,"name":"Nett Municipality","latitude":"6.95152000","longitude":"158.22437000"},"ngatik":{"id":39190,"name":"Ngatik","latitude":"5.78849000","longitude":"157.15954000"},"nukuoromunicipality":{"id":39193,"name":"Nukuoro Municipality","latitude":"3.84100000","longitude":"154.93000000"},"palikir-nationalgovernmentcenter":{"id":39198,"name":"Palikir - National Government Center","latitude":"6.92477000","longitude":"158.16109000"},"pingelapmunicipality":{"id":39203,"name":"Pingelap Municipality","latitude":"6.20908000","longitude":"160.71033000"},"sapwuahfikmunicipality":{"id":39211,"name":"Sapwuahfik Municipality","latitude":"5.81500000","longitude":"157.28000000"},"sokehsmunicipality":{"id":39215,"name":"Sokehs Municipality","latitude":"6.93273000","longitude":"158.14270000"},"umunicipality":{"id":39223,"name":"U Municipality","latitude":"6.94972000","longitude":"158.27361000"}}},"yapstate":{"id":2582,"name":"Yap State","state_code":"YAP","latitude":"8.67164900","longitude":"142.84393350","type":null,"cities":{"colonia":{"id":39153,"name":"Colonia","latitude":"9.51638000","longitude":"138.12167000"},"dalipebinawmunicipality":{"id":39154,"name":"Dalipebinaw Municipality","latitude":"9.52229000","longitude":"138.08540000"},"fais":{"id":39157,"name":"Fais","latitude":"9.76600000","longitude":"140.52000000"},"faismunicipality":{"id":39158,"name":"Fais Municipality","latitude":"9.76600000","longitude":"140.51900000"},"fanifmunicipality":{"id":39161,"name":"Fanif Municipality","latitude":"9.56056000","longitude":"138.11333000"},"faraulepmunicipality":{"id":39162,"name":"Faraulep Municipality","latitude":"8.58800000","longitude":"144.50650000"},"gagilmunicipality":{"id":39165,"name":"Gagil Municipality","latitude":"9.54722000","longitude":"138.19028000"},"gilmanmunicipality":{"id":39166,"name":"Gilman Municipality","latitude":"9.44611000","longitude":"138.06389000"},"kanifaymunicipality":{"id":39168,"name":"Kanifay Municipality","latitude":"9.46735000","longitude":"138.05935000"},"lamotrekmunicipality":{"id":39174,"name":"Lamotrek Municipality","latitude":"7.49100000","longitude":"146.30300000"},"maapmunicipality":{"id":39178,"name":"Maap Municipality","latitude":"9.58975000","longitude":"138.17119000"},"ngulumunicipality":{"id":39191,"name":"Ngulu Municipality","latitude":"8.45000000","longitude":"137.48100000"},"rullmunicipality":{"id":39208,"name":"Rull Municipality","latitude":"9.50773000","longitude":"138.11540000"},"rumungmunicipality":{"id":39209,"name":"Rumung Municipality","latitude":"9.62428000","longitude":"138.15745000"},"satawalmunicipality":{"id":39212,"name":"Satawal Municipality","latitude":"7.38200000","longitude":"147.03180000"},"tomilmunicipality":{"id":39221,"name":"Tomil Municipality","latitude":"9.52517000","longitude":"138.15488000"},"ulithimunicipality":{"id":39225,"name":"Ulithi Municipality","latitude":"9.90000000","longitude":"139.60000000"},"weloymunicipality":{"id":39229,"name":"Weloy Municipality","latitude":"9.52712000","longitude":"138.11909000"},"woleaimunicipality":{"id":39232,"name":"Woleai Municipality","latitude":"7.34500000","longitude":"143.85700000"}}},"pohnpei":{"name":"Pohnpei","cities":{"palikir-nationalgovernmentcenter":{"name":"Palikir - National Government Center","latitude":"6.924770","longitude":"158.161090","postcode":"96941","gmtOffset":39600,"gmtOffsetName":"UTC+11:00","ip2locationv4":["737713152","737713663","960934912","960935423","1102388224","1102388479","1730673664","1730674687"],"ip2locationv6":["281471419456512","281471419457023","281471642678272","281471642678783","281471784131584","281471784131839","281472412417024","281472412418047","42540578165214415153881254560073252864","42540578165214415172327998633782804479","42540578165214434799663693060745723904","42540578165214434818110437134455275519","47884279424149109876828182998971056128","47884279424226481129283519266152251391","50541822694975076750511335978016178176","50541822695004090970182087078209126399","50543536570521101007897778733449216000","50543536570530772414454695766846865407","55838750788167500574706032451881271296","55838750788167500593152776525590822911","55838750788168156393351340973860323328","55838750788168156430244829121279426559","55838750788168709500525647081055977472","55838750788168709518972391154765529087","55838750788172336277984490968580096000","55838750788172336296431235042289647615","55838750788172992096629799490559148032","55838750788172992133523287637978251263","55838750788173545203804105597754802176","55838750788173545222250849671464353791","55838750788177171981262949485278920704","55838750788177171999709693558988472319","55838750788177827799908258007257972736","55838750788177827836801746154677075967","55838750788178380907082564114453626880","55838750788178380925529308188163178495","55849932188183881081194850165410758656","55849932188183881099641594239120310271","55849932188183975454737531263476826112","55849932188183980177104014133122039807","55849932188198388301710690157764542464","55849932188198388320157434231474094079","55849932188198501454038838292154155008","55849932188198506176405321161799368703","55849932188227402392254232741990629376","55849932188227402410700976815700180991","55849932188227492061877175044121034752","55849932188227496784243657913766248447","55849932188287848701681708274435489792","55849932188287848720128452348145041407","55849932188287943075224389372501557248","55849932188287947797590872242146770943","55849932208012077837817214279515897856","55849932208012153395680940193839316991","55849932208031420650931048346311196672","55849932208031496208794774260634615807","55849932208050763464044882413106495488","55849932208050839021908608327429914623","55849932208070106277158716479901794304","55849932208070181835022442394225213439","55849932208089449090272550546697093120","55849932208089524648136276461020512255","55849932208108791903386384613492391936","55849932208108867461250110527815811071","55849932208128134716500218680287690752","55849932208128210274363944594611109887","55849932208147477529614052747082989568","55849932208147553087477778661406408703","55878094325830097600028418477039550464","55878094325830097618475162550749102079","55878094325868783226256086610630148096","55878094325868783244702830684339699711","55878094325907468852483754744220745728","55878094325907468870930498817930297343","55878094325946154478711422877811343360","55878094325946154497158166951520894975","55878094408472266481310516270277328896","55878094408481937887867433303674978303","55878094487700428995574853863821279232","55878094487710100402131770897218928639","55878094552295753389223719926721675264","55878094552305424795780636960119324671","55878094557247513546365241026318172160","55878094557257184952922158059715821567","55878094646263139496229616418283323392","55878094646272810902786533451680972799","55878094725491302010493954011827273728","55878094725500973417050871045224923135"]},"kolonia":{"name":"Kolonia","latitude":"6.964000","longitude":"158.206400","postcode":"96941","gmtOffset":39600,"gmtOffsetName":"UTC+11:00","ip2locationv4":["2013032448","2013034239","2013034752","2013035519","2013035776","2013036543","2087520768","2087521279","2087522048","2087522303"],"ip2locationv6":["281472694775808","281472694777599","281472694778112","281472694778879","281472694779136","281472694779903","281472769264128","281472769264639","281472769265408","281472769265663","47890014259758178138207291846489538560","47890014338986340652471629440033488895"]},"madolenihmmunicipalitygovernment":{"name":"Madolenihm Municipality Government","latitude":"6.834930","longitude":"158.298700","postcode":"-","gmtOffset":39600,"gmtOffsetName":"UTC+11:00","ip2locationv4":["2013034240","2013034495","2087520512","2087520767"],"ip2locationv6":["281472694777600","281472694777855","281472769263872","281472769264127"]},"koloniatown":{"name":"Kolonia Town","latitude":"6.964000","longitude":"158.206000","postcode":"96941","gmtOffset":39600,"gmtOffsetName":"UTC+11:00","ip2locationv4":["2087520256","2087520511"],"ip2locationv6":["281472769263616","281472769263871"]}}},"kosrae":{"name":"Kosrae","cities":{"lelu":{"name":"Lelu","latitude":"5.333590","longitude":"163.022480","postcode":"96944","gmtOffset":39600,"gmtOffsetName":"UTC+11:00","ip2locationv4":["737713664","737713919","3407374848","3407375103"],"ip2locationv6":["281471419457024","281471419457279","281474089118208","281474089118463"]},"tafunsak":{"name":"Tafunsak","latitude":"5.367100","longitude":"162.985320","postcode":"96944","gmtOffset":39600,"gmtOffsetName":"UTC+11:00","ip2locationv4":["737713920","737714175"],"ip2locationv6":["281471419457280","281471419457535"]}}},"yap":{"name":"Yap","cities":{"colonia":{"name":"Colonia","latitude":"9.516380","longitude":"138.121670","postcode":"96943","gmtOffset":36000,"gmtOffsetName":"UTC+10:00","ip2locationv4":["1738985472","1738985983","2013034496","2013034751","2087521280","2087522047"],"ip2locationv6":["281472420728832","281472420729343","281472694777856","281472694778111","281472769264640","281472769265407","47890424978552652084533376778328080384","47890425057780814598797714371872030719"]}}},"chuuk":{"name":"Chuuk","cities":{"weno":{"name":"Weno","latitude":"7.451540","longitude":"151.846800","postcode":"-","gmtOffset":36000,"gmtOffsetName":"UTC+10:00","ip2locationv4":["2013035520","2013035775"],"ip2locationv6":["281472694778880","281472694779135","50543536570530772414454695766846865408","50543536570540443821011612800244514815","55838750775169130162209539565440466944","55838750775169130180656283639150018559","55838750775170339088029154194615173120","55838750775170339106475898268324724735","55838750775173965865487998082139291648","55838750775173965883934742155848843263","55838750775175174791307612711313997824","55838750775175174809754356785023549439","55838750775178801568766456598838116352","55838750775178801587213200672547667967","55838750775180010494586071228012822528","55838750775180010513032815301722374143","55878094325830098485472134015098028032","55878094325830098503918878088807579647","55878094325868784111699802148688625664","55878094325868784130146546222398177279","55878094325907469737927470282279223296","55878094325907469756374214355988774911","55878094325946155364155138415869820928","55878094325946155382601882489579372543","55878094408481937887867433303674978304","55878094408491609294424350337072627711","55878094487710100402131770897218928640","55878094487719771808688687930616578047","55878094646272810902786533451680972800","55878094646282482309343450485078622207","55878094725500973417050871045224923136","55878094725510644823607788078622572543"]},"pisaras":{"name":"Pisaras","latitude":"8.569000","longitude":"150.419500","postcode":"-","gmtOffset":36000,"gmtOffsetName":"UTC+10:00","ip2locationv4":["3407187712","3407187967"],"ip2locationv6":["281474088931072","281474088931327"]}}}}}