{"id":236,"name":"Uzbekistan","iso3":"UZB","iso2":"UZ","numeric_code":"860","phone_code":"998","capital":"Tashkent","currency":"UZS","currency_name":"Uzbekistani so\u02bbm","currency_symbol":"\u043b\u0432","tld":".uz","native":"O\u2018zbekiston","region":"Asia","region_id":"3","subregion":"Central Asia","subregion_id":"10","nationality":"Uzbekistani, Uzbek","timezones":[{"zoneName":"Asia/Samarkand","gmtOffset":18000,"gmtOffsetName":"UTC+05:00","abbreviation":"UZT","tzName":"Uzbekistan Time"},{"zoneName":"Asia/Tashkent","gmtOffset":18000,"gmtOffsetName":"UTC+05:00","abbreviation":"UZT","tzName":"Uzbekistan Time"}],"translations":{"kr":"\uc6b0\uc988\ubca0\ud0a4\uc2a4\ud0c4","pt-BR":"Uzbequist\u00e3o","pt":"Usbequist\u00e3o","nl":"Oezbekistan","hr":"Uzbekistan","fa":"\u0627\u0632\u0628\u06a9\u0633\u062a\u0627\u0646","de":"Usbekistan","es":"Uzbekist\u00e1n","fr":"Ouzb\u00e9kistan","ja":"\u30a6\u30ba\u30d9\u30ad\u30b9\u30bf\u30f3","it":"Uzbekistan","cn":"\u4e4c\u5179\u522b\u514b\u65af\u5766","tr":"\u00d6zbekistan"},"latitude":"41.00000000","longitude":"64.00000000","emoji":"\ud83c\uddfa\ud83c\uddff","emojiU":"U+1F1FA U+1F1FF","states":{"andijanregion":{"id":2540,"name":"Andijan Region","state_code":"AN","latitude":"40.76859410","longitude":"72.23637900","type":null,"cities":{"andijon":{"id":129894,"name":"Andijon","latitude":"40.78206000","longitude":"72.34424000"},"andijontumani":{"id":129895,"name":"Andijon Tumani","latitude":"40.80000000","longitude":"72.41667000"},"asaka":{"id":129897,"name":"Asaka","latitude":"40.64153000","longitude":"72.23868000"},"asakatumani":{"id":129898,"name":"Asaka Tumani","latitude":"40.66667000","longitude":"72.25000000"},"baliqchitumani":{"id":129899,"name":"Baliqchi Tumani","latitude":"40.86667000","longitude":"72.00000000"},"bo\u2018ztumani":{"id":129908,"name":"Bo\u2018z Tumani","latitude":"40.66667000","longitude":"71.91667000"},"buloqboshitumani":{"id":129910,"name":"Buloqboshi Tumani","latitude":"40.61667000","longitude":"72.46667000"},"izboskantumani":{"id":129937,"name":"Izboskan Tumani","latitude":"40.91667000","longitude":"72.25000000"},"jalolkuduktumani":{"id":129938,"name":"Jalolkuduk Tumani","latitude":"40.75000000","longitude":"72.66667000"},"kh\u016djaobodtumani":{"id":129946,"name":"Kh\u016djaobod Tumani","latitude":"40.66667000","longitude":"72.58333000"},"marhamat":{"id":129956,"name":"Marhamat","latitude":"40.48048000","longitude":"72.31388000"},"marhamattumani":{"id":129957,"name":"Marhamat Tumani","latitude":"40.50000000","longitude":"72.31667000"},"oltink\u016dltumani":{"id":129971,"name":"Oltink\u016dl Tumani","latitude":"40.80000000","longitude":"72.16667000"},"pakhtaobodtumani":{"id":129973,"name":"Pakhtaobod Tumani","latitude":"40.93333000","longitude":"72.50000000"},"paxtaobod":{"id":129976,"name":"Paxtaobod","latitude":"40.92936000","longitude":"72.49687000"},"qo\u2018rg\u2018ontepa":{"id":129987,"name":"Qo\u2018rg\u2018ontepa","latitude":"40.73192000","longitude":"72.76177000"},"q\u016drghontepatumani":{"id":129990,"name":"Q\u016drghontepa Tumani","latitude":"40.75000000","longitude":"72.83333000"},"shahrikhontumani":{"id":129996,"name":"Shahrikhon Tumani","latitude":"40.71667000","longitude":"72.06667000"},"shahrixon":{"id":129998,"name":"Shahrixon","latitude":"40.71331000","longitude":"72.05706000"},"ulug\u2018nortumani":{"id":130012,"name":"Ulug\u2018nor Tumani","latitude":"40.75000000","longitude":"71.70000000"},"xo\u2018jaobod":{"id":130018,"name":"Xo\u2018jaobod","latitude":"40.66886000","longitude":"72.56002000"}}},"bukhararegion":{"id":2541,"name":"Bukhara Region","state_code":"BU","latitude":"40.25041620","longitude":"63.20321510","type":null,"cities":{"bukhara":{"id":129909,"name":"Bukhara","latitude":"39.77472000","longitude":"64.42861000"},"galaosiyo":{"id":129925,"name":"Galaosiyo","latitude":"39.85778000","longitude":"64.44833000"},"gazli":{"id":129926,"name":"Gazli","latitude":"40.13333000","longitude":"63.45000000"},"ghijduwon":{"id":129927,"name":"Ghijduwon","latitude":"40.10000000","longitude":"64.68333000"},"karakul\u2019":{"id":129942,"name":"Karakul\u2019","latitude":"39.53333000","longitude":"63.83333000"},"kogon":{"id":129950,"name":"Kogon","latitude":"39.72278000","longitude":"64.55167000"},"olot":{"id":129968,"name":"Olot","latitude":"39.41500000","longitude":"63.80333000"},"peshkutumani":{"id":129978,"name":"Peshku Tumani","latitude":"40.41667000","longitude":"63.83333000"},"qorako\u2019l":{"id":129984,"name":"Qorako\u2019l","latitude":"39.49944000","longitude":"63.85389000"},"qorovulbozor":{"id":129985,"name":"Qorovulbozor","latitude":"39.50056000","longitude":"64.79361000"},"romiton":{"id":129993,"name":"Romiton","latitude":"39.92944000","longitude":"64.37944000"},"shofirkon":{"id":129999,"name":"Shofirkon","latitude":"40.12000000","longitude":"64.50139000"},"wobkent":{"id":130016,"name":"Wobkent","latitude":"40.03028000","longitude":"64.51500000"},"wobkenttumani":{"id":130017,"name":"Wobkent Tumani","latitude":"40.00000000","longitude":"64.50000000"}}},"ferganaregion":{"id":2538,"name":"Fergana Region","state_code":"FA","latitude":"40.45680810","longitude":"71.28742090","type":null,"cities":{"beshariq":{"id":129903,"name":"Beshariq","latitude":"40.43583000","longitude":"70.61028000"},"fergana":{"id":129923,"name":"Fergana","latitude":"40.38421000","longitude":"71.78432000"},"hamza":{"id":129932,"name":"Hamza","latitude":"40.42762000","longitude":"71.50534000"},"kirguli":{"id":129948,"name":"Kirguli","latitude":"40.43553000","longitude":"71.76721000"},"marg\u2018ilon":{"id":129955,"name":"Marg\u2018ilon","latitude":"40.47237000","longitude":"71.72463000"},"oltiariq":{"id":129969,"name":"Oltiariq","latitude":"40.39194000","longitude":"71.47417000"},"qo\u2018qon":{"id":129986,"name":"Qo\u2018qon","latitude":"40.52861000","longitude":"70.94250000"},"quva":{"id":129988,"name":"Quva","latitude":"40.52204000","longitude":"72.07292000"},"quvasoy":{"id":129989,"name":"Quvasoy","latitude":"40.29721000","longitude":"71.98026000"},"rishton":{"id":129992,"name":"Rishton","latitude":"40.35667000","longitude":"71.28472000"},"shohimardon":{"id":130000,"name":"Shohimardon","latitude":"39.98322000","longitude":"71.80512000"},"so\u2018xtumani":{"id":130004,"name":"So\u2018x Tumani","latitude":"40.04417000","longitude":"71.09417000"},"toshloq":{"id":130008,"name":"Toshloq","latitude":"40.47722000","longitude":"71.76778000"},"yangimarg\u2018ilon":{"id":130019,"name":"Yangi Marg\u2018ilon","latitude":"40.42722000","longitude":"71.71889000"},"yaypan":{"id":130025,"name":"Yaypan","latitude":"40.37583000","longitude":"70.81556000"}}},"jizzakhregion":{"id":2545,"name":"Jizzakh Region","state_code":"JI","latitude":"40.47064150","longitude":"67.57085360","type":null,"cities":{"dashtobod":{"id":129919,"name":"Dashtobod","latitude":"40.12694000","longitude":"68.49444000"},"d\u016dstlik":{"id":129922,"name":"D\u016dstlik","latitude":"40.52472000","longitude":"68.03583000"},"gagarin":{"id":129924,"name":"Gagarin","latitude":"40.66194000","longitude":"68.17222000"},"jizzax":{"id":129939,"name":"Jizzax","latitude":"40.11583000","longitude":"67.84222000"},"paxtakor":{"id":129975,"name":"Paxtakor","latitude":"40.31528000","longitude":"67.95444000"},"zomin":{"id":130027,"name":"Zomin","latitude":"39.96056000","longitude":"68.39583000"}}},"karakalpakstan":{"id":2548,"name":"Karakalpakstan","state_code":"QR","latitude":"43.80413340","longitude":"59.44579880","type":null,"cities":{"beruniy":{"id":129902,"name":"Beruniy","latitude":"41.69111000","longitude":"60.75250000"},"kegeylishahar":{"id":129944,"name":"Kegeyli Shahar","latitude":"42.77667000","longitude":"59.60778000"},"kh\u016djayli":{"id":129947,"name":"Kh\u016djayli","latitude":"42.40043000","longitude":"59.46005000"},"manghit":{"id":129954,"name":"Manghit","latitude":"42.11556000","longitude":"60.05972000"},"m\u016dynoq":{"id":129959,"name":"M\u016dynoq","latitude":"43.76833000","longitude":"59.02139000"},"novyyturtkul\u2019":{"id":129963,"name":"Novyy Turtkul\u2019","latitude":"41.55000000","longitude":"61.01667000"},"nukus":{"id":129964,"name":"Nukus","latitude":"42.45306000","longitude":"59.61028000"},"oltinko\u2018l":{"id":129970,"name":"Oltinko\u2018l","latitude":"43.06874000","longitude":"58.90372000"}}},"namanganregion":{"id":2537,"name":"Namangan Region","state_code":"NG","latitude":"41.05100370","longitude":"71.09731700","type":null,"cities":{"chortoq":{"id":129917,"name":"Chortoq","latitude":"41.06924000","longitude":"71.82372000"},"chust":{"id":129918,"name":"Chust","latitude":"41.00329000","longitude":"71.23791000"},"haqqulobod":{"id":129933,"name":"Haqqulobod","latitude":"40.91667000","longitude":"72.11667000"},"kosonsoy":{"id":129952,"name":"Kosonsoy","latitude":"41.24944000","longitude":"71.54738000"},"namangan":{"id":129960,"name":"Namangan","latitude":"40.99830000","longitude":"71.67257000"},"pop":{"id":129980,"name":"Pop","latitude":"40.87361000","longitude":"71.10889000"},"to\u2018rqao\u2018rg\u2018on":{"id":130009,"name":"To\u2018rqao\u2018rg\u2018on","latitude":"40.99984000","longitude":"71.51162000"},"toshbuloq":{"id":130007,"name":"Toshbuloq","latitude":"40.91617000","longitude":"71.57819000"},"uchq\u016drghonshahri":{"id":130011,"name":"Uchq\u016drghon Shahri","latitude":"41.11371000","longitude":"72.07915000"},"uychi":{"id":130015,"name":"Uychi","latitude":"41.08073000","longitude":"71.92331000"},"yangiqo\u2018rg\u2018on":{"id":130021,"name":"Yangiqo\u2018rg\u2018on","latitude":"41.19474000","longitude":"71.72385000"}}},"navoiyregion":{"id":2542,"name":"Navoiy Region","state_code":"NW","latitude":"42.69885750","longitude":"64.63376850","type":null,"cities":{"navoiy":{"id":129961,"name":"Navoiy","latitude":"40.08444000","longitude":"65.37917000"},"nurota":{"id":129965,"name":"Nurota","latitude":"40.56139000","longitude":"65.68861000"},"qiziltepa":{"id":129983,"name":"Qiziltepa","latitude":"40.03306000","longitude":"64.85000000"},"yangirabot":{"id":130022,"name":"Yangirabot","latitude":"40.02539000","longitude":"65.96095000"}}},"qashqadaryoregion":{"id":2543,"name":"Qashqadaryo Region","state_code":"QA","latitude":"38.89862310","longitude":"66.04635340","type":null,"cities":{"beshkent":{"id":129904,"name":"Beshkent","latitude":"38.82139000","longitude":"65.65306000"},"chiroqchi":{"id":129916,"name":"Chiroqchi","latitude":"39.03361000","longitude":"66.57222000"},"g\u2018uzor":{"id":129931,"name":"G\u2018uzor","latitude":"38.62083000","longitude":"66.24806000"},"kitob":{"id":129949,"name":"Kitob","latitude":"39.08425000","longitude":"66.83318000"},"koson":{"id":129951,"name":"Koson","latitude":"39.03750000","longitude":"65.58500000"},"muborak":{"id":129958,"name":"Muborak","latitude":"39.25528000","longitude":"65.15278000"},"nishontumani":{"id":129962,"name":"Nishon Tumani","latitude":"38.69395000","longitude":"65.67512000"},"qarshi":{"id":129981,"name":"Qarshi","latitude":"38.86056000","longitude":"65.78905000"},"shahrisabz":{"id":129997,"name":"Shahrisabz","latitude":"39.05778000","longitude":"66.83417000"}}},"samarqandregion":{"id":2544,"name":"Samarqand Region","state_code":"SA","latitude":"39.62701200","longitude":"66.97497310","type":null,"cities":{"bulung\u2019ur":{"id":129911,"name":"Bulung\u2019ur","latitude":"39.76472000","longitude":"67.27139000"},"charxin":{"id":129912,"name":"Charxin","latitude":"39.69667000","longitude":"66.76861000"},"chelak":{"id":129913,"name":"Chelak","latitude":"39.92028000","longitude":"66.86111000"},"daxbet":{"id":129920,"name":"Daxbet","latitude":"39.76389000","longitude":"66.91250000"},"ishtixon":{"id":129935,"name":"Ishtixon","latitude":"39.96639000","longitude":"66.48611000"},"jomboy":{"id":129940,"name":"Jomboy","latitude":"39.69889000","longitude":"67.09333000"},"juma":{"id":129941,"name":"Juma","latitude":"39.71611000","longitude":"66.66417000"},"kattaqo\u2018rg\u2018on":{"id":129943,"name":"Kattaqo\u2018rg\u2018on","latitude":"39.89889000","longitude":"66.25611000"},"oqtosh":{"id":129972,"name":"Oqtosh","latitude":"39.92139000","longitude":"65.92528000"},"payshanba":{"id":129977,"name":"Payshanba","latitude":"40.00778000","longitude":"66.23694000"},"samarkand":{"id":129995,"name":"Samarkand","latitude":"39.65417000","longitude":"66.95972000"},"urgut":{"id":130014,"name":"Urgut","latitude":"39.40222000","longitude":"67.24306000"}}},"sirdaryoregion":{"id":2547,"name":"Sirdaryo Region","state_code":"SI","latitude":"40.38638080","longitude":"68.71549750","type":null,"cities":{"guliston":{"id":129928,"name":"Guliston","latitude":"40.48972000","longitude":"68.78417000"},"sirdaryo":{"id":130003,"name":"Sirdaryo","latitude":"40.84361000","longitude":"68.66167000"},"yangiyer":{"id":130023,"name":"Yangiyer","latitude":"40.27500000","longitude":"68.82250000"}}},"surxondaryoregion":{"id":2546,"name":"Surxondaryo Region","state_code":"SU","latitude":"37.94090050","longitude":"67.57085360","type":null,"cities":{"boysun":{"id":129906,"name":"Boysun","latitude":"38.20835000","longitude":"67.20664000"},"denov":{"id":129921,"name":"Denov","latitude":"38.26746000","longitude":"67.89886000"},"sho\u2018rchi":{"id":130002,"name":"Sho\u2018rchi","latitude":"37.99944000","longitude":"67.78750000"},"tirmiz":{"id":130006,"name":"Tirmiz","latitude":"37.22417000","longitude":"67.27833000"}}},"tashkent":{"id":2536,"name":"Tashkent","state_code":"TK","latitude":"41.29949580","longitude":"69.24007340","type":null,"cities":{"bektemir":{"id":129901,"name":"Bektemir","latitude":"41.20972000","longitude":"69.33417000"},"tashkent":{"id":130005,"name":"Tashkent","latitude":"41.26465000","longitude":"69.21627000"}}},"tashkentregion":{"id":2549,"name":"Tashkent Region","state_code":"TO","latitude":"41.22132340","longitude":"69.85974060","type":null,"cities":{"angren":{"id":129896,"name":"Angren","latitude":"41.01667000","longitude":"70.14361000"},"bekobod":{"id":129900,"name":"Bekobod","latitude":"40.22083000","longitude":"69.26972000"},"bo\u2018ka":{"id":129907,"name":"Bo\u2018ka","latitude":"40.81108000","longitude":"69.19417000"},"chinoz":{"id":129914,"name":"Chinoz","latitude":"40.93633000","longitude":"68.76128000"},"chirchiq":{"id":129915,"name":"Chirchiq","latitude":"41.46889000","longitude":"69.58222000"},"g\u2018azalkent":{"id":129930,"name":"G\u2018azalkent","latitude":"41.55806000","longitude":"69.77083000"},"iskandar":{"id":129936,"name":"Iskandar","latitude":"41.55389000","longitude":"69.70083000"},"kyzyldzhar":{"id":129953,"name":"Kyzyldzhar","latitude":"41.56667000","longitude":"70.01667000"},"ohangaron":{"id":129966,"name":"Ohangaron","latitude":"40.90639000","longitude":"69.63833000"},"olmaliq":{"id":129967,"name":"Olmaliq","latitude":"40.84472000","longitude":"69.59833000"},"parkent":{"id":129974,"name":"Parkent","latitude":"41.29444000","longitude":"69.67639000"},"piskent":{"id":129979,"name":"Piskent","latitude":"40.89722000","longitude":"69.35056000"},"qibray":{"id":129982,"name":"Qibray","latitude":"41.38972000","longitude":"69.46500000"},"salor":{"id":129994,"name":"Salor","latitude":"41.37222000","longitude":"69.38167000"},"t\u016dytepa":{"id":130010,"name":"T\u016dytepa","latitude":"41.03210000","longitude":"69.36253000"},"\u016crtaowul":{"id":130028,"name":"\u016crtaowul","latitude":"41.18667000","longitude":"69.14528000"},"yangiobod":{"id":130020,"name":"Yangiobod","latitude":"41.11919000","longitude":"70.09406000"},"yangiy\u016dl":{"id":130024,"name":"Yangiy\u016dl","latitude":"41.11202000","longitude":"69.04710000"},"zafar":{"id":130026,"name":"Zafar","latitude":"40.98333000","longitude":"68.90000000"}}},"xorazmregion":{"id":2539,"name":"Xorazm Region","state_code":"XO","latitude":"41.35653360","longitude":"60.85666860","type":null,"cities":{"boghottumani":{"id":129905,"name":"Boghot Tumani","latitude":"41.31495000","longitude":"60.85327000"},"gurlan":{"id":129929,"name":"Gurlan","latitude":"41.84472000","longitude":"60.39194000"},"hazorasp":{"id":129934,"name":"Hazorasp","latitude":"41.31944000","longitude":"61.07417000"},"khiwa":{"id":129945,"name":"Khiwa","latitude":"41.37833000","longitude":"60.36389000"},"q\u016dshk\u016dpir":{"id":129991,"name":"Q\u016dshk\u016dpir","latitude":"41.53500000","longitude":"60.34556000"},"showot":{"id":130001,"name":"Showot","latitude":"41.65583000","longitude":"60.30250000"},"urganch":{"id":130013,"name":"Urganch","latitude":"41.55000000","longitude":"60.63333000"}}},"toshkent":{"name":"Toshkent","cities":{"tashkent":{"name":"Tashkent","latitude":"41.264650","longitude":"69.216270","postcode":"100121","gmtOffset":18000,"gmtOffsetName":"UTC+05:00","ip2locationv4":["90561792","90562047","92633088","92633599","92633856","92634111","95820288","95820543","96240640","96240895","522721280","522721535","528994304","528994815","528995072","528996095","529818624","529819647","529829888","529830911","529833984","529836031","529837824","529838079","529843200","529844223","529846272","529847295","529849088","529849599","529854464","529855487","576964096","576964607","577211904","577212415","577230336","577230847","577239808","577240063","628019200","628019967","628020224","628020735","628020992","628021247","629987328","629987583","630824704","630824959","755622912","755623935","755745792","755746047","760994816","760995839","761048320","761048575","763448576","763448831","763472384","763472639","763811840","763812863","764059136","764059391","764422144","764422655","764422912","764423167","764673280","764673535","764811264","764812287","765017088","765019135","772285184","772285439","786659328","786661375","788426240","788426495","788480000","788480511","788480768","788481535","962238464","962238975","1047607808","1047608063","1048238080","1048238591","1053917184","1053917695","1053917952","1053918463","1053918720","1053920255","1053920512","1053920767","1053921280","1053921791","1053922304","1053923839","1053924352","1053925119","1347473408","1347475199","1347475456","1347475967","1347476480","1347477503","1365237760","1365239551","1365239808","1365241599","1369585152","1369585663","1385431040","1385433087","1389839360","1389839871","1389841664","1389842431","1389842688","1389843455","1389843712","1389844223","1389844480","1389845247","1389845504","1389846527","1389846528","1389848063","1389848320","1389849599","1389850112","1389850367","1389850624","1389851135","1389851392","1389854463","1397063680","1397071871","1407033344","1407034367","1407035392","1407035903","1407036160","1407037183","1407037440","1407037695","1407037952","1407038719","1407038976","1407039487","1407039744","1407040255","1407040512","1407041535","1412841472","1412841727","1412842240","1412842495","1412842752","1412843007","1412844032","1412844287","1412845568","1412846079","1412847104","1412847359","1412847616","1412848127","1412848384","1412848895","1412849664","1412854271","1412854528","1412855295","1412855552","1412855807","1412856320","1412856575","1412856832","1412857855","1435398144","1435399167","1435428352","1435428607","1435428864","1435429375","1436466176","1436467199","1439452928","1439453183","1446903808","1446904831","1475209216","1475209983","1495752192","1495752703","1502757376","1502757631","1502757888","1502759167","1502759424","1502760447","1502760704","1502761471","1502761984","1502762239","1502762496","1502763007","1502763264","1502763519","1502763776","1502764543","1502764800","1502766079","1502766336","1502766847","1502767104","1502767871","1502768128","1502768639","1502768896","1502769151","1502769664","1502770687","1502770944","1502771455","1502771712","1502772479","1502772992","1502773247","1507787520","1507787775","1508423680","1508424703","1508687872","1508689151","1508689408","1508689663","1508690176","1508691455","1508691712","1508691967","1508692224","1508692479","1508692736","1508694783","1508695040","1508695551","1508695808","1508696063","1508696320","1508696575","1508697088","1508698111","1508698368","1508699135","1508699648","1508699903","1508700672","1508701695","1508702208","1508703231","1508703488","1508703743","1508704000","1508704255","1509506048","1509506303","1509506560","1509507071","1520214016","1520216063","1520222208","1520224255","1532680192","1532681215","1539080192","1539080703","1539081728","1539082239","1539083520","1539083775","1539084032","1539084287","1539086592","1539088383","1539219200","1539219455","1539591168","1539591935","1540074752","1540075519","1540156416","1540157183","1540643072","1540643327","1540652032","1540652287","1540693760","1540694015","1540711168","1540711423","1540891904","1540892159","1541606912","1541607423","1541775360","1541775615","1541775872","1541776639","1541879808","1541880831","1542001664","1542001919","1542117888","1542118399","1542458368","1542459135","1542488064","1542488319","1545995520","1545995775","1545998336","1545999359","1546000384","1546001407","1546007040","1546008575","1547685376","1547685887","1551366144","1551367167","1558127872","1558128127","1558129664","1558129919","1560133632","1560135679","1571423744","1571423999","1571426304","1571428351","1571463168","1571465727","1571475456","1571476479","1571478528","1571479551","1571524608","1571526655","1571535872","1571536895","1571541504","1571542015","1571545600","1571545855","1571547136","1571548159","1571548672","1571548927","1572622336","1572624383","1586315264","1586315519","1586315776","1586316799","1586317312","1586317823","1586318080","1586318591","1586318848","1586319103","1586319616","1586319871","1586320128","1586320383","1586320640","1586320895","1586321152","1586321407","1586321664","1586322175","1586322432","1586323455","1587153408","1587153663","1587182592","1587182847","1587425792","1587426047","1587426304","1587427583","1587428352","1587428607","1587429120","1587429375","1592188928","1592190975","1592190976","1592191231","1592191232","1592193023","1592269056","1592269823","1596851456","1596851711","1596862208","1596862463","1596866560","1596868607","1596870656","1596875007","1596875776","1596876799","1596943360","1596944383","1596946432","1596946943","1596947456","1596947967","1596948224","1596948479","1596954880","1596955135","1596976384","1596977151","1602413312","1602413567","1605144064","1605144319","1607913472","1607914239","1734695680","1734695935","1834920960","1834921215","1834921728","1834921983","1842343936","1842344959","1842347264","1842348031","1845025792","1845026303","1985482752","1985484799","1997301760","1997303807","2152535296","2152535551","2152555776","2152556031","2173084672","2173084927","2183732736","2183732991","2183770624","2183770879","2263777024","2263777535","2333879296","2333880319","2335035392","2335035647","2457341952","2457342975","2457397248","2457397759","2459832320","2459834367","2459835392","2459835903","2459845632","2459846655","2459852288","2459852543","2506670080","2506670591","2890334464","2890334719","2959143168","2959143423","2959143680","2959143935","2959146496","2959146751","2967280640","2967281151","2997560832","2997561087","3000532992","3000535039","3000682496","3000683007","3000683264","3000683775","3103790848","3103791103","3103794176","3103794431","3103914496","3103914751","3104088064","3104088575","3104188672","3104189439","3104363520","3104364543","3107971072","3107972095","3108635648","3108636159","3108636416","3108636671","3108660992","3108661247","3108768768","3108769791","3108931584","3108932607","3110351872","3110352895","3112929280","3112929535","3114109184","3114109951","3114473472","3114473983","3114729216","3114729471","3115463424","3115463679","3115839488","3115840511","3116684288","3116685567","3117149440","3117149695","3117149952","3117150207","3117461504","3117461759","3117462016","3117462527","3117582848","3117583103","3117646080","3117646847","3117802496","3117802751","3117803264","3117803519","3117876480","3117876735","3118039808","3118040063","3118749696","3118750719","3118910464","3118911487","3118940672","3118940927","3119149312","3119149567","3119486976","3119487999","3119962112","3119962367","3120049152","3120050175","3161572096","3161572351","3161573120","3161573375","3161578496","3161578751","3161579264","3161580799","3161584640","3161584895","3161586432","3161587455","3162677760","3162678015","3166593024","3166594047","3232162816","3232163839","3239824896","3239825407","3244864256","3244864511","3244928768","3244929023","3245019136","3245019903","3251269888","3251270143","3252579840","3252580095","3256839936","3256840191","3257071104","3257071359","3257737728","3257737983","3258407936","3258408191","3258408448","3258408959","3258870784","3258871807","3259764480","3259764735","3260880896","3260881407","3260881664","3260881919","3275780096","3275780351","3276127232","3276127487","3276127744","3276128255","3277379072","3277379583","3281470976","3281471231","3281911808","3281912319","3281912832","3281913343","3281913600","3281915391","3281915904","3281916927","3281917184","3281917439","3281917952","3281918207","3281918464","3281919999","3285431296","3285432063","3344938240","3344938495","3394223360","3394224127","3497988352","3497988607","3498019584","3498019839","3563143168","3563143423","3564335104","3564336127","3583250944","3583251199","3583251456","3583252479","3583253504","3583254527","3587055616","3587063807","3588636928","3588638207","3588638720","3588639231","3588640512","3588640767","3588642816","3588643327","3588645376","3588645887","3588646400","3588646655","3588646912","3588647679","3588647936","3588648191","3588648448","3588648703","3588648960","3588649215","3588649472","3588649727","3588651520","3588652031","3588652288","3588652799","3588808960","3588809215","3588814080","3588814335","3641462784","3641466879","3642585088","3642589183","3642663680","3642663935","3642664192","3642664447","3642664960","3642665215","3642666240","3642667007"],"ip2locationv6":["281470772305152","281470772305407","281470774376448","281470774376959","281470774377216","281470774377471","281470777563648","281470777563903","281470777984000","281470777984255","281471204464640","281471204464895","281471210737664","281471210738175","281471210738432","281471210739455","281471211561984","281471211563007","281471211573248","281471211574271","281471211577344","281471211579391","281471211581184","281471211581439","281471211586560","281471211587583","281471211589632","281471211590655","281471211592448","281471211592959","281471211597824","281471211598847","281471258707456","281471258707967","281471258955264","281471258955775","281471258973696","281471258974207","281471258983168","281471258983423","281471309762560","281471309763327","281471309763584","281471309764095","281471309764352","281471309764607","281471311730688","281471311730943","281471312568064","281471312568319","281471437366272","281471437367295","281471437489152","281471437489407","281471442738176","281471442739199","281471442791680","281471442791935","281471445191936","281471445192191","281471445215744","281471445215999","281471445555200","281471445556223","281471445802496","281471445802751","281471446165504","281471446166015","281471446166272","281471446166527","281471446416640","281471446416895","281471446554624","281471446555647","281471446760448","281471446762495","281471454028544","281471454028799","281471468402688","281471468404735","281471470169600","281471470169855","281471470223360","281471470223871","281471470224128","281471470224895","281471643981824","281471643982335","281471729351168","281471729351423","281471729981440","281471729981951","281471735660544","281471735661055","281471735661312","281471735661823","281471735662080","281471735663615","281471735663872","281471735664127","281471735664640","281471735665151","281471735665664","281471735667199","281471735667712","281471735668479","281472029216768","281472029218559","281472029218816","281472029219327","281472029219840","281472029220863","281472046981120","281472046982911","281472046983168","281472046984959","281472051328512","281472051329023","281472067174400","281472067176447","281472071582720","281472071583231","281472071585024","281472071585791","281472071586048","281472071586815","281472071587072","281472071587583","281472071587840","281472071588607","281472071588864","281472071589887","281472071589888","281472071591423","281472071591680","281472071592959","281472071593472","281472071593727","281472071593984","281472071594495","281472071594752","281472071597823","281472078807040","281472078815231","281472088776704","281472088777727","281472088778752","281472088779263","281472088779520","281472088780543","281472088780800","281472088781055","281472088781312","281472088782079","281472088782336","281472088782847","281472088783104","281472088783615","281472088783872","281472088784895","281472094584832","281472094585087","281472094585600","281472094585855","281472094586112","281472094586367","281472094587392","281472094587647","281472094588928","281472094589439","281472094590464","281472094590719","281472094590976","281472094591487","281472094591744","281472094592255","281472094593024","281472094597631","281472094597888","281472094598655","281472094598912","281472094599167","281472094599680","281472094599935","281472094600192","281472094601215","281472117141504","281472117142527","281472117171712","281472117171967","281472117172224","281472117172735","281472118209536","281472118210559","281472121196288","281472121196543","281472128647168","281472128648191","281472156952576","281472156953343","281472177495552","281472177496063","281472184500736","281472184500991","281472184501248","281472184502527","281472184502784","281472184503807","281472184504064","281472184504831","281472184505344","281472184505599","281472184505856","281472184506367","281472184506624","281472184506879","281472184507136","281472184507903","281472184508160","281472184509439","281472184509696","281472184510207","281472184510464","281472184511231","281472184511488","281472184511999","281472184512256","281472184512511","281472184513024","281472184514047","281472184514304","281472184514815","281472184515072","281472184515839","281472184516352","281472184516607","281472189530880","281472189531135","281472190167040","281472190168063","281472190431232","281472190432511","281472190432768","281472190433023","281472190433536","281472190434815","281472190435072","281472190435327","281472190435584","281472190435839","281472190436096","281472190438143","281472190438400","281472190438911","281472190439168","281472190439423","281472190439680","281472190439935","281472190440448","281472190441471","281472190441728","281472190442495","281472190443008","281472190443263","281472190444032","281472190445055","281472190445568","281472190446591","281472190446848","281472190447103","281472190447360","281472190447615","281472191249408","281472191249663","281472191249920","281472191250431","281472201957376","281472201959423","281472201965568","281472201967615","281472214423552","281472214424575","281472220823552","281472220824063","281472220825088","281472220825599","281472220826880","281472220827135","281472220827392","281472220827647","281472220829952","281472220831743","281472220962560","281472220962815","281472221334528","281472221335295","281472221818112","281472221818879","281472221899776","281472221900543","281472222386432","281472222386687","281472222395392","281472222395647","281472222437120","281472222437375","281472222454528","281472222454783","281472222635264","281472222635519","281472223350272","281472223350783","281472223518720","281472223518975","281472223519232","281472223519999","281472223623168","281472223624191","281472223745024","281472223745279","281472223861248","281472223861759","281472224201728","281472224202495","281472224231424","281472224231679","281472227738880","281472227739135","281472227741696","281472227742719","281472227743744","281472227744767","281472227750400","281472227751935","281472229428736","281472229429247","281472233109504","281472233110527","281472239871232","281472239871487","281472239873024","281472239873279","281472241876992","281472241879039","281472253167104","281472253167359","281472253169664","281472253171711","281472253206528","281472253209087","281472253218816","281472253219839","281472253221888","281472253222911","281472253267968","281472253270015","281472253279232","281472253280255","281472253284864","281472253285375","281472253288960","281472253289215","281472253290496","281472253291519","281472253292032","281472253292287","281472254365696","281472254367743","281472268058624","281472268058879","281472268059136","281472268060159","281472268060672","281472268061183","281472268061440","281472268061951","281472268062208","281472268062463","281472268062976","281472268063231","281472268063488","281472268063743","281472268064000","281472268064255","281472268064512","281472268064767","281472268065024","281472268065535","281472268065792","281472268066815","281472268896768","281472268897023","281472268925952","281472268926207","281472269169152","281472269169407","281472269169664","281472269170943","281472269171712","281472269171967","281472269172480","281472269172735","281472273932288","281472273934335","281472273934336","281472273934591","281472273934592","281472273936383","281472274012416","281472274013183","281472278594816","281472278595071","281472278605568","281472278605823","281472278609920","281472278611967","281472278614016","281472278618367","281472278619136","281472278620159","281472278686720","281472278687743","281472278689792","281472278690303","281472278690816","281472278691327","281472278691584","281472278691839","281472278698240","281472278698495","281472278719744","281472278720511","281472284156672","281472284156927","281472286887424","281472286887679","281472289656832","281472289657599","281472416439040","281472416439295","281472516664320","281472516664575","281472516665088","281472516665343","281472524087296","281472524088319","281472524090624","281472524091391","281472526769152","281472526769663","281472667226112","281472667228159","281472679045120","281472679047167","281472834278656","281472834278911","281472834299136","281472834299391","281472854828032","281472854828287","281472865476096","281472865476351","281472865513984","281472865514239","281472945520384","281472945520895","281473015622656","281473015623679","281473016778752","281473016779007","281473139085312","281473139086335","281473139140608","281473139141119","281473141575680","281473141577727","281473141578752","281473141579263","281473141588992","281473141590015","281473141595648","281473141595903","281473188413440","281473188413951","281473572077824","281473572078079","281473640886528","281473640886783","281473640887040","281473640887295","281473640889856","281473640890111","281473649024000","281473649024511","281473679304192","281473679304447","281473682276352","281473682278399","281473682425856","281473682426367","281473682426624","281473682427135","281473785534208","281473785534463","281473785537536","281473785537791","281473785657856","281473785658111","281473785831424","281473785831935","281473785932032","281473785932799","281473786106880","281473786107903","281473789714432","281473789715455","281473790379008","281473790379519","281473790379776","281473790380031","281473790404352","281473790404607","281473790512128","281473790513151","281473790674944","281473790675967","281473792095232","281473792096255","281473794672640","281473794672895","281473795852544","281473795853311","281473796216832","281473796217343","281473796472576","281473796472831","281473797206784","281473797207039","281473797582848","281473797583871","281473798427648","281473798428927","281473798892800","281473798893055","281473798893312","281473798893567","281473799204864","281473799205119","281473799205376","281473799205887","281473799326208","281473799326463","281473799389440","281473799390207","281473799545856","281473799546111","281473799546624","281473799546879","281473799619840","281473799620095","281473799783168","281473799783423","281473800493056","281473800494079","281473800653824","281473800654847","281473800684032","281473800684287","281473800892672","281473800892927","281473801230336","281473801231359","281473801705472","281473801705727","281473801792512","281473801793535","281473843315456","281473843315711","281473843316480","281473843316735","281473843321856","281473843322111","281473843322624","281473843324159","281473843328000","281473843328255","281473843329792","281473843330815","281473844421120","281473844421375","281473848336384","281473848337407","281473913906176","281473913907199","281473921568256","281473921568767","281473926607616","281473926607871","281473926672128","281473926672383","281473926762496","281473926763263","281473933013248","281473933013503","281473934323200","281473934323455","281473938583296","281473938583551","281473938814464","281473938814719","281473939481088","281473939481343","281473940151296","281473940151551","281473940151808","281473940152319","281473940614144","281473940615167","281473941507840","281473941508095","281473942624256","281473942624767","281473942625024","281473942625279","281473957523456","281473957523711","281473957870592","281473957870847","281473957871104","281473957871615","281473959122432","281473959122943","281473963214336","281473963214591","281473963655168","281473963655679","281473963656192","281473963656703","281473963656960","281473963658751","281473963659264","281473963660287","281473963660544","281473963660799","281473963661312","281473963661567","281473963661824","281473963663359","281473967174656","281473967175423","281474026681600","281474026681855","281474075966720","281474075967487","281474179731712","281474179731967","281474179762944","281474179763199","281474244886528","281474244886783","281474246078464","281474246079487","281474264994304","281474264994559","281474264994816","281474264995839","281474264996864","281474264997887","281474268798976","281474268807167","281474270380288","281474270381567","281474270382080","281474270382591","281474270383872","281474270384127","281474270386176","281474270386687","281474270388736","281474270389247","281474270389760","281474270390015","281474270390272","281474270391039","281474270391296","281474270391551","281474270391808","281474270392063","281474270392320","281474270392575","281474270392832","281474270393087","281474270394880","281474270395391","281474270395648","281474270396159","281474270552320","281474270552575","281474270557440","281474270557695","281474323206144","281474323210239","281474324328448","281474324332543","281474324407040","281474324407295","281474324407552","281474324407807","281474324408320","281474324408575","281474324409600","281474324410367","42540578165178137049116134407483162624","42540578165178137067562878481192714239","42540578165184261478829070420876984320","42540578165184261497275814494586535935","42540578165211992118706940589339836416","42540578165211992137153684663049388031","42540578165212011543128450205497688064","42540578165212011561575194279207239679","42540578165214433157903470500595630080","42540578165214433176350214574305181695","42540578165214434190921138628330520576","42540578165214434209367882702040072191","42540578165216816163643144521602039808","42540578165216816182089888595311591423","42540578165216821679219622560757972992","42540578165216821697666366634467524607","42540578165216837967694639646292049920","42540578165216837986141383720001601535","42540578165216853665873846373120475136","42540578165216853684320590446830026751","42540578165216854625104538206017159168","42540578165216854643551282279726710783","42540578165216858443580561463894343680","42540578165216858462027305537603895295","42540578165216860730976826603878744064","42540578165216860749423570677588295679","42540578165216868441715849414471319552","42540578165216868460162593488180871167","42540578165216868865990963109791006720","42540578165216868884437707183500558335","42540578165216876687410450362640891904","42540578165216876705857194436350443519","42540578165216877831108582932633092096","42540578165216877849555327006342643711","42540578165300301257380318492894429184","42540578165300301275827062566603980799","42540578165305091969049981231996862464","42540578165305091987496725305706414079","42540578172713365005052763370569072640","42540578172714573930872377999743778815","42540578174768555611147763748423335936","42540578174768555629594507822132887551","42540578174768579684148779939388194816","42540578174768579702595524013097746431","42540578174775881993811054528781352960","42540578174775882012257798602490904575","42540578174775887232686371462294011904","42540578174775887251133115536003563519","42540578174785526707929296904457814016","42540578174785526726376040978167365631","42540578174785535543919708211333038080","42540578174785535562366452285042589695","42540578174787890510608390193820991488","42540578174787890529055134267530543103","42540578174787898959217175952795631616","42540578174787898977663920026505183231","42540578174787903404882497716797571072","42540578174787903423329241790507122687","42540578174787933159480688610304327680","42540578174787933177927432684013879295","42540578174790302865117885486724022272","42540578174790302883564629560433573887","42540578174797555719059298460809297920","42540578174797555737506042534518849535","42540578201121912840176934346989502464","42540578201123121765996548976164208639","42540578202685053924938649869884588032","42540578202686262850758264499059294207","42540578202884526685175063683711107072","42540578202885735610994678312885813247","42540578202924421237222346446476410880","42540578202925630163041961075651117055","42540578204152689869950809687977885696","42540578204153898795770424317152591871","42540578205521193897754569913745276928","42540578205522402823574184542919983103","42540578206251385092801805935267807232","42540578206252594018621420564442513407","42540578212662318714218184448734658560","42540578212663527640037799077909364735","42540578221488686123224592053264449536","42540578221489895049044206682439155711","42540578233281757493565299652523196416","42540578233282966419384914281697902591","42540578233419575037001367378439700480","42540578233420783962820982007614406655","42540578234349238992285017213788749824","42540578234350447918104631842963455999","42540578240553446298547294138380845056","42540578240554655224366908767555551231","42540619364286865303582345970566823936","42540619364288074229401960599741530111","42540619367599322049326429909261746176","42540619367600530975146044538436452351","42540649787756199682734226390479011840","42540649787757408608553841019653718015","42540649787796094234781509153244315648","42540649787797303160601123782419021823","42540649787832362009369948028485500928","42540649787833570935189562657660207103","42541956101379379953344993657731678208","42541956101379379971791737731441229823","42541956101379398842810925136312532992","42541956101379398861257669210022084607","47856325178785897073813407350443212800","47856325178787105999633021979617918975","50512955728099122254097195032859639808","50512955728100331179916809662034345983","50541822698485797330672219101362913280","50541822698524482956899887234953510911","50543536620270816336678998530957770752","50543536620280487743235915564355420159","50546781751076910898353338093865533440","50546781751096253711467172160660832255","55830339301274964202055159344762191872","55830339935100264316169860093113794559","55836957482229548716391924150355099648","55836957497084829187816487449144590335","55836957521843629973524092947127074816","55836957546602430759231698445109559295","55838175283460275002100511215626223616","55838175362688437516364848809170173951","55838265920478191320502718229905408000","55838265999706353834767055823449358335","55838750781281459106181104672754892800","55838750781281459124627848746464444415","55838750781282106070389257814149169152","55838750781282106088836001887858720767","55838750781282668032000719301929598976","55838750781282668050447463375639150591","55838750781286294809459563189453717504","55838750781286294827906307263163269119","55838750781286941773667716330847993856","55838750781286941792114460404557545471","55838750781287503735279177818628423680","55838750781287503753725921892337975295","55838750781291130512738021706152542208","55838750781291130531184765779862093823","55838750781291777476946174847546818560","55838750781291777495392918921256370175","55838750781292339438557636335327248384","55838750781292339457004380409036799999","55838750781295966216016480222851366912","55838750781295966234463224296560918527","55838750781296613180224633364245643264","55838750781296613198671377437955194879","55838750781297175141836094852026073088","55838750781297175160282838925735624703","55842032110411469390054564935128580096","55842032744236769504169265683480182783","55842478323422749726803891774656872448","55842478957248049840918592523008475135","55842985383662841018564490455939022848","55842986017488141132679191204290625535","55843259196192490316115213743831384064","55843259275420652830379551337375334399","55843479767396930028031074170189119488","55843479846625092542295411763733069823","55844171904624654641284291370139254784","55844171983852817155548628963683205119","55844590229322729956986785282197028864","55844590308550892471251122875740979199","55846050562814192877257309484289622016","55846050642042355391521647077833572351","55846088592951169743782044522835345408","55846088592970512556895878589630644223","55849932188198389611429519391142707200","55849932188198389648323007538561810431","55849932188198662014499255860091420672","55849932188198666736865738729736634367","55849932188274552639041515830112157696","55849932188274552675935003977531260927","55849932188274800729302563149871841280","55849932188274805451669046019517054975","55849932188302357932892652301130399744","55849932188302357969786140448549502975","55849932188302606023153699620890083328","55849932188302610745520182490535297023","55849932188303567707262494320944480256","55849932188303567744155982468363583487","55849932188303947175234834600130772992","55849932188303951897601317469775986687","55849932208024318211740812399909797888","55849932208024393769604538314233217023","55849932208043661024854646466705096704","55849932208043736582718372381028515839","55849932208063003837968480533500395520","55849932208063079395832206447823814655","55849932208082346651082314600295694336","55849932208082422208946040514619113471","55849932208101689464196148667090993152","55849932208101765022059874581414412287","55849932208121032277309982733886291968","55849932208121107835173708648209711103","55849932208140375090423816800681590784","55849932208140450648287542715005009919","55849932208159717903537650867476889600","55849932208159793461401376781800308735","55854952005328995504114619334197772288","55854952163837276008687826357926756351","55854952163837276027134570431636307968","55854952173714228289138243933147496447","55854952173715437214957858562322202624","55854952634202535461087798982952878079","55854952634202540201901025926307643392","55854952639154295618229320082549374975","55868744043859478640002903465072263168","55868744677684778754117604213423865855","55876172476376816064295674145855766528","55876173110202116178410374894207369215","55876395582882456232670337565619912704","55876396216707756346785038313971515391","55877830563361914588352831833648398336","55877831197187214702467532582000001023","55878094350898383395557369043746816000","55878094350898383414004113117456367615","55878094350937069021785037177337413632","55878094350937069040231781251046965247","55878094350975754648012705310928011264","55878094350975754666459449384637562879","55878094351014440274240373444518608896","55878094351014440292687117518228160511","55878094458221981810091736067785883648","55878094458231653216648653101183533055","55878094537450144324356073661329833984","55878094537459815730912990694727483391","55878094553852849844887362303743229952","55878094553862521251444279337140879359","55878094558804610002028883403339726848","55878094558814281408585800436737376255","55878094696215954362706093917142515712","55878094696225625769263010950540165119","55878094775444116876970431510686466048","55878094775453788283527348544084115455","55878205787939582144255674857797189632","55878206421764882258370375606148792319","55879737109864657845372682875269283840","55879737743689957959487383623620886527","55886303539973840073672435797873131520","55886304173799140187787136546224734207","55891779790566826024686901555720355840","55891780424392126138801602304071958527","55900749686214040975931892227601596416","55900750320039341090046592975953199103","55903492882112934864356731093338030080","55903493515938234978471431841689632767","55910414254390180996888903092839383040","55910414333618343511153240686383333375","55913547886673945179969402943163072512","55913547965902107694233740536707022847","55922669900393187518742573219428958208","55922670534218487632857273967780560895","55923212454850085200926413808400859136","55923213088675385315041114556752461823","55928272916046196292697188647596720128","55928272995274358806961526241140670463","55929327601345586179559233904663592960","55929328235170886293673934653015195647","55929469578212811741252201535422595072","55929470212038111855366902283774197759","55929693239934559529119918247443955712","55929693240244044538941263316168736767","55931117523993108439474147249589583872","55931118157818408553588847997941186559","55932922658447833438141878554954039296","55932923292273133552256579303305641983","55933079847122261738587664146151505920","55933080480947561852702364894503108607","55933287741821908094029124234651893760","55933287741824325945668353493001306111"]},"salor":{"name":"Salor","latitude":"41.372220","longitude":"69.381670","postcode":"-","gmtOffset":18000,"gmtOffsetName":"UTC+05:00","ip2locationv4":["522722304","522723327","528994816","528995071","528996096","528996351","788480512","788480767","1053920256","1053920511","1365239552","1365239807","1365241600","1365241855","1389838848","1389839359","1389840384","1389841407","1389842432","1389842687","1389844224","1389844479","1389845248","1389845503","1389848064","1389848319","1389850368","1389850623","1389851136","1389851391","1407034368","1407034623","1407035904","1407036159","1407037184","1407037439","1407037696","1407037951","1407038720","1407038975","1407039488","1407039743","1407040256","1407040511","1407059712","1407059967","1412846336","1412846591","1502756864","1502757375","1502759168","1502759423","1502760448","1502760703","1502761472","1502761983","1502762240","1502762495","1502763008","1502763263","1502763520","1502763775","1502764544","1502764799","1502766080","1502766335","1502766848","1502767103","1502767872","1502768127","1502768640","1502768895","1502769408","1502769663","1502770688","1502770943","1502772480","1502772991","1508692480","1508692735","1508699136","1508699391","1508703744","1508703999","1539080960","1539081215","1539086336","1539086591","1540074496","1540074751","1541776640","1541776895","1547684864","1547685119","1586317056","1586317311","1586318592","1586318847","1586319104","1586319615","1586320384","1586320639","1586320896","1586321151","1586321408","1586321663","1586322176","1586322431","1587425536","1587425791","1587427584","1587428095","1592268800","1592269055","1842345216","1842345471","3000683008","3000683263","3104088576","3104089087","3116685568","3116685823","3117645824","3117646079","3161572608","3161572863","3161573632","3161573887","3161575680","3161575935","3161578240","3161578495","3161581824","3161582079","3161582592","3161582847","3245019904","3245020159","3281913344","3281913599","3281915648","3281915903","3285432064","3285432319","3588645888","3588646143"],"ip2locationv6":["281471204465664","281471204466687","281471210738176","281471210738431","281471210739456","281471210739711","281471470223872","281471470224127","281471735663616","281471735663871","281472046982912","281472046983167","281472046984960","281472046985215","281472071582208","281472071582719","281472071583744","281472071584767","281472071585792","281472071586047","281472071587584","281472071587839","281472071588608","281472071588863","281472071591424","281472071591679","281472071593728","281472071593983","281472071594496","281472071594751","281472088777728","281472088777983","281472088779264","281472088779519","281472088780544","281472088780799","281472088781056","281472088781311","281472088782080","281472088782335","281472088782848","281472088783103","281472088783616","281472088783871","281472088803072","281472088803327","281472094589696","281472094589951","281472184500224","281472184500735","281472184502528","281472184502783","281472184503808","281472184504063","281472184504832","281472184505343","281472184505600","281472184505855","281472184506368","281472184506623","281472184506880","281472184507135","281472184507904","281472184508159","281472184509440","281472184509695","281472184510208","281472184510463","281472184511232","281472184511487","281472184512000","281472184512255","281472184512768","281472184513023","281472184514048","281472184514303","281472184515840","281472184516351","281472190435840","281472190436095","281472190442496","281472190442751","281472190447104","281472190447359","281472220824320","281472220824575","281472220829696","281472220829951","281472221817856","281472221818111","281472223520000","281472223520255","281472229428224","281472229428479","281472268060416","281472268060671","281472268061952","281472268062207","281472268062464","281472268062975","281472268063744","281472268063999","281472268064256","281472268064511","281472268064768","281472268065023","281472268065536","281472268065791","281472269168896","281472269169151","281472269170944","281472269171455","281472274012160","281472274012415","281472524088576","281472524088831","281473682426368","281473682426623","281473785831936","281473785832447","281473798428928","281473798429183","281473799389184","281473799389439","281473843315968","281473843316223","281473843316992","281473843317247","281473843319040","281473843319295","281473843321600","281473843321855","281473843325184","281473843325439","281473843325952","281473843326207","281473926763264","281473926763519","281473963656704","281473963656959","281473963659008","281473963659263","281473967175424","281473967175679","281474270389248","281474270389503","55854952163837276008687826357926756352","55854952163837276027134570431636307967","55887718238043694777684506118650331136","55887718871868994891799206867001933823"]},"olmaliq":{"name":"Olmaliq","latitude":"40.844720","longitude":"69.598330","postcode":"-","gmtOffset":18000,"gmtOffsetName":"UTC+05:00","ip2locationv4":["1053924096","1053924351","1412844544","1412844799","1412847360","1412847615","1508689664","1508689919","1508691968","1508692223","1508695552","1508695807","1508696576","1508697087","3117802752","3117803007","3588640768","3588641023","3642665984","3642666239"],"ip2locationv6":["281471735667456","281471735667711","281472094587904","281472094588159","281472094590720","281472094590975","281472190433024","281472190433279","281472190435328","281472190435583","281472190438912","281472190439167","281472190439936","281472190440447","281473799546112","281473799546367","281474270384128","281474270384383","281474324409344","281474324409599"]},"yangiyul":{"name":"Yangiyul","latitude":"41.112020","longitude":"69.047100","postcode":"-","gmtOffset":18000,"gmtOffsetName":"UTC+05:00","ip2locationv4":["1389854464","1389854719","3161577216","3161577471","3161584896","3161585151","3588639232","3588639487","3588649984","3588650239"],"ip2locationv6":["281472071597824","281472071598079","281473843320576","281473843320831","281473843328256","281473843328511","281474270382592","281474270382847","281474270393344","281474270393599"]},"tuytepa":{"name":"Tuytepa","latitude":"41.032100","longitude":"69.362530","postcode":"-","gmtOffset":18000,"gmtOffsetName":"UTC+05:00","ip2locationv4":["1412841984","1412842239","1412846592","1412846847"],"ip2locationv6":["281472094585344","281472094585599","281472094589952","281472094590207"]},"buka":{"name":"Buka","latitude":"40.810830","longitude":"69.198610","postcode":"-","gmtOffset":18000,"gmtOffsetName":"UTC+05:00","ip2locationv4":["1412845056","1412845311"],"ip2locationv6":["281472094588416","281472094588671"]},"g\u0027azalkent":{"name":"G\u0027azalkent","latitude":"41.558060","longitude":"69.770830","postcode":"-","gmtOffset":18000,"gmtOffsetName":"UTC+05:00","ip2locationv4":["1412848128","1412848383","3588641280","3588641535"],"ip2locationv6":["281472094591488","281472094591743","281474270384640","281474270384895"]},"chirchiq":{"name":"Chirchiq","latitude":"41.468890","longitude":"69.582220","postcode":"-","gmtOffset":18000,"gmtOffsetName":"UTC+05:00","ip2locationv4":["1412854272","1412854527","1545996288","1545998335","1607914240","1607914495","2457399296","2457399551","2459832064","2459832319","3000684288","3000684543","3108096768","3108097023","3108660736","3108660991","3112930048","3112930303","3161571840","3161572095","3161573888","3161574143","3161574400","3161574911","3161575936","3161576191","3161577984","3161578239","3161582848","3161583103","3161583616","3161583871","3161585408","3161585663","3588639744","3588639999"],"ip2locationv6":["281472094597632","281472094597887","281472227739648","281472227741695","281472289657600","281472289657855","281473139142656","281473139142911","281473141575424","281473141575679","281473682427648","281473682427903","281473789840128","281473789840383","281473790404096","281473790404351","281473794673408","281473794673663","281473843315200","281473843315455","281473843317248","281473843317503","281473843317760","281473843318271","281473843319296","281473843319551","281473843321344","281473843321599","281473843326208","281473843326463","281473843326976","281473843327231","281473843328768","281473843329023","281474270383104","281474270383359","55854952173714228289138243933147496448","55854952173715437214957858562322202623"]},"bektemir":{"name":"Bektemir","latitude":"41.209720","longitude":"69.334170","postcode":"-","gmtOffset":18000,"gmtOffsetName":"UTC+05:00","ip2locationv4":["1541775616","1541775871"],"ip2locationv6":["281472223518976","281472223519231"]},"angren":{"name":"Angren","latitude":"41.016670","longitude":"70.143610","postcode":"-","gmtOffset":18000,"gmtOffsetName":"UTC+05:00","ip2locationv4":["1842344960","1842345215","3588652800","3588653055"],"ip2locationv6":["281472524088320","281472524088575","281474270396160","281474270396415"]},"ohangaron":{"name":"Ohangaron","latitude":"40.906390","longitude":"69.638330","postcode":"-","gmtOffset":18000,"gmtOffsetName":"UTC+05:00","ip2locationv4":["2457363968","2457364479"],"ip2locationv6":["281473139107328","281473139107839"]},"parkent":{"name":"Parkent","latitude":"41.294440","longitude":"69.676390","postcode":"-","gmtOffset":18000,"gmtOffsetName":"UTC+05:00","ip2locationv4":["3161575424","3161575679","3161576448","3161576703","3161581056","3161581311","3161582336","3161582591","3161585152","3161585407"],"ip2locationv6":["281473843318784","281473843319039","281473843319808","281473843320063","281473843324416","281473843324671","281473843325696","281473843325951","281473843328512","281473843328767"]}}},"qashqadaryo":{"name":"Qashqadaryo","cities":{"kitobshahri":{"name":"Kitob Shahri","latitude":"39.122510","longitude":"66.875700","postcode":"-","gmtOffset":18000,"gmtOffsetName":"UTC+05:00","ip2locationv4":["92633600","92633855"],"ip2locationv6":["281470774376960","281470774377215"]},"qarshi":{"name":"Qarshi","latitude":"38.866670","longitude":"65.800000","postcode":"-","gmtOffset":18000,"gmtOffsetName":"UTC+05:00","ip2locationv4":["522721792","522722047","1844983808","1844984063","3281917440","3281917695","3588643328","3588643583","3588645120","3588645375"],"ip2locationv6":["281471204465152","281471204465407","281472526727168","281472526727423","281473963660800","281473963661055","281474270386688","281474270386943","281474270388480","281474270388735"]},"shahrisabz":{"name":"Shahrisabz","latitude":"39.057780","longitude":"66.834170","postcode":"-","gmtOffset":18000,"gmtOffsetName":"UTC+05:00","ip2locationv4":["1539591936","1539592191","3117149184","3117149439"],"ip2locationv6":["281472221335296","281472221335551","281473798892544","281473798892799","55848902776664706393410677066501718016","55848902855892868907675014660045668351"]},"yangi-nishonshahri":{"name":"Yangi-Nishon Shahri","latitude":"38.645010","longitude":"65.689520","postcode":"-","gmtOffset":18000,"gmtOffsetName":"UTC+05:00","ip2locationv4":["1542459136","1542459391"],"ip2locationv6":["281472224202496","281472224202751"]}}},"buxoro":{"name":"Buxoro","cities":{"bukhara":{"name":"Bukhara","latitude":"39.768083","longitude":"64.455577","postcode":"-","gmtOffset":18000,"gmtOffsetName":"UTC+05:00","ip2locationv4":["522721536","522721791","522722048","522722303","1412843008","1412843519","1412843776","1412844031","1412846080","1412846335","1475211008","1475211263","1500014080","1500014335","3117149696","3117149951","3161571584","3161571839","3161578752","3161579007","3588643584","3588643839","3588647680","3588647935","3588649216","3588649471","3588651264","3588651519"],"ip2locationv6":["281471204464896","281471204465151","281471204465408","281471204465663","281472094586368","281472094586879","281472094587136","281472094587391","281472094589440","281472094589695","281472156954368","281472156954623","281472181757440","281472181757695","281473798893056","281473798893311","281473843314944","281473843315199","281473843322112","281473843322367","281474270386944","281474270387199","281474270391040","281474270391295","281474270392576","281474270392831","281474270394624","281474270394879","55885269137084053838480814488057544704","55885269770909353952595515236409147391","55908041212466553751449301264438919168","55908041846291853865564002012790521855"]},"kogon":{"name":"Kogon","latitude":"39.722780","longitude":"64.551670","postcode":"-","gmtOffset":18000,"gmtOffsetName":"UTC+05:00","ip2locationv4":["1412841728","1412841983","1475210496","1475210751","3588641024","3588641279"],"ip2locationv6":["281472094585088","281472094585343","281472156953856","281472156954111","281474270384384","281474270384639"]},"ghijduwon":{"name":"Ghijduwon","latitude":"40.100000","longitude":"64.683330","postcode":"-","gmtOffset":18000,"gmtOffsetName":"UTC+05:00","ip2locationv4":["1412843520","1412843775","3161576192","3161576447"],"ip2locationv6":["281472094586880","281472094587135","281473843319552","281473843319807"]},"qorovulbozor":{"name":"Qorovulbozor","latitude":"39.500560","longitude":"64.793610","postcode":"-","gmtOffset":18000,"gmtOffsetName":"UTC+05:00","ip2locationv4":["1412844800","1412845055"],"ip2locationv6":["281472094588160","281472094588415"]},"romiton":{"name":"Romiton","latitude":"39.929440","longitude":"64.379440","postcode":"-","gmtOffset":18000,"gmtOffsetName":"UTC+05:00","ip2locationv4":["3161576960","3161577215","3161583872","3161584127","3588643840","3588644095"],"ip2locationv6":["281473843320320","281473843320575","281473843327232","281473843327487","281474270387200","281474270387455"]},"olot":{"name":"Olot","latitude":"39.415000","longitude":"63.803330","postcode":"-","gmtOffset":18000,"gmtOffsetName":"UTC+05:00","ip2locationv4":["3588641536","3588641791"],"ip2locationv6":["281474270384896","281474270385151"]}}},"navoiy":{"name":"Navoiy","cities":{"navoiyshahri":{"name":"Navoiy Shahri","latitude":"40.092940","longitude":"65.371200","postcode":"-","gmtOffset":18000,"gmtOffsetName":"UTC+05:00","ip2locationv4":["628019968","628020223","1412856064","1412856319","1475210240","1475210495","1475210752","1475211007","1570585088","1570585343","3114474240","3114474495"],"ip2locationv6":["281471309763328","281471309763583","281472094599424","281472094599679","281472156953600","281472156953855","281472156954112","281472156954367","281472252328448","281472252328703","281473796217600","281473796217855"]},"uchquduqshahri":{"name":"Uchquduq Shahri","latitude":"42.150010","longitude":"63.552210","postcode":"-","gmtOffset":18000,"gmtOffsetName":"UTC+05:00","ip2locationv4":["1502769152","1502769407","3642662912","3642663167"],"ip2locationv6":["281472184512512","281472184512767","281474324406272","281474324406527"]},"navoiy":{"name":"Navoiy","latitude":"40.084440","longitude":"65.379170","postcode":"-","gmtOffset":18000,"gmtOffsetName":"UTC+05:00","ip2locationv4":["1508700160","1508700415"],"ip2locationv6":["281472190443520","281472190443775"]},"tomdibuloq":{"name":"Tomdibuloq","latitude":"41.750800","longitude":"64.617110","postcode":"-","gmtOffset":18000,"gmtOffsetName":"UTC+05:00","ip2locationv4":["3161573376","3161573631","3161580800","3161581055","3161581312","3161581567","3161583104","3161583359","3161584128","3161584383"],"ip2locationv6":["281473843316736","281473843316991","281473843324160","281473843324415","281473843324672","281473843324927","281473843326464","281473843326719","281473843327488","281473843327743","55857122385326731379234797701870649344","55857122385404102631690133969051844607"]}}},"farg\u0027ona":{"name":"Farg\u0027ona","cities":{"qo\u0027qon":{"name":"Qo\u0027qon","latitude":"40.528610","longitude":"70.942500","postcode":"-","gmtOffset":18000,"gmtOffsetName":"UTC+05:00","ip2locationv4":["628020736","628020991","1053918464","1053918719","1412855808","1412856063","1586315520","1586315775","1586317824","1586318079","1586319872","1586320127","1587428096","1587428351","1587428608","1587429119","1842346496","1842347007","3116685824","3116686079","3588650496","3588650751"],"ip2locationv6":["281471309764096","281471309764351","281471735661824","281471735662079","281472094599168","281472094599423","281472268058880","281472268059135","281472268061184","281472268061439","281472268063232","281472268063487","281472269171456","281472269171711","281472269171968","281472269172479","281472524089856","281472524090367","281473798429184","281473798429439","281474270393856","281474270394111"]},"farg\u0027ona":{"name":"Farg\u0027ona","latitude":"40.384210","longitude":"71.784320","postcode":"-","gmtOffset":18000,"gmtOffsetName":"UTC+05:00","ip2locationv4":["1407034624","1407035391","1540157184","1540157439","1587425280","1587425535","1842345984","1842346495","1842347008","1842347263","3116686080","3116686335","3588638208","3588638463"],"ip2locationv6":["281472088777984","281472088778751","281472221900544","281472221900799","281472269168640","281472269168895","281472524089344","281472524089855","281472524090368","281472524090623","281473798429440","281473798429695","281474270381568","281474270381823"]},"kirgili":{"name":"Kirgili","latitude":"40.435830","longitude":"71.767220","postcode":"-","gmtOffset":18000,"gmtOffsetName":"UTC+05:00","ip2locationv4":["1587426048","1587426303","1842345472","1842345983","3642663168","3642663423"],"ip2locationv6":["281472269169408","281472269169663","281472524088832","281472524089343","281474324406528","281474324406783"]},"quva":{"name":"Quva","latitude":"40.523610","longitude":"72.061670","postcode":"-","gmtOffset":18000,"gmtOffsetName":"UTC+05:00","ip2locationv4":["3112929792","3112930047","3114473984","3114474239"],"ip2locationv6":["281473794673152","281473794673407","281473796217344","281473796217599"]},"toshloq":{"name":"Toshloq","latitude":"40.477220","longitude":"71.767780","postcode":"-","gmtOffset":18000,"gmtOffsetName":"UTC+05:00","ip2locationv4":["3117461760","3117462015","3260881408","3260881663"],"ip2locationv6":["281473799205120","281473799205375","281473942624768","281473942625023"]},"yaypan":{"name":"Yaypan","latitude":"40.375830","longitude":"70.815560","postcode":"-","gmtOffset":18000,"gmtOffsetName":"UTC+05:00","ip2locationv4":["3588644352","3588644607"],"ip2locationv6":["281474270387712","281474270387967"]},"marg\u0027ilon":{"name":"Marg\u0027ilon","latitude":"40.471110","longitude":"71.724720","postcode":"-","gmtOffset":18000,"gmtOffsetName":"UTC+05:00","ip2locationv4":["3588648192","3588648447"],"ip2locationv6":["281474270391552","281474270391807"]}}},"jizzax":{"name":"Jizzax","cities":{"dustlik":{"name":"Dustlik","latitude":"40.524720","longitude":"68.035830","postcode":"-","gmtOffset":18000,"gmtOffsetName":"UTC+05:00","ip2locationv4":["763461632","763461887","3588650240","3588650495"],"ip2locationv6":["281471445204992","281471445205247","281474270393600","281474270393855"]},"jizzax":{"name":"Jizzax","latitude":"40.115830","longitude":"67.842220","postcode":"-","gmtOffset":18000,"gmtOffsetName":"UTC+05:00","ip2locationv4":["1508694784","1508695039","3161572352","3161572607","3588646656","3588646911"],"ip2locationv6":["281472190438144","281472190438399","281473843315712","281473843315967","281474270390016","281474270390271"]},"paxtakor":{"name":"Paxtakor","latitude":"40.315280","longitude":"67.954440","postcode":"-","gmtOffset":18000,"gmtOffsetName":"UTC+05:00","ip2locationv4":["3588636672","3588636927"],"ip2locationv6":["281474270380032","281474270380287"]}}},"samarqand":{"name":"Samarqand","cities":{"samarqand":{"name":"Samarqand","latitude":"39.654170","longitude":"66.959720","postcode":"-","gmtOffset":18000,"gmtOffsetName":"UTC+05:00","ip2locationv4":["764292096","764292607","788481536","788482047","1053917696","1053917951","1053920768","1053921279","1053921792","1053922303","1053925120","1053925375","1055469568","1055469823","1347475200","1347475455","1347475968","1347476223","1389849600","1389850111","1412844288","1412844543","1435429376","1435429631","1435430144","1435430399","1508689152","1508689407","1508689920","1508690175","1508691456","1508691711","1508696064","1508696319","1508698112","1508698367","1508699392","1508699647","1508699904","1508700159","1508700416","1508700671","1508701696","1508702207","1508703232","1508703487","1539080704","1539080959","1539081216","1539081727","1539082240","1539083519","1539083776","1539084031","1539084288","1539086335","1540666368","1540666623","1546004224","1546004479","1560136192","1560136447","1571424768","1571425023","1586316800","1586317055","3000684032","3000684287","3109911552","3109912575","3161586176","3161586431","3256901632","3256902655","3258408192","3258408447","3268743168","3268743423","3276127488","3276127743","3281915392","3281915647","3281918208","3281918463","3394222080","3394222335","3588640000","3588640255","3588644608","3588644863","3588648704","3588648959","3588650752","3588651007","3642663424","3642663679","3642663936","3642664191","3642664448","3642664959","3642665472","3642665983"],"ip2locationv6":["281471446035456","281471446035967","281471470224896","281471470225407","281471735661056","281471735661311","281471735664128","281471735664639","281471735665152","281471735665663","281471735668480","281471735668735","281471737212928","281471737213183","281472029218560","281472029218815","281472029219328","281472029219583","281472071592960","281472071593471","281472094587648","281472094587903","281472117172736","281472117172991","281472117173504","281472117173759","281472190432512","281472190432767","281472190433280","281472190433535","281472190434816","281472190435071","281472190439424","281472190439679","281472190441472","281472190441727","281472190442752","281472190443007","281472190443264","281472190443519","281472190443776","281472190444031","281472190445056","281472190445567","281472190446592","281472190446847","281472220824064","281472220824319","281472220824576","281472220825087","281472220825600","281472220826879","281472220827136","281472220827391","281472220827648","281472220829695","281472222409728","281472222409983","281472227747584","281472227747839","281472241879552","281472241879807","281472253168128","281472253168383","281472268060160","281472268060415","281473682427392","281473682427647","281473791654912","281473791655935","281473843329536","281473843329791","281473938644992","281473938646015","281473940151552","281473940151807","281473950486528","281473950486783","281473957870848","281473957871103","281473963658752","281473963659007","281473963661568","281473963661823","281474075965440","281474075965695","281474270383360","281474270383615","281474270387968","281474270388223","281474270392064","281474270392319","281474270394112","281474270394367","281474324406784","281474324407039","281474324407296","281474324407551","281474324407808","281474324408319","281474324408832","281474324409343","50543536620261144930122081497560121344","50543536620270816336678998530957770751","55854952634202535461087798982952878080","55854952634202540201901025926307643391","55878094350898383247983416454070403072","55878094350898383266430160527779954687","55878094350937068874211084587661000704","55878094350937068892657828661370552319","55878094350975754500438752721251598336","55878094350975754518885496794961149951","55878094351014440126666420854842195968","55878094351014440145113164928551747583","55878094458212310403534819034388234240","55878094458221981810091736067785883647","55878094537440472917799156627932184576","55878094537450144324356073661329833983","55878094696206282956149176883744866304","55878094696215954362706093917142515711","55878094775434445470413514477288816640","55878094775444116876970431510686466047"]},"jomboy":{"name":"Jomboy","latitude":"39.698890","longitude":"67.093330","postcode":"-","gmtOffset":18000,"gmtOffsetName":"UTC+05:00","ip2locationv4":["1509506304","1509506559","3281917696","3281917951"],"ip2locationv6":["281472191249664","281472191249919","281473963661056","281473963661311"]},"kattaqo\u0027rg\u0027on":{"name":"Kattaqo\u0027rg\u0027on","latitude":"39.898890","longitude":"66.256110","postcode":"-","gmtOffset":18000,"gmtOffsetName":"UTC+05:00","ip2locationv4":["3112929536","3112929791"],"ip2locationv6":["281473794672896","281473794673151"]},"oqtosh":{"name":"Oqtosh","latitude":"39.921390","longitude":"65.925280","postcode":"-","gmtOffset":18000,"gmtOffsetName":"UTC+05:00","ip2locationv4":["3161574912","3161575167"],"ip2locationv6":["281473843318272","281473843318527"]}}},"andijon":{"name":"Andijon","cities":{"asaka":{"name":"Asaka","latitude":"40.641390","longitude":"72.237220","postcode":"-","gmtOffset":18000,"gmtOffsetName":"UTC+05:00","ip2locationv4":["1053923840","1053924095","3161579008","3161579263","3161581568","3161581823"],"ip2locationv6":["281471735667200","281471735667455","281473843322368","281473843322623","281473843324928","281473843325183","55879245261431769292364902154425597952","55879245895257069406479602902777200639"]},"andijon":{"name":"Andijon","latitude":"40.783060","longitude":"72.343890","postcode":"-","gmtOffset":18000,"gmtOffsetName":"UTC+05:00","ip2locationv4":["1412849152","1412849407","1412855296","1412855551","1571425024","1571425279","3394222336","3394223359","3588638464","3588638719","3588640256","3588640511"],"ip2locationv6":["281472094592512","281472094592767","281472094598656","281472094598911","281472253168384","281472253168639","281474075965696","281474075966719","281474270381824","281474270382079","281474270383616","281474270383871","50543536620251473523565164464162471936","50543536620261144930122081497560121343","55878094350898383690705274223099641856","55878094350898383709152018296809193471","55878094350937069316932942356690239488","55878094350937069335379686430399791103","55878094350975754943160610490280837120","55878094350975754961607354563990388735","55878094351014440569388278623871434752","55878094351014440587835022697580986367","55878094458202638996977902000990584832","55878094458212310403534819034388234239","55878094537430801511242239594534535168","55878094537440472917799156627932184575","55878094696196611549592259850347216896","55878094696206282956149176883744866303","55878094775424774063856597443891167232","55878094775434445470413514477288816639"]}}},"surxondaryo":{"name":"Surxondaryo","cities":{"tirmiz":{"name":"Tirmiz","latitude":"37.224170","longitude":"67.278330","postcode":"-","gmtOffset":18000,"gmtOffsetName":"UTC+05:00","ip2locationv4":["1347476224","1347476479","1412845312","1412845567","1844971776","1844972031","3588646144","3588646399","3588649728","3588649983"],"ip2locationv6":["281472029219584","281472029219839","281472094588672","281472094588927","281472526715136","281472526715391","281474270389504","281474270389759","281474270393088","281474270393343"]},"kyzyldzhar":{"name":"Kyzyldzhar","latitude":"41.566670","longitude":"70.016670","postcode":"-","gmtOffset":18000,"gmtOffsetName":"UTC+05:00","ip2locationv4":["1475209984","1475210239","1502771456","1502771711","3281912320","3281912575"],"ip2locationv6":["281472156953344","281472156953599","281472184514816","281472184515071","281473963655680","281473963655935"]},"denov":{"name":"Denov","latitude":"38.266670","longitude":"67.900000","postcode":"-","gmtOffset":18000,"gmtOffsetName":"UTC+05:00","ip2locationv4":["1502757632","1502757887"],"ip2locationv6":["281472184500992","281472184501247"]}}},"qoraqalpog\u0027istonrespublikasi":{"name":"Qoraqalpog\u0027iston Respublikasi","cities":{"nukus":{"name":"Nukus","latitude":"42.453060","longitude":"59.610280","postcode":"-","gmtOffset":18000,"gmtOffsetName":"UTC+05:00","ip2locationv4":["1407059456","1407059711","3161572864","3161573119","3161575168","3161575423","3161577472","3161577983","3161582080","3161582335","3161583360","3161583615","3161584384","3161584639","3161585664","3161586175","3588644864","3588645119"],"ip2locationv6":["281472088802816","281472088803071","281473843316224","281473843316479","281473843318528","281473843318783","281473843320832","281473843321343","281473843325440","281473843325695","281473843326720","281473843326975","281473843327744","281473843327999","281473843329024","281473843329535","281474270388224","281474270388479","42540539516681641419532039043453812785","42540539516681641419532039043453812785"]},"mang\u0027itshahri":{"name":"Mang\u0027it Shahri","latitude":"42.122150","longitude":"60.062760","postcode":"-","gmtOffset":18000,"gmtOffsetName":"UTC+05:00","ip2locationv4":["1412849408","1412849663","3588639488","3588639743"],"ip2locationv6":["281472094592768","281472094593023","281474270382848","281474270383103"]},"qo\u0027ng\u0027irotshahri":{"name":"Qo\u0027ng\u0027irot Shahri","latitude":"43.052070","longitude":"58.845960","postcode":"-","gmtOffset":18000,"gmtOffsetName":"UTC+05:00","ip2locationv4":["3108636160","3108636415","3281912576","3281912831"],"ip2locationv6":["281473790379520","281473790379775","281473963655936","281473963656191"]},"oltinko\u0027l":{"name":"Oltinko\u0027l","latitude":"43.068740","longitude":"58.903720","postcode":"-","gmtOffset":18000,"gmtOffsetName":"UTC+05:00","ip2locationv4":["3161587456","3161587711"],"ip2locationv6":["281473843330816","281473843331071"]}}},"xorazm":{"name":"Xorazm","cities":{"xiva":{"name":"Xiva","latitude":"41.385550","longitude":"60.364080","postcode":"-","gmtOffset":18000,"gmtOffsetName":"UTC+05:00","ip2locationv4":["1412842496","1412842751","3588642304","3588642815","3588644096","3588644351","3588651008","3588651263"],"ip2locationv6":["281472094585856","281472094586111","281474270385664","281474270386175","281474270387456","281474270387711","281474270394368","281474270394623"]},"urganch":{"name":"Urganch","latitude":"41.550000","longitude":"60.633330","postcode":"-","gmtOffset":18000,"gmtOffsetName":"UTC+05:00","ip2locationv4":["1547685120","1547685375","3104188416","3104188671","3117803008","3117803263","3161574144","3161574399","3161576704","3161576959"],"ip2locationv6":["281472229428480","281472229428735","281473785931776","281473785932031","281473799546368","281473799546623","281473843317504","281473843317759","281473843320064","281473843320319"]},"khiwa":{"name":"Khiwa","latitude":"41.378330","longitude":"60.363890","postcode":"-","gmtOffset":18000,"gmtOffsetName":"UTC+05:00","ip2locationv4":["3281916928","3281917183","3588642048","3588642303"],"ip2locationv6":["281473963660288","281473963660543","281474270385408","281474270385663"]}}},"namangan":{"name":"Namangan","cities":{"turagurghon":{"name":"Turagurghon","latitude":"40.999840","longitude":"71.511620","postcode":"-","gmtOffset":18000,"gmtOffsetName":"UTC+05:00","ip2locationv4":["1412846848","1412847103","3161571328","3161571583"],"ip2locationv6":["281472094590208","281472094590463","281473843314688","281473843314943"]},"turagurghonshahri":{"name":"Turagurghon Shahri","latitude":"41.003340","longitude":"71.510560","postcode":"-","gmtOffset":18000,"gmtOffsetName":"UTC+05:00","ip2locationv4":["1412848896","1412849151","3588652032","3588652287"],"ip2locationv6":["281472094592256","281472094592511","281474270395392","281474270395647"]},"namangan":{"name":"Namangan","latitude":"40.998300","longitude":"71.672570","postcode":"-","gmtOffset":18000,"gmtOffsetName":"UTC+05:00","ip2locationv4":["1412856576","1412856831","3000683776","3000684031"],"ip2locationv6":["281472094599936","281472094600191","281473682427136","281473682427391"]},"chust":{"name":"Chust","latitude":"41.009360","longitude":"71.228700","postcode":"-","gmtOffset":18000,"gmtOffsetName":"UTC+05:00","ip2locationv4":["3642665216","3642665471"],"ip2locationv6":["281474324408576","281474324408831"]},"pop":{"name":"Pop","latitude":"40.873610","longitude":"71.108890","postcode":"-","gmtOffset":18000,"gmtOffsetName":"UTC+05:00","ip2locationv6":["53174322272709564176271814635567448067","53174322272709564176271814635567448067","53174322272709564176271814635567448069","53174322272709564176271814635567448069","53174322744828946728989026737270554657","53174322744828946728989026737270554657","55831044115008691097602391511744380971","55831044115008691097602391511744380971"]}}},"sirdaryo":{"name":"Sirdaryo","cities":{"guliston":{"name":"Guliston","latitude":"40.489720","longitude":"68.784170","postcode":"-","gmtOffset":18000,"gmtOffsetName":"UTC+05:00","ip2locationv4":["3588641792","3588642047"],"ip2locationv6":["281474270385152","281474270385407"]}}}}}