{"id":115,"name":"North Korea","iso3":"PRK","iso2":"KP","numeric_code":"408","phone_code":"850","capital":"Pyongyang","currency":"KPW","currency_name":"North Korean Won","currency_symbol":"\u20a9","tld":".kp","native":"\ubd81\ud55c","region":"Asia","region_id":"3","subregion":"Eastern Asia","subregion_id":"12","nationality":"North Korean","timezones":[{"zoneName":"Asia/Pyongyang","gmtOffset":32400,"gmtOffsetName":"UTC+09:00","abbreviation":"KST","tzName":"Korea Standard Time"}],"translations":{"kr":"\uc870\uc120\ubbfc\uc8fc\uc8fc\uc758\uc778\ubbfc\uacf5\ud654\uad6d","pt-BR":"Coreia do Norte","pt":"Coreia do Norte","nl":"Noord-Korea","hr":"Sjeverna Koreja","fa":"\u06a9\u0631\u0647 \u062c\u0646\u0648\u0628\u06cc","de":"Nordkorea","es":"Corea del Norte","fr":"Cor\u00e9e du Nord","ja":"\u671d\u9bae\u6c11\u4e3b\u4e3b\u7fa9\u4eba\u6c11\u5171\u548c\u56fd","it":"Corea del Nord","cn":"\u671d\u9c9c","tr":"Kuzey Kore"},"latitude":"40.00000000","longitude":"127.00000000","emoji":"\ud83c\uddf0\ud83c\uddf5","emojiU":"U+1F1F0 U+1F1F5","states":{"chagangprovince":{"id":3998,"name":"Chagang Province","state_code":"04","latitude":"40.72028090","longitude":"126.56211370","type":null,"cities":{"changgang-gun":{"id":65186,"name":"Changgang-gun","latitude":"41.06333000","longitude":"126.72556000"},"chas\u014fng":{"id":65188,"name":"Chas\u014fng","latitude":"41.46083000","longitude":"126.64139000"},"kanggye":{"id":65208,"name":"Kanggye","latitude":"40.96946000","longitude":"126.58523000"},"manp\u2019o":{"id":65221,"name":"Manp\u2019o","latitude":"41.15472000","longitude":"126.28944000"}}},"kangwonprovince":{"id":3999,"name":"Kangwon Province","state_code":"07","latitude":"38.84323930","longitude":"127.55970670","type":null,"cities":{"anby\u014fn-\u016dp":{"id":65181,"name":"Anby\u014fn-\u016dp","latitude":"39.04250000","longitude":"127.52389000"},"hoeyang":{"id":65198,"name":"Hoeyang","latitude":"38.71028000","longitude":"127.59833000"},"kosan":{"id":65214,"name":"Kosan","latitude":"38.85583000","longitude":"127.41806000"},"t\u2019ongch\u2019\u014fn-\u016dp":{"id":65250,"name":"T\u2019ongch\u2019\u014fn-\u016dp","latitude":"38.95389000","longitude":"127.89167000"},"w\u014fnsan":{"id":65252,"name":"W\u014fnsan","latitude":"39.15278000","longitude":"127.44361000"}}},"northhamgyongprovince":{"id":3995,"name":"North Hamgyong Province","state_code":"09","latitude":"41.81487580","longitude":"129.45819550","type":null,"cities":{"aoji":{"id":65183,"name":"Aoji","latitude":"42.52448000","longitude":"130.39718000"},"chongjin":{"id":65189,"name":"Chongjin","latitude":"41.79556000","longitude":"129.77583000"},"hau-ri":{"id":65195,"name":"Hau-ri","latitude":"41.20056000","longitude":"129.47028000"},"hoemul-li":{"id":65196,"name":"Hoemul-li","latitude":"41.43389000","longitude":"129.67000000"},"hoery\u014fng":{"id":65197,"name":"Hoery\u014fng","latitude":"42.44113000","longitude":"129.74601000"},"kilju":{"id":65210,"name":"Kilju","latitude":"40.96417000","longitude":"129.32778000"},"kimch\u2019aek-si":{"id":65211,"name":"Kimch\u2019aek-si","latitude":"40.66889000","longitude":"129.18972000"},"komusanil-tong":{"id":65213,"name":"Komusan Il-tong","latitude":"42.10914000","longitude":"129.69997000"},"ky\u014fngs\u014fng":{"id":65219,"name":"Ky\u014fngs\u014fng","latitude":"41.58778000","longitude":"129.60611000"},"ky\u014fngw\u014fn":{"id":65220,"name":"Ky\u014fngw\u014fn","latitude":"42.81361000","longitude":"130.15278000"},"musan-\u016dp":{"id":65222,"name":"Musan-\u016dp","latitude":"42.22609000","longitude":"129.20776000"},"namyang-dong":{"id":65224,"name":"Namyang-dong","latitude":"42.95000000","longitude":"129.86667000"},"nanam":{"id":65225,"name":"Nanam","latitude":"41.71361000","longitude":"129.68444000"},"ons\u014fng":{"id":65227,"name":"Ons\u014fng","latitude":"42.95722000","longitude":"129.99333000"},"pury\u014fng":{"id":65230,"name":"Pury\u014fng","latitude":"42.06056000","longitude":"129.71167000"},"s\u016dngam-nodongjagu":{"id":65247,"name":"S\u016dngam-nodongjagu","latitude":"41.66972000","longitude":"129.66889000"}}},"northhwanghaeprovince":{"id":4004,"name":"North Hwanghae Province","state_code":"06","latitude":"38.37860850","longitude":"126.43643630","type":null,"cities":{"anak":{"id":65180,"name":"Anak","latitude":"38.51083000","longitude":"125.49417000"},"h\u016dkkyo-ri":{"id":65203,"name":"H\u016dkkyo-ri","latitude":"38.79861000","longitude":"125.79194000"},"hwangju-\u016dp":{"id":65200,"name":"Hwangju-\u016dp","latitude":"38.67028000","longitude":"125.77611000"},"koksan":{"id":65212,"name":"Koksan","latitude":"38.78194000","longitude":"126.66639000"},"sariw\u014fn":{"id":65237,"name":"Sariw\u014fn","latitude":"38.50722000","longitude":"125.75583000"},"sinmak":{"id":65240,"name":"Sinmak","latitude":"38.41667000","longitude":"126.23333000"},"songnim":{"id":65243,"name":"Songnim","latitude":"38.75417000","longitude":"125.64500000"}}},"northpyonganprovince":{"id":4002,"name":"North Pyongan Province","state_code":"03","latitude":"39.92556180","longitude":"125.39280250","type":null,"cities":{"ch\u014fngju":{"id":65191,"name":"Ch\u014fngju","latitude":"39.69333000","longitude":"125.21028000"},"ch\u014fngju-gun":{"id":65192,"name":"Ch\u014fngju-gun","latitude":"39.70944000","longitude":"125.25278000"},"kujang-\u016dp":{"id":65216,"name":"Kujang-\u016dp","latitude":"39.86722000","longitude":"126.03028000"},"kus\u014fng":{"id":65217,"name":"Kus\u014fng","latitude":"39.98111000","longitude":"125.24472000"},"kwaksan":{"id":65218,"name":"Kwaksan","latitude":"39.68750000","longitude":"125.08278000"},"panghy\u014fn-dong":{"id":65228,"name":"Panghy\u014fn-dong","latitude":"39.88722000","longitude":"125.24139000"},"pukchil-lodongjagu":{"id":65229,"name":"Pukchil-lodongjagu","latitude":"40.20194000","longitude":"125.74833000"},"sakchu-\u016dp":{"id":65234,"name":"Sakchu-\u016dp","latitude":"40.38944000","longitude":"125.04667000"},"sin\u016diju":{"id":65242,"name":"Sin\u016diju","latitude":"40.10056000","longitude":"124.39806000"},"\u016ciju":{"id":65259,"name":"\u016ciju","latitude":"40.19944000","longitude":"124.53167000"},"y\u014fmju-\u016dp":{"id":65255,"name":"Y\u014fmju-\u016dp","latitude":"39.89333000","longitude":"124.59806000"},"y\u014fngby\u014fn":{"id":65257,"name":"Y\u014fngby\u014fn","latitude":"39.81333000","longitude":"125.80417000"}}},"pyongyang":{"id":4005,"name":"Pyongyang","state_code":"01","latitude":"39.03921930","longitude":"125.76252410","type":null,"cities":{"chunghwa":{"id":65190,"name":"Chunghwa","latitude":"38.86389000","longitude":"125.80000000"},"kangdong-\u016dp":{"id":65207,"name":"Kangdong-\u016dp","latitude":"39.14250000","longitude":"126.09611000"},"pyongyang":{"id":65231,"name":"Pyongyang","latitude":"39.03385000","longitude":"125.75432000"},"sunan":{"id":65244,"name":"Sunan","latitude":"39.19833000","longitude":"125.69000000"},"s\u016dngho1-tong":{"id":65248,"name":"S\u016dngho 1-tong","latitude":"38.99139000","longitude":"125.97778000"}}},"rason":{"id":4001,"name":"Rason","state_code":"13","latitude":"42.25690630","longitude":"130.29771860","type":null,"cities":{"s\u014fnbong":{"id":65246,"name":"S\u014fnbong","latitude":"42.35118000","longitude":"130.38307000"},"ungsang-nodongjagu":{"id":65251,"name":"Ungsang-nodongjagu","latitude":"42.35778000","longitude":"130.46222000"}}},"ryanggangprovince":{"id":3996,"name":"Ryanggang Province","state_code":"10","latitude":"41.23189210","longitude":"128.50763590","type":null,"cities":{"hyesan":{"id":65201,"name":"Hyesan","latitude":"41.40167000","longitude":"128.17778000"},"hyesan-dong":{"id":65202,"name":"Hyesan-dong","latitude":"41.39756000","longitude":"128.17873000"},"kapsan-\u016dp":{"id":65209,"name":"Kapsan-\u016dp","latitude":"41.09028000","longitude":"128.29333000"},"s\u016dngjibaegam":{"id":65249,"name":"S\u016dngjibaegam","latitude":"41.24278000","longitude":"128.79889000"}}},"southhamgyongprovince":{"id":4000,"name":"South Hamgyong Province","state_code":"08","latitude":"40.37253390","longitude":"128.29888400","type":null,"cities":{"hamh\u016dng":{"id":65194,"name":"Hamh\u016dng","latitude":"39.91833000","longitude":"127.53639000"},"hongw\u014fn":{"id":65199,"name":"Hongw\u014fn","latitude":"40.02528000","longitude":"127.95583000"},"h\u016dngnam":{"id":65204,"name":"H\u016dngnam","latitude":"39.83167000","longitude":"127.61861000"},"iw\u014fn-\u016dp":{"id":65205,"name":"Iw\u014fn-\u016dp","latitude":"40.32306000","longitude":"128.65528000"},"kow\u014fn-\u016dp":{"id":65215,"name":"Kow\u014fn-\u016dp","latitude":"39.43806000","longitude":"127.24306000"},"samho-rodongjagu":{"id":65235,"name":"Samho-rodongjagu","latitude":"39.94750000","longitude":"127.87111000"},"sinsang-ni":{"id":65241,"name":"Sinsang-ni","latitude":"39.65028000","longitude":"127.40583000"},"y\u014fnggwang-\u016dp":{"id":65258,"name":"Y\u014fnggwang-\u016dp","latitude":"40.01833000","longitude":"127.45472000"},"yuktae-dong":{"id":65254,"name":"Yuktae-dong","latitude":"40.02472000","longitude":"128.15972000"}}},"southhwanghaeprovince":{"id":4003,"name":"South Hwanghae Province","state_code":"05","latitude":"38.20072150","longitude":"125.47819260","type":null,"cities":{"ayang-ni":{"id":65184,"name":"Ayang-ni","latitude":"38.24306000","longitude":"125.78000000"},"chaery\u014fng-\u016dp":{"id":65185,"name":"Chaery\u014fng-\u016dp","latitude":"38.39917000","longitude":"125.61556000"},"changy\u014fn":{"id":65187,"name":"Changy\u014fn","latitude":"38.25083000","longitude":"125.09611000"},"haeju":{"id":65193,"name":"Haeju","latitude":"38.04056000","longitude":"125.71472000"},"kaes\u014fng":{"id":65206,"name":"Kaes\u014fng","latitude":"37.97083000","longitude":"126.55444000"},"ongjin":{"id":65226,"name":"Ongjin","latitude":"37.93472000","longitude":"125.36194000"},"py\u014fks\u014fng-\u016dp":{"id":65232,"name":"Py\u014fks\u014fng-\u016dp","latitude":"38.04750000","longitude":"125.55667000"},"y\u014fnan-\u016dp":{"id":65256,"name":"Y\u014fnan-\u016dp","latitude":"37.90889000","longitude":"126.16111000"}}},"southpyonganprovince":{"id":3997,"name":"South Pyongan Province","state_code":"02","latitude":"39.35391780","longitude":"126.16827100","type":null,"cities":{"anju":{"id":65182,"name":"Anju","latitude":"39.61778000","longitude":"125.66472000"},"namp\u2019o":{"id":65223,"name":"Namp\u2019o","latitude":"38.73750000","longitude":"125.40778000"},"p\u2019y\u014fngs\u014fng":{"id":65233,"name":"P\u2019y\u014fngs\u014fng","latitude":"39.24639000","longitude":"125.87194000"},"sangs\u014fng-ni":{"id":65236,"name":"Sangs\u014fng-ni","latitude":"39.16944000","longitude":"126.88556000"},"sil-li":{"id":65238,"name":"Sil-li","latitude":"39.49472000","longitude":"125.47361000"},"sinanju":{"id":65239,"name":"Sinanju","latitude":"39.59806000","longitude":"125.60972000"},"sunch\u2019\u014fn":{"id":65245,"name":"Sunch\u2019\u014fn","latitude":"39.43167000","longitude":"125.93278000"},"yonggang-\u016dp":{"id":65253,"name":"Yonggang-\u016dp","latitude":"38.85611000","longitude":"125.42444000"}}},"p\u0027yongyang":{"name":"P\u0027yongyang","cities":{"pyongyang":{"name":"Pyongyang","latitude":"39.033850","longitude":"125.754320","postcode":"-","gmtOffset":32400,"gmtOffsetName":"UTC+09:00","ip2locationv4":["961140224","961140735","2939006976","2939007999"],"ip2locationv6":["281471642883584","281471642884095","281473620750336","281473620751359","50543536577000943401032191109874319360","50543536577010614807589108143271968767","55878094333257737688166747536757882880","55878094333257737706613491610467434495","55878094333296423314394415670348480512","55878094333296423332841159744058032127","55878094333335108940622083803939078144","55878094333335108959068827877648629759","55878094333373794566849751937529675776","55878094333373794585296496011239227391","55878094414952108874444928646702432256","55878094414961780281001845680100081663","55878094494180271388709266240246382592","55878094494189942795266183273644031999","55878094652839695954933199128684920832","55878094652849367361490116162082570239","55878094732067858469197536722228871168","55878094732077529875754453755626520575"]}}}}}