{"id":147,"name":"Montenegro","iso3":"MNE","iso2":"ME","numeric_code":"499","phone_code":"382","capital":"Podgorica","currency":"EUR","currency_name":"Euro","currency_symbol":"\u20ac","tld":".me","native":"\u0426\u0440\u043d\u0430 \u0413\u043e\u0440\u0430","region":"Europe","region_id":"4","subregion":"Southern Europe","subregion_id":"16","nationality":"Montenegrin","timezones":[{"zoneName":"Europe/Podgorica","gmtOffset":3600,"gmtOffsetName":"UTC+01:00","abbreviation":"CET","tzName":"Central European Time"}],"translations":{"kr":"\ubaac\ud14c\ub124\uadf8\ub85c","pt-BR":"Montenegro","pt":"Montenegro","nl":"Montenegro","hr":"Crna Gora","fa":"\u0645\u0648\u0646\u062a\u0647\u200c\u0646\u06af\u0631\u0648","de":"Montenegro","es":"Montenegro","fr":"Mont\u00e9n\u00e9gro","ja":"\u30e2\u30f3\u30c6\u30cd\u30b0\u30ed","it":"Montenegro","cn":"\u9ed1\u5c71","tr":"Karada\u011f"},"latitude":"42.50000000","longitude":"19.30000000","emoji":"\ud83c\uddf2\ud83c\uddea","emojiU":"U+1F1F2 U+1F1EA","states":{"andrijevicamunicipality":{"id":23,"name":"Andrijevica Municipality","state_code":"01","latitude":"42.73624770","longitude":"19.78595560","type":null,"cities":{"andrijevica":{"id":67343,"name":"Andrijevica","latitude":"42.73389000","longitude":"19.79194000"}}},"barmunicipality":{"id":13,"name":"Bar Municipality","state_code":"02","latitude":"42.12781190","longitude":"19.14043800","type":null,"cities":{"bar":{"id":67344,"name":"Bar","latitude":"42.09306000","longitude":"19.10028000"},"staribar":{"id":67369,"name":"Stari Bar","latitude":"42.09700000","longitude":"19.13600000"},"\u0160u\u0161anj":{"id":67375,"name":"\u0160u\u0161anj","latitude":"42.11556000","longitude":"19.08833000"},"sutomore":{"id":67370,"name":"Sutomore","latitude":"42.14278000","longitude":"19.04667000"}}},"beranemunicipality":{"id":21,"name":"Berane Municipality","state_code":"03","latitude":"42.82572890","longitude":"19.90205090","type":null,"cities":{"berane":{"id":67345,"name":"Berane","latitude":"42.84250000","longitude":"19.87333000"}}},"bijelopoljemunicipality":{"id":25,"name":"Bijelo Polje Municipality","state_code":"04","latitude":"43.08465260","longitude":"19.71154720","type":null,"cities":{"bijelopolje":{"id":67346,"name":"Bijelo Polje","latitude":"43.03834000","longitude":"19.74758000"}}},"budvamunicipality":{"id":30,"name":"Budva Municipality","state_code":"05","latitude":"42.31407200","longitude":"18.83138320","type":null,"cities":{"budva":{"id":67347,"name":"Budva","latitude":"42.28639000","longitude":"18.84000000"},"petrovacnamoru":{"id":67360,"name":"Petrovac na Moru","latitude":"42.20556000","longitude":"18.94250000"}}},"danilovgradmunicipality":{"id":14,"name":"Danilovgrad Municipality","state_code":"07","latitude":"42.58357000","longitude":"19.14043800","type":null,"cities":{"danilovgrad":{"id":67349,"name":"Danilovgrad","latitude":"42.55384000","longitude":"19.14608000"},"spu\u017e":{"id":67368,"name":"Spu\u017e","latitude":"42.51500000","longitude":"19.19500000"}}},"gusinjemunicipality":{"id":24,"name":"Gusinje Municipality","state_code":"22","latitude":"42.55634550","longitude":"19.83060510","type":null,"cities":{"gusinje":{"id":67353,"name":"Gusinje","latitude":"42.56194000","longitude":"19.83389000"}}},"kola\u0161inmunicipality":{"id":31,"name":"Kola\u0161in Municipality","state_code":"09","latitude":"42.76019160","longitude":"19.42591140","type":null,"cities":{"kola\u0161in":{"id":67354,"name":"Kola\u0161in","latitude":"42.82229000","longitude":"19.51653000"}}},"kotormunicipality":{"id":26,"name":"Kotor Municipality","state_code":"10","latitude":"42.57402610","longitude":"18.64131450","type":null,"cities":{"dobrota":{"id":67350,"name":"Dobrota","latitude":"42.45417000","longitude":"18.76833000"},"kotor":{"id":67355,"name":"Kotor","latitude":"42.42067000","longitude":"18.76825000"},"pr\u010danj":{"id":67365,"name":"Pr\u010danj","latitude":"42.45750000","longitude":"18.74222000"},"risan":{"id":67366,"name":"Risan","latitude":"42.51500000","longitude":"18.69556000"}}},"mojkovacmunicipality":{"id":22,"name":"Mojkovac Municipality","state_code":"11","latitude":"42.96880180","longitude":"19.52110630","type":null,"cities":{"mojkovac":{"id":67358,"name":"Mojkovac","latitude":"42.96044000","longitude":"19.58330000"}}},"nik\u0161i\u0107municipality":{"id":17,"name":"Nik\u0161i\u0107 Municipality","state_code":"12","latitude":"42.79971840","longitude":"18.76009630","type":null,"cities":{"nik\u0161i\u0107":{"id":67359,"name":"Nik\u0161i\u0107","latitude":"42.77310000","longitude":"18.94446000"}}},"oldroyalcapitalcetinje":{"id":28,"name":"Old Royal Capital Cetinje","state_code":"06","latitude":"42.39309590","longitude":"18.91159640","type":null,"cities":{"cetinje":{"id":67348,"name":"Cetinje","latitude":"42.39063000","longitude":"18.91417000"}}},"petnjicamunicipality":{"id":12,"name":"Petnjica Municipality","state_code":"23","latitude":"42.93534800","longitude":"20.02114490","type":null},"plavmunicipality":{"id":19,"name":"Plav Municipality","state_code":"13","latitude":"42.60013370","longitude":"19.94075410","type":null,"cities":{"plav":{"id":67361,"name":"Plav","latitude":"42.59694000","longitude":"19.94556000"}}},"pljevljamunicipality":{"id":20,"name":"Pljevlja Municipality","state_code":"14","latitude":"43.27233830","longitude":"19.28315310","type":null,"cities":{"pljevlja":{"id":67362,"name":"Pljevlja","latitude":"43.35670000","longitude":"19.35843000"}}},"plu\u017einemunicipality":{"id":16,"name":"Plu\u017eine Municipality","state_code":"15","latitude":"43.15933840","longitude":"18.85514840","type":null,"cities":{"plu\u017eine":{"id":67363,"name":"Plu\u017eine","latitude":"43.15278000","longitude":"18.83944000"}}},"podgoricamunicipality":{"id":27,"name":"Podgorica Municipality","state_code":"16","latitude":"42.36938340","longitude":"19.28315310","type":null,"cities":{"golubovci":{"id":67351,"name":"Golubovci","latitude":"42.33500000","longitude":"19.23111000"},"gori\u010dani":{"id":67352,"name":"Gori\u010dani","latitude":"42.33222000","longitude":"19.21194000"},"matagu\u017ei":{"id":67356,"name":"Matagu\u017ei","latitude":"42.32361000","longitude":"19.27278000"},"mojanovi\u0107i":{"id":67357,"name":"Mojanovi\u0107i","latitude":"42.34167000","longitude":"19.22139000"},"podgorica":{"id":67364,"name":"Podgorica","latitude":"42.44111000","longitude":"19.26361000"},"tuzi":{"id":67372,"name":"Tuzi","latitude":"42.36556000","longitude":"19.33139000"}}},"ro\u017eajemunicipality":{"id":15,"name":"Ro\u017eaje Municipality","state_code":"17","latitude":"42.84083890","longitude":"20.16706280","type":null,"cities":{"ro\u017eaje":{"id":67367,"name":"Ro\u017eaje","latitude":"42.83299000","longitude":"20.16652000"}}},"\u0160avnikmunicipality":{"id":18,"name":"\u0160avnik Municipality","state_code":"18","latitude":"42.96037560","longitude":"19.14043800","type":null,"cities":{"\u0160avnik":{"id":67374,"name":"\u0160avnik","latitude":"42.95639000","longitude":"19.09667000"}}},"tivatmunicipality":{"id":29,"name":"Tivat Municipality","state_code":"19","latitude":"42.42348000","longitude":"18.71851840","type":null,"cities":{"tivat":{"id":67371,"name":"Tivat","latitude":"42.43639000","longitude":"18.69611000"}}},"ulcinjmunicipality":{"id":33,"name":"Ulcinj Municipality","state_code":"20","latitude":"41.96527950","longitude":"19.30694320","type":null,"cities":{"ulcinj":{"id":67373,"name":"Ulcinj","latitude":"41.92936000","longitude":"19.22436000"}}},"\u017dabljakmunicipality":{"id":32,"name":"\u017dabljak Municipality","state_code":"21","latitude":"43.15551520","longitude":"19.12260180","type":null,"cities":{"\u017dabljak":{"id":67376,"name":"\u017dabljak","latitude":"43.15423000","longitude":"19.12325000"}}},"podgorica":{"name":"Podgorica","cities":{"podgorica":{"name":"Podgorica","latitude":"42.441153","longitude":"19.263437","postcode":"81000","gmtOffset":7200,"gmtOffsetName":"UTC+02:00","ip2locationv4":["400966144","400966399","533512192","533512703","533512960","533513215","533513728","533514239","533514752","533515007","533515264","533526527","533526784","533527551","533528064","533528575","620773376","620775167","628795136","628795391","628796160","628796415","628796672","628797439","628797952","628798719","628799232","628799487","628800512","628800767","635285504","635286015","635286528","635287039","635287296","635287551","763374848","763375103","767919616","767919871","773963776","773966079","773966848","773967615","773967872","773968127","773968384","773969151","773970432","773970687","782319616","782321151","782321408","782323199","782323968","782324223","782325760","782326271","782326528","782326783","782327808","782328575","782329088","782329343","782329600","782329855","782330368","782330879","782331392","782331647","782332416","782332927","782334208","782334463","782334976","782335231","782335488","782335743","962214912","962215935","1040459264","1040459519","1040460544","1040460799","1040461312","1040461567","1040462080","1040462591","1040463104","1040463615","1040464128","1040465919","1053138688","1053138943","1306395136","1306395391","1306398208","1306398719","1306399232","1306399487","1306400768","1306401279","1306401792","1306402559","1318789120","1318789631","1318790400","1318790655","1318792960","1318793215","1318793472","1318793983","1318794496","1318794751","1318795264","1318795519","1318796032","1318796799","1334611968","1334613503","1334614016","1334614527","1334615296","1334616063","1334796288","1334799103","1334799360","1334800383","1360128512","1360129023","1360852992","1360854015","1385517824","1385518079","1432248320","1432249087","1432249344","1432249599","1432250880","1432251135","1432251648","1432252159","1432252672","1432252927","1432253440","1432254463","1432255232","1432255999","1505501184","1505509375","1506787328","1506788607","1506789120","1506789375","1540983296","1540983551","1567844864","1567845119","1583800576","1583801855","1583802112","1583804415","1603993600","1603993855","1603994112","1603994879","1603995648","1603996159","1603996672","1603996927","1604000512","1604000767","1604002816","1604003071","1604003584","1604003839","1604004352","1604004863","1604005888","1604006399","1604007936","1604008447","1604008704","1604009471","1604009728","1604009983","1833459712","1833461247","1833461504","1833462015","1833462272","1833463807","1843675392","1843675647","1843675904","1843676159","1843676672","1843677183","1843677952","1843678463","1843679488","1843679743","1843680512","1843680767","1843681280","1843681535","1843681792","1843682047","1843682560","1843683071","1843683328","1843683583","1843684096","1843684607","1843685120","1843685631","1843685888","1843686399","1843688448","1843688959","1843690240","1843690751","2644985344","2644985599","2961040640","2961040895","3003036416","3003036671","3103861760","3103862015","3104581632","3104582655","3105352704","3105352959","3106454528","3106455551","3107979264","3107980287","3108253696","3108254719","3109052416","3109053439","3112476672","3112477695","3113469952","3113470975","3114524672","3114525695","3115529216","3115530239","3115539456","3115540479","3117455872","3117456127","3117897728","3117898751","3120555008","3120556031","3170862080","3170862335","3240128512","3240129535","3275923456","3275926527","3275927296","3275930623","3275930880","3275931647","3277885952","3277886207","3280774144","3280775167","3287460096","3287460351","3331452416","3331452671","3561297408","3561297919","3561298176","3561298943","3582263296","3582269183","3582269440","3582271487","3583336448","3583337727","3583337984","3583338495","3583338752","3583343103","3583343360","3583343871","3583344128","3583344639"],"ip2locationv6":["281471082709504","281471082709759","281471215255552","281471215256063","281471215256320","281471215256575","281471215257088","281471215257599","281471215258112","281471215258367","281471215258624","281471215269887","281471215270144","281471215270911","281471215271424","281471215271935","281471302516736","281471302518527","281471310538496","281471310538751","281471310539520","281471310539775","281471310540032","281471310540799","281471310541312","281471310542079","281471310542592","281471310542847","281471310543872","281471310544127","281471317028864","281471317029375","281471317029888","281471317030399","281471317030656","281471317030911","281471445118208","281471445118463","281471449662976","281471449663231","281471455707136","281471455709439","281471455710208","281471455710975","281471455711232","281471455711487","281471455711744","281471455712511","281471455713792","281471455714047","281471464062976","281471464064511","281471464064768","281471464066559","281471464067328","281471464067583","281471464069120","281471464069631","281471464069888","281471464070143","281471464071168","281471464071935","281471464072448","281471464072703","281471464072960","281471464073215","281471464073728","281471464074239","281471464074752","281471464075007","281471464075776","281471464076287","281471464077568","281471464077823","281471464078336","281471464078591","281471464078848","281471464079103","281471643958272","281471643959295","281471722202624","281471722202879","281471722203904","281471722204159","281471722204672","281471722204927","281471722205440","281471722205951","281471722206464","281471722206975","281471722207488","281471722209279","281471734882048","281471734882303","281471988138496","281471988138751","281471988141568","281471988142079","281471988142592","281471988142847","281471988144128","281471988144639","281471988145152","281471988145919","281472000532480","281472000532991","281472000533760","281472000534015","281472000536320","281472000536575","281472000536832","281472000537343","281472000537856","281472000538111","281472000538624","281472000538879","281472000539392","281472000540159","281472016355328","281472016356863","281472016357376","281472016357887","281472016358656","281472016359423","281472016539648","281472016542463","281472016542720","281472016543743","281472041871872","281472041872383","281472042596352","281472042597375","281472067261184","281472067261439","281472113991680","281472113992447","281472113992704","281472113992959","281472113994240","281472113994495","281472113995008","281472113995519","281472113996032","281472113996287","281472113996800","281472113997823","281472113998592","281472113999359","281472187244544","281472187252735","281472188530688","281472188531967","281472188532480","281472188532735","281472222726656","281472222726911","281472249588224","281472249588479","281472265543936","281472265545215","281472265545472","281472265547775","281472285736960","281472285737215","281472285737472","281472285738239","281472285739008","281472285739519","281472285740032","281472285740287","281472285743872","281472285744127","281472285746176","281472285746431","281472285746944","281472285747199","281472285747712","281472285748223","281472285749248","281472285749759","281472285751296","281472285751807","281472285752064","281472285752831","281472285753088","281472285753343","281472515203072","281472515204607","281472515204864","281472515205375","281472515205632","281472515207167","281472525418752","281472525419007","281472525419264","281472525419519","281472525420032","281472525420543","281472525421312","281472525421823","281472525422848","281472525423103","281472525423872","281472525424127","281472525424640","281472525424895","281472525425152","281472525425407","281472525425920","281472525426431","281472525426688","281472525426943","281472525427456","281472525427967","281472525428480","281472525428991","281472525429248","281472525429759","281472525431808","281472525432319","281472525433600","281472525434111","281473326728704","281473326728959","281473642784000","281473642784255","281473684779776","281473684780031","281473785605120","281473785605375","281473786324992","281473786326015","281473787096064","281473787096319","281473788197888","281473788198911","281473789722624","281473789723647","281473789997056","281473789998079","281473790795776","281473790796799","281473794220032","281473794221055","281473795213312","281473795214335","281473796268032","281473796269055","281473797272576","281473797273599","281473797282816","281473797283839","281473799199232","281473799199487","281473799641088","281473799642111","281473802298368","281473802299391","281473852605440","281473852605695","281473921871872","281473921872895","281473957666816","281473957669887","281473957670656","281473957673983","281473957674240","281473957675007","281473959629312","281473959629567","281473962517504","281473962518527","281473969203456","281473969203711","281474013195776","281474013196031","281474243040768","281474243041279","281474243041536","281474243042303","281474264006656","281474264012543","281474264012800","281474264014847","281474265079808","281474265081087","281474265081344","281474265081855","281474265082112","281474265086463","281474265086720","281474265087231","281474265087488","281474265087999","42540578165178142822947029478572818432","42540578165178142841393773552282370047","42540578165184213812442383955395608576","42540578165184213830889128029105160191","42540578165216878882572995134077534208","42540578165216878901019739207787085823","42540578165300237966601401595422834688","42540578165300237985048145669132386303","42540578174773394763967364048808312832","42540578174773394782414108122517864447","42540578174775799592205277268214284288","42540578174775799610652021341923835903","42540578174775876238426903531401248768","42540578174775876256873647605110800383","42540578174787896192205564896362889216","42540578174787896210652308970072440831","42540578174787934100264636369491460096","42540578174787934118711380443201011711","42540578174795147035451873836107038720","42540578174795147053898617909816590335","42540578174795159413217147295216173056","42540578174795159431663891368925724671","42540578174812065392992100256533446656","42540578174812065411438844330242998271","42540578174812065503672564698790756352","42540578174812065540566052846209859583","42540578174812076258124359671459348480","42540578174812076276571103745168900095","42540578174814484425222950232294162432","42540578174814484443669694306003714047","42540578174819327544092526380232736768","42540578174819327562539270453942288383","42540578234790496916444356862556504064","42540578234791705842263971491731210239","42540619365060577828135708642378776576","42540619365061786753955323271553482751","42540649787468475337665944646898941952","42540649787469684263485559276073648127","50512955727753369469687411088893673472","50512955727754578395507025718068379647","50541822699723737369957599376262037504","50541822699762422996185267509852635135","50543536577561884981333379046937985024","50543536577571556387890296080335634431","50547156965382335764990677020535947264","50547156965383544690810291649710653439","50549190276972907138801814203495612416","50549190276974116064621428832670318591","55830313948262959637467129410698084352","55830314582088259751581830159049687039","55832737696210596012082791107226763264","55832738330035896126197491855578365951","55834418600906498644269175735677091840","55834418680134661158533513329221042175","55838750786155848010867289505170194432","55838750786155848029314033578879746047","55838750786156524563652936876685262848","55838750786156524582099680950394814463","55838750786157056936686904134344900608","55838750786157056955133648208054452223","55838750786160683714145748021869019136","55838750786160683732592492095578570751","55838750786161360266931395393384087552","55838750786161360285378139467093639167","55838750786161892639965362651043725312","55838750786161892658412106724753276927","55838750786165519417424206538567843840","55838750786165519435870950612277395455","55838750786166195970209853910082912256","55838750786166195988656597983792463871","55838750786166728343243821167742550016","55838750786166728361690565241452101631","55839309196922179153300150016643432448","55839309830747479267414850764995035135","55843307366915298988832470618553188352","55843308000740599102947171366904791039","55843986827637021319791672851471269888","55843986906865183834056010445015220223","55849932188218940280451811811958718464","55849932188218940298898555885668270079","55849932188219062637705252727414587392","55849932188219067360071735597059801087","55849932188274551845831520660601438208","55849932188274551864278264734310989823","55849932188274748783271251583774490624","55849932188274753505637734453419704319","55849932188284222772773091777550745600","55849932188284222791219835851260297215","55849932188284358799063891311784361984","55849932188284363521430374181429575679","55849932188285431126743640121729351680","55849932188285431145190384195438903295","55849932188285525223585160114152144896","55849932188285529945951642983797358591","55849932188302357139682657131619680256","55849932188302357158129401205329231871","55849932188302554077122388054792732672","55849932188302558799488870924437946367","55849932188303566434437153234985418752","55849932188303566452883897308694970367","55849932188303833838439245728645644288","55849932188303838560805728598290857983","55849932208017140214686850539184979968","55849932208017215772550576453508399103","55849932208036483027800684605980278784","55849932208036558585664410520303697919","55849932208055825840914518672775577600","55849932208055901398778244587098996735","55849932208075168654028352739570876416","55849932208075244211892078653894295551","55849932208094511467142186806366175232","55849932208094587025005912720689594367","55849932208113854280256020873161474048","55849932208113929838119746787484893183","55849932208133197093369854939956772864","55849932208133272651233580854280191999","55849932208152539906483689006752071680","55849932208152615464347414921075490815","55856037114242790868482300512141574144","55856037748068090982597001260493176831","55863338781700105469834921522604539904","55863339415525405583949622270956142591","55878094336197845281469525689643302912","55878094336197845299916269763352854527","55878094336236530907697193823233900544","55878094336236530926143937896943452159","55878094336275216533924861956824498176","55878094336275216552371606030534049791","55878094336313902160152530090415095808","55878094336313902178599274164124647423","55878094415513050454746116583766097920","55878094415522721861303033617163747327","55878094494741212969010454177310048256","55878094494750884375567371210707697663","55878094552934066221980244130966536192","55878094552943737628537161164364185599","55878094557885826379121765230563033088","55878094557895497785678682263960682495","55878094653410308941791304099146235904","55878094653419980348348221132543885311","55878094732638471456055641692690186240","55878094732648142862612558726087835647","55881451340296191009211963709803462656","55881451340296191027658707783513014271","55882404246784357553555319510024585216","55882404246785566479374934139199291391","55891845708398037892615779384287035392","55891846342223338006730480132638638079","55908173128362966283490765988482449408","55908173128362966283490765988482514943","55910672855112627555686808420293279744","55910673172025277612744158794469081087","55927005265445968063295691944391344128","55927005899271268177410392692742946815","55927659848524660915252889804509020160","55927659927752823429517227398052970495"]}}},"kotor":{"name":"Kotor","cities":{"kotor":{"name":"Kotor","latitude":"42.420670","longitude":"18.768250","postcode":"85330","gmtOffset":7200,"gmtOffsetName":"UTC+02:00","ip2locationv4":["533512704","533512959","628794112","628794367","628799488","628799743","773971712","773971967","782323200","782323455","782330880","782331135","1306397440","1306397695","1306402560","1306402815","1604001280","1604001535","1604005376","1604005631","1843677184","1843677439","1843680768","1843681023","1843687168","1843687423","1843688960","1843689215","3583343104","3583343359"],"ip2locationv6":["281471215256064","281471215256319","281471310537472","281471310537727","281471310542848","281471310543103","281471455715072","281471455715327","281471464066560","281471464066815","281471464074240","281471464074495","281471988140800","281471988141055","281471988145920","281471988146175","281472285744640","281472285744895","281472285748736","281472285748991","281472525420544","281472525420799","281472525424128","281472525424383","281472525430528","281472525430783","281472525432320","281472525432575","281474265086464","281474265086719","55838750786156524545206192802975711232","55838750786156524563652936876685262847","55838750786161360248484651319674535936","55838750786161360266931395393384087551","55838750786166195951763109836373360640","55838750786166195970209853910082912255"]},"dobrota":{"name":"Dobrota","latitude":"42.454170","longitude":"18.768330","postcode":"85331","gmtOffset":7200,"gmtOffsetName":"UTC+02:00","ip2locationv4":["533526528","533526783","628794624","628794879","773966592","773966847","782333696","782333951","1318794240","1318794495","1432254464","1432254975","1604003840","1604004095","1604005632","1604005887","1604009472","1604009727","1843676160","1843676415"],"ip2locationv6":["281471215269888","281471215270143","281471310537984","281471310538239","281471455709952","281471455710207","281471464077056","281471464077311","281472000537600","281472000537855","281472113997824","281472113998335","281472285747200","281472285747455","281472285748992","281472285749247","281472285752832","281472285753087","281472525419520","281472525419775"]},"lipci":{"name":"Lipci","latitude":"42.497220","longitude":"18.658060","postcode":"85330","gmtOffset":7200,"gmtOffsetName":"UTC+02:00","ip2locationv4":["1040459008","1040459263"],"ip2locationv6":["281471722202368","281471722202623"]},"risan":{"name":"Risan","latitude":"42.515000","longitude":"18.695560","postcode":"85337","gmtOffset":7200,"gmtOffsetName":"UTC+02:00","ip2locationv4":["1318796800","1318797055","1604000768","1604001023"],"ip2locationv6":["281472000540160","281472000540415","281472285744128","281472285744383"]}}},"berane":{"name":"Berane","cities":{"berane":{"name":"Berane","latitude":"42.842500","longitude":"19.873300","postcode":"-","gmtOffset":7200,"gmtOffsetName":"UTC+02:00","ip2locationv4":["533513216","533513471","533514240","533514751","533515008","533515263","628797440","628797695","628801280","628801535","773967616","773967871","782323456","782323711","1040458240","1040458495","1306397184","1306397439","1604007680","1604007935","1843683584","1843684095","1843688192","1843688447"],"ip2locationv6":["281471215256576","281471215256831","281471215257600","281471215258111","281471215258368","281471215258623","281471310540800","281471310541055","281471310544640","281471310544895","281471455710976","281471455711231","281471464066816","281471464067071","281471722201600","281471722201855","281471988140544","281471988140799","281472285751040","281472285751295","281472525426944","281472525427455","281472525431552","281472525431807"]},"pesca":{"name":"Pesca","latitude":"42.828900","longitude":"19.864700","postcode":"-","gmtOffset":7200,"gmtOffsetName":"UTC+02:00","ip2locationv4":["773968128","773968383","1603998720","1603998975"],"ip2locationv6":["281471455711488","281471455711743","281472285742080","281472285742335"]},"tripkovici":{"name":"Tripkovici","latitude":"42.463100","longitude":"18.764200","postcode":"-","gmtOffset":7200,"gmtOffsetName":"UTC+02:00","ip2locationv4":["773971456","773971711","1604003072","1604003327"],"ip2locationv6":["281471455714816","281471455715071","281472285746432","281472285746687"]},"donjiluzac":{"name":"Donji Luzac","latitude":"42.838900","longitude":"19.855000","postcode":"-","gmtOffset":7200,"gmtOffsetName":"UTC+02:00","ip2locationv4":["1603997696","1603998207","1604004864","1604005119","1843675648","1843675903"],"ip2locationv6":["281472285741056","281472285741567","281472285748224","281472285748479","281472525419008","281472525419263"]},"beranselo":{"name":"Beran Selo","latitude":"42.855300","longitude":"19.863900","postcode":"-","gmtOffset":7200,"gmtOffsetName":"UTC+02:00","ip2locationv4":["1604006912","1604007167"],"ip2locationv6":["281472285750272","281472285750527"]}}},"ulcinj":{"name":"Ulcinj","cities":{"ulcinj":{"name":"Ulcinj","latitude":"41.929360","longitude":"19.224360","postcode":"85360","gmtOffset":7200,"gmtOffsetName":"UTC+02:00","ip2locationv4":["533513472","533513727","533527552","533527807","628799744","628799999","773966336","773966591","782335232","782335487","1040461824","1040462079","1040462848","1040463103","1306398976","1306399231","1318795520","1318795775","1603993856","1603994111","1833461248","1833461503","1843680256","1843680511"],"ip2locationv6":["281471215256832","281471215257087","281471215270912","281471215271167","281471310543104","281471310543359","281471455709696","281471455709951","281471464078592","281471464078847","281471722205184","281471722205439","281471722206208","281471722206463","281471988142336","281471988142591","281472000538880","281472000539135","281472285737216","281472285737471","281472515204608","281472515204863","281472525423616","281472525423871"]}}},"herceg-novi":{"name":"Herceg-Novi","cities":{"herceg-novi":{"name":"Herceg-Novi","latitude":"42.453060","longitude":"18.537500","postcode":"85340","gmtOffset":7200,"gmtOffsetName":"UTC+02:00","ip2locationv4":["533527808","533528063","628800000","628800255","635286016","635286271","773969408","773969663","782326272","782326527","782331136","782331391","1040463616","1040463871","1318791424","1318791679","1506788608","1506788863","1603998976","1603999231","1604004096","1604004351","1843678464","1843678975","1843679232","1843679487"],"ip2locationv6":["281471215271168","281471215271423","281471310543360","281471310543615","281471317029376","281471317029631","281471455712768","281471455713023","281471464069632","281471464069887","281471464074496","281471464074751","281471722206976","281471722207231","281472000534784","281472000535039","281472188531968","281472188532223","281472285742336","281472285742591","281472285747456","281472285747711","281472525421824","281472525422335","281472525422592","281472525422847"]},"igalo":{"name":"Igalo","latitude":"42.460070","longitude":"18.506470","postcode":"85347","gmtOffset":7200,"gmtOffsetName":"UTC+02:00","ip2locationv4":["628794368","628794623","628798976","628799231","628800768","628801023","782327552","782327807","782330112","782330367","1040459776","1040460031","1040461568","1040461823","1306396416","1306396671","1306396928","1306397183","1318792448","1318792703","1318795008","1318795263","1318797056","1318797311","1334614784","1334615039","1432250624","1432250879","1432252160","1432252671","1603999232","1603999999","1604001792","1604002303","1843678976","1843679231","1843684608","1843684863","1843685632","1843685887","1843687424","1843687679","1843687936","1843688191"],"ip2locationv6":["281471310537728","281471310537983","281471310542336","281471310542591","281471310544128","281471310544383","281471464070912","281471464071167","281471464073472","281471464073727","281471722203136","281471722203391","281471722204928","281471722205183","281471988139776","281471988140031","281471988140288","281471988140543","281472000535808","281472000536063","281472000538368","281472000538623","281472000540416","281472000540671","281472016358144","281472016358399","281472113993984","281472113994239","281472113995520","281472113996031","281472285742592","281472285743359","281472285745152","281472285745663","281472525422336","281472525422591","281472525427968","281472525428223","281472525428992","281472525429247","281472525430784","281472525431039","281472525431296","281472525431551"]},"bijela":{"name":"Bijela","latitude":"42.453330","longitude":"18.655560","postcode":"85343","gmtOffset":7200,"gmtOffsetName":"UTC+02:00","ip2locationv4":["1843680000","1843680255","1843682048","1843682303"],"ip2locationv6":["281472525423360","281472525423615","281472525425408","281472525425663"]}}},"bar":{"name":"Bar","cities":{"bar":{"name":"Bar","latitude":"42.093060","longitude":"19.100280","postcode":"85000","gmtOffset":7200,"gmtOffsetName":"UTC+02:00","ip2locationv4":["620775168","620775423","628793600","628793855","773970688","773970943","782327296","782327551","782328576","782328831","1318792704","1318792959","1334614528","1334614783","1334615040","1334615295","1432254976","1432255231","1603995136","1603995391","1603997184","1603997695","1604006400","1604006655","1843689472","1843689727","1843691008","1843691263","3583338496","3583338751"],"ip2locationv6":["281471302518528","281471302518783","281471310536960","281471310537215","281471455714048","281471455714303","281471464070656","281471464070911","281471464071936","281471464072191","281472000536064","281472000536319","281472016357888","281472016358143","281472016358400","281472016358655","281472113998336","281472113998591","281472285738496","281472285738751","281472285740544","281472285741055","281472285749760","281472285750015","281472525432832","281472525433087","281472525434368","281472525434623","281474265081856","281474265082111","42540995222220769810929645844409876821","42540995222220769810929645844409876821","55838750786156524489865960581847056384","55838750786156524508312704655556607999","55838750786161360193144419098545881088","55838750786161360211591163172255432703","55838750786166195896422877615244705792","55838750786166195914869621688954257407"]},"susanj":{"name":"Susanj","latitude":"42.115560","longitude":"19.088330","postcode":"85000","gmtOffset":7200,"gmtOffsetName":"UTC+02:00","ip2locationv4":["628794880","628795135","628798720","628798975","635287040","635287295","773969152","773969407","773969920","773970431","782324224","782324479","782324992","782325247","782327040","782327295","782329856","782330111","782331648","782332159","782333184","782333439","782333952","782334207","782334464","782334975","782335744","782335999","1040461056","1040461311","1040462592","1040462847","1306395392","1306395903","1306396160","1306396415","1306401536","1306401791","1318790912","1318791167","1318791936","1318792447","1318793216","1318793471","1318794752","1318795007","1318795776","1318796031","1334613760","1334614015","1334799104","1334799359","1432249856","1432250111","1432250368","1432250623","1603994880","1603995135","1603996160","1603996415","1604001024","1604001279","1604001536","1604001791","1604002304","1604002559","1604003328","1604003583","1604008448","1604008703","1843675136","1843675391","1843676416","1843676671","1843679744","1843679999","1843684864","1843685119","1843686912","1843687167","1843689728","1843689983","3003034368","3003034623"],"ip2locationv6":["281471310538240","281471310538495","281471310542080","281471310542335","281471317030400","281471317030655","281471455712512","281471455712767","281471455713280","281471455713791","281471464067584","281471464067839","281471464068352","281471464068607","281471464070400","281471464070655","281471464073216","281471464073471","281471464075008","281471464075519","281471464076544","281471464076799","281471464077312","281471464077567","281471464077824","281471464078335","281471464079104","281471464079359","281471722204416","281471722204671","281471722205952","281471722206207","281471988138752","281471988139263","281471988139520","281471988139775","281471988144896","281471988145151","281472000534272","281472000534527","281472000535296","281472000535807","281472000536576","281472000536831","281472000538112","281472000538367","281472000539136","281472000539391","281472016357120","281472016357375","281472016542464","281472016542719","281472113993216","281472113993471","281472113993728","281472113993983","281472285738240","281472285738495","281472285739520","281472285739775","281472285744384","281472285744639","281472285744896","281472285745151","281472285745664","281472285745919","281472285746688","281472285746943","281472285751808","281472285752063","281472525418496","281472525418751","281472525419776","281472525420031","281472525423104","281472525423359","281472525428224","281472525428479","281472525430272","281472525430527","281472525433088","281472525433343","281473684777728","281473684777983"]},"sutomore":{"name":"Sutomore","latitude":"42.142780","longitude":"19.046670","postcode":"85355","gmtOffset":7200,"gmtOffsetName":"UTC+02:00","ip2locationv4":["628796416","628796671","773971200","773971455","1040460800","1040461055","1306399488","1306399743","1843683072","1843683327"],"ip2locationv6":["281471310539776","281471310540031","281471455714560","281471455714815","281471722204160","281471722204415","281471988142848","281471988143103","281472525426432","281472525426687"]},"staribar":{"name":"Stari Bar","latitude":"42.090000","longitude":"19.133060","postcode":"85354","gmtOffset":7200,"gmtOffsetName":"UTC+02:00","ip2locationv4":["773966080","773966335"],"ip2locationv6":["281471455709440","281471455709695"]}}},"budva":{"name":"Budva","cities":{"budva":{"name":"Budva","latitude":"42.286390","longitude":"18.840000","postcode":"85310","gmtOffset":7200,"gmtOffsetName":"UTC+02:00","ip2locationv4":["628793344","628793599","628801024","628801279","773970944","773971199","782321152","782321407","782326784","782327039","1040457728","1040457983","1040458496","1040459007","1040460032","1040460287","1318791680","1318791935","1432249600","1432249855","1432252928","1432253183","1566514432","1566514687","1583800320","1583800575","1604000000","1604000255","1604006656","1604006911","1604614144","1604614399","1604614912","1604615167","1604646912","1604647423","1604647680","1604647935","1823161856","1823162111","1833462016","1833462271","1843682304","1843682559","1843687680","1843687935","1843689984","1843690239","3106322432","3106323455","3170861824","3170862079","3582269184","3582269439"],"ip2locationv6":["281471310536704","281471310536959","281471310544384","281471310544639","281471455714304","281471455714559","281471464064512","281471464064767","281471464070144","281471464070399","281471722201088","281471722201343","281471722201856","281471722202367","281471722203392","281471722203647","281472000535040","281472000535295","281472113992960","281472113993215","281472113996288","281472113996543","281472248257792","281472248258047","281472265543680","281472265543935","281472285743360","281472285743615","281472285750016","281472285750271","281472286357504","281472286357759","281472286358272","281472286358527","281472286390272","281472286390783","281472286391040","281472286391295","281472504905216","281472504905471","281472515205376","281472515205631","281472525425664","281472525425919","281472525431040","281472525431295","281472525433344","281472525433599","281473788065792","281473788066815","281473852605184","281473852605439","281474264012544","281474264012799","55838750786156524508312704655556608000","55838750786156524526759448729266159615","55838750786161360211591163172255432704","55838750786161360230037907245964984319","55838750786166195914869621688954257408","55838750786166195933316365762663809023","55850697769914629566243196398240530432","55850698403739929680357897146592133119"]},"petrovacnamoru":{"name":"Petrovac na Moru","latitude":"42.205560","longitude":"18.942500","postcode":"85300","gmtOffset":7200,"gmtOffsetName":"UTC+02:00","ip2locationv4":["628795904","628796159","628800256","628800511","782329344","782329599","782332160","782332415","1318790144","1318790399","1603996416","1603996671","1604007168","1604007423","1843681024","1843681279"],"ip2locationv6":["281471310539264","281471310539519","281471310543616","281471310543871","281471464072704","281471464072959","281471464075520","281471464075775","281472000533504","281472000533759","281472285739776","281472285740031","281472285750528","281472285750783","281472525424384","281472525424639"]}}},"tivat":{"name":"Tivat","cities":{"tivat":{"name":"Tivat","latitude":"42.436390","longitude":"18.696110","postcode":"85320","gmtOffset":7200,"gmtOffsetName":"UTC+02:00","ip2locationv4":["628793856","628794111","628795392","628795647","635286272","635286527","782324480","782324735","782328832","782329087","1040457984","1040458239","1040463872","1040464127","1306396672","1306396927","1541192448","1541192703","1583801856","1583802111","1603995392","1603995647","1604002560","1604002815","1843677440","1843677695","1843690752","1843691007","3561297920","3561298175","3583343872","3583344127"],"ip2locationv6":["281471310537216","281471310537471","281471310538752","281471310539007","281471317029632","281471317029887","281471464067840","281471464068095","281471464072192","281471464072447","281471722201344","281471722201599","281471722207232","281471722207487","281471988140032","281471988140287","281472222935808","281472222936063","281472265545216","281472265545471","281472285738752","281472285739007","281472285745920","281472285746175","281472525420800","281472525421055","281472525434112","281472525434367","281474243041280","281474243041535","281474265087232","281474265087487"]}}},"pljevlja":{"name":"Pljevlja","cities":{"pljevlja":{"name":"Pljevlja","latitude":"43.356700","longitude":"19.358400","postcode":"-","gmtOffset":7200,"gmtOffsetName":"UTC+02:00","ip2locationv4":["628795648","628795903","773969664","773969919","782333440","782333695","1306397696","1306397951","1318790656","1318790911","1506788864","1506789119","1603998208","1603998463","1843689216","1843689471"],"ip2locationv6":["281471310539008","281471310539263","281471455713024","281471455713279","281471464076800","281471464077055","281471988141056","281471988141311","281472000534016","281472000534271","281472188532224","281472188532479","281472285741568","281472285741823","281472525432576","281472525432831"]},"palez":{"name":"Palez","latitude":"43.179700","longitude":"19.135000","postcode":"-","gmtOffset":7200,"gmtOffsetName":"UTC+02:00","ip2locationv4":["782332928","782333183"],"ip2locationv6":["281471464076288","281471464076543"]},"crnagora":{"name":"Crna Gora","latitude":"43.216100","longitude":"19.005300","postcode":"-","gmtOffset":7200,"gmtOffsetName":"UTC+02:00","ip2locationv4":["1306394880","1306395135","1306395904","1306396159","1306398720","1306398975","1306399744","1306400767","1306401280","1306401535","1318789632","1318789887","1432250112","1432250367","1432251136","1432251391","1432256256","1432256511","3275927040","3275927295"],"ip2locationv6":["281471988138240","281471988138495","281471988139264","281471988139519","281471988142080","281471988142335","281471988143104","281471988144127","281471988144640","281471988144895","281472000532992","281472000533247","281472113993472","281472113993727","281472113994496","281472113994751","281472113999616","281472113999871","281473957670400","281473957670655","55834667060424143377231869089505345536","55834667139652305891496206683049295871","55838750786156524526759448729266159616","55838750786156524545206192802975711231","55838750786161360230037907245964984320","55838750786161360248484651319674535935","55838750786166195933316365762663809024","55838750786166195951763109836373360639","55843611603059353763888829827322478592","55843611682287516278153167420866428927"]}}},"plav":{"name":"Plav","cities":{"skic":{"name":"Skic","latitude":"42.606400","longitude":"19.943600","postcode":"-","gmtOffset":7200,"gmtOffsetName":"UTC+02:00","ip2locationv4":["628797696","628797951","1432251392","1432251647","1432256000","1432256255","1843677696","1843677951"],"ip2locationv6":["281471310541056","281471310541311","281472113994752","281472113995007","281472113999360","281472113999615","281472525421056","281472525421311"]},"plav":{"name":"Plav","latitude":"42.596900","longitude":"19.945600","postcode":"-","gmtOffset":7200,"gmtOffsetName":"UTC+02:00","ip2locationv4":["1040459520","1040459775"],"ip2locationv6":["281471722202880","281471722203135"]}}},"niksic":{"name":"Niksic","cities":{"niksic":{"name":"Niksic","latitude":"42.773100","longitude":"18.944460","postcode":"83000","gmtOffset":7200,"gmtOffsetName":"UTC+02:00","ip2locationv4":["782323712","782323967","782325248","782325759","1040460288","1040460543","1306397952","1306398207","1334613504","1334613759","1432249088","1432249343","1604005120","1604005375","1604007424","1604007679","1843681536","1843681791","1843691264","1843691519","3275926528","3275926783","3275926784","3275927039"],"ip2locationv6":["281471464067072","281471464067327","281471464068608","281471464069119","281471722203648","281471722203903","281471988141312","281471988141567","281472016356864","281472016357119","281472113992448","281472113992703","281472285748480","281472285748735","281472285750784","281472285751039","281472525424896","281472525425151","281472525434624","281472525434879","281473957669888","281473957670143","281473957670144","281473957670399"]}}},"bijelopolje":{"name":"Bijelo Polje","cities":{"bijelopolje":{"name":"Bijelo Polje","latitude":"43.038300","longitude":"19.747600","postcode":"-","gmtOffset":7200,"gmtOffsetName":"UTC+02:00","ip2locationv4":["782324736","782324991","1603996928","1603997183","1604000256","1604000511","1843686656","1843686911"],"ip2locationv6":["281471464068096","281471464068351","281472285740288","281472285740543","281472285743616","281472285743871","281472525430016","281472525430271"]},"lemes":{"name":"Lemes","latitude":"43.149400","longitude":"19.775300","postcode":"-","gmtOffset":7200,"gmtOffsetName":"UTC+02:00","ip2locationv4":["1843686400","1843686655"],"ip2locationv6":["281472525429760","281472525430015"]}}},"zabljak":{"name":"Zabljak","cities":{"zabljak":{"name":"Zabljak","latitude":"43.154230","longitude":"19.123250","postcode":"84220","gmtOffset":7200,"gmtOffsetName":"UTC+02:00","ip2locationv4":["1306394624","1306394879","1603998464","1603998719"],"ip2locationv6":["281471988137984","281471988138239","281472285741824","281472285742079"]}}},"kolasin":{"name":"Kolasin","cities":{"kolasin":{"name":"Kolasin","latitude":"42.822290","longitude":"19.516530","postcode":"81210","gmtOffset":7200,"gmtOffsetName":"UTC+02:00","ip2locationv4":["1318789888","1318790143"],"ip2locationv6":["281472000533248","281472000533503"]}}},"andrijevica":{"name":"Andrijevica","cities":{"andrijevica":{"name":"Andrijevica","latitude":"42.733900","longitude":"19.791900","postcode":"-","gmtOffset":7200,"gmtOffsetName":"UTC+02:00","ip2locationv4":["1318791168","1318791423"],"ip2locationv6":["281472000534528","281472000534783"]}}},"rozaje":{"name":"Rozaje","cities":{"donjibesnik":{"name":"Donji Besnik","latitude":"42.881400","longitude":"20.264700","postcode":"-","gmtOffset":7200,"gmtOffsetName":"UTC+02:00","ip2locationv4":["1318793984","1318794239"],"ip2locationv6":["281472000537344","281472000537599"]},"halilovic":{"name":"Halilovic","latitude":"42.820800","longitude":"20.152200","postcode":"-","gmtOffset":7200,"gmtOffsetName":"UTC+02:00","ip2locationv4":["1432253184","1432253439"],"ip2locationv6":["281472113996544","281472113996799"]}}},"cetinje":{"name":"Cetinje","cities":{"cetinje":{"name":"Cetinje","latitude":"42.390630","longitude":"18.914170","postcode":"81250","gmtOffset":7200,"gmtOffsetName":"UTC+02:00","ip2locationv4":["3275930624","3275930879"],"ip2locationv6":["281473957673984","281473957674239"]}}}}}