{"id":3,"name":"Albania","iso3":"ALB","iso2":"AL","numeric_code":"008","phone_code":"355","capital":"Tirana","currency":"ALL","currency_name":"Albanian lek","currency_symbol":"Lek","tld":".al","native":"Shqip\u00ebria","region":"Europe","region_id":"4","subregion":"Southern Europe","subregion_id":"16","nationality":"Albanian ","timezones":[{"zoneName":"Europe/Tirane","gmtOffset":3600,"gmtOffsetName":"UTC+01:00","abbreviation":"CET","tzName":"Central European Time"}],"translations":{"kr":"\uc54c\ubc14\ub2c8\uc544","pt-BR":"Alb\u00e2nia","pt":"Alb\u00e2nia","nl":"Albani\u00eb","hr":"Albanija","fa":"\u0622\u0644\u0628\u0627\u0646\u06cc","de":"Albanien","es":"Albania","fr":"Albanie","ja":"\u30a2\u30eb\u30d0\u30cb\u30a2","it":"Albania","cn":"\u963f\u5c14\u5df4\u5c3c\u4e9a","tr":"Arnavutluk"},"latitude":"41.00000000","longitude":"20.00000000","emoji":"\ud83c\udde6\ud83c\uddf1","emojiU":"U+1F1E6 U+1F1F1","states":{"beratcounty":{"id":603,"name":"Berat County","state_code":"01","latitude":"40.69530120","longitude":"20.04496620","type":null},"beratdistrict":{"id":629,"name":"Berat District","state_code":"BR","latitude":"40.70863770","longitude":"19.94373140","type":null,"cities":{"banaj":{"id":153,"name":"Banaj","latitude":"40.82492000","longitude":"19.84074000"},"bashkiaberat":{"id":154,"name":"Bashkia Berat","latitude":"40.69997000","longitude":"19.94983000"},"bashkiaku\u00e7ov\u00eb":{"id":170,"name":"Bashkia Ku\u00e7ov\u00eb","latitude":"40.82489000","longitude":"19.95350000"},"bashkiapoli\u00e7an":{"id":180,"name":"Bashkia Poli\u00e7an","latitude":"40.58608000","longitude":"20.04535000"},"bashkiaskrapar":{"id":186,"name":"Bashkia Skrapar","latitude":"40.56036000","longitude":"20.25477000"},"berat":{"id":191,"name":"Berat","latitude":"40.70583000","longitude":"19.95222000"},"\u00c7orovod\u00eb":{"id":280,"name":"\u00c7orovod\u00eb","latitude":"40.50417000","longitude":"20.22722000"},"ku\u00e7ov\u00eb":{"id":219,"name":"Ku\u00e7ov\u00eb","latitude":"40.80028000","longitude":"19.91667000"},"poli\u00e7an":{"id":238,"name":"Poli\u00e7an","latitude":"40.61222000","longitude":"20.09806000"},"rrethiiberatit":{"id":242,"name":"Rrethi i Beratit","latitude":"40.66667000","longitude":"20.00000000"},"rrethiiku\u00e7ov\u00ebs":{"id":253,"name":"Rrethi i Ku\u00e7ov\u00ebs","latitude":"40.83333000","longitude":"19.91667000"},"rrethiiskraparit":{"id":258,"name":"Rrethi i Skraparit","latitude":"40.55000000","longitude":"20.26667000"},"uravajgurore":{"id":273,"name":"Ura Vajgurore","latitude":"40.76889000","longitude":"19.87778000"}}},"bulqiz\u00ebdistrict":{"id":607,"name":"Bulqiz\u00eb District","state_code":"BU","latitude":"41.49425870","longitude":"20.21471570","type":null},"delvin\u00ebdistrict":{"id":618,"name":"Delvin\u00eb District","state_code":"DL","latitude":"39.94813640","longitude":"20.09558910","type":null},"devolldistrict":{"id":608,"name":"Devoll District","state_code":"DV","latitude":"40.64473470","longitude":"20.95066360","type":null},"dib\u00ebrcounty":{"id":610,"name":"Dib\u00ebr County","state_code":"09","latitude":"41.58881630","longitude":"20.23556470","type":null,"cities":{"bashkiabulqiz\u00eb":{"id":155,"name":"Bashkia Bulqiz\u00eb","latitude":"41.47152000","longitude":"20.33192000"},"bashkiaklos":{"id":165,"name":"Bashkia Klos","latitude":"41.50826000","longitude":"20.07107000"},"bashkiamat":{"id":176,"name":"Bashkia Mat","latitude":"41.63317000","longitude":"20.01228000"},"bulqiz\u00eb":{"id":193,"name":"Bulqiz\u00eb","latitude":"41.49167000","longitude":"20.22194000"},"burrel":{"id":194,"name":"Burrel","latitude":"41.61028000","longitude":"20.00889000"},"klos":{"id":209,"name":"Klos","latitude":"41.50694000","longitude":"20.08667000"},"peshkopi":{"id":236,"name":"Peshkopi","latitude":"41.68500000","longitude":"20.42889000"},"rrethiibulqiz\u00ebs":{"id":243,"name":"Rrethi i Bulqiz\u00ebs","latitude":"41.50000000","longitude":"20.33333000"},"rrethiidibr\u00ebs":{"id":246,"name":"Rrethi i Dibr\u00ebs","latitude":"41.75000000","longitude":"20.33333000"},"rrethiimatit":{"id":256,"name":"Rrethi i Matit","latitude":"41.58333000","longitude":"20.08333000"},"ul\u00ebz":{"id":272,"name":"Ul\u00ebz","latitude":"41.68278000","longitude":"19.89333000"}}},"dib\u00ebrdistrict":{"id":605,"name":"Dib\u00ebr District","state_code":"DI","latitude":"41.58881630","longitude":"20.23556470","type":null},"durr\u00ebscounty":{"id":632,"name":"Durr\u00ebs County","state_code":"02","latitude":"41.50809720","longitude":"19.61631850","type":null},"durr\u00ebsdistrict":{"id":639,"name":"Durr\u00ebs District","state_code":"DR","latitude":"41.37065170","longitude":"19.52110630","type":null,"cities":{"bashkiadurr\u00ebs":{"id":159,"name":"Bashkia Durr\u00ebs","latitude":"41.42743000","longitude":"19.48690000"},"bashkiakruj\u00eb":{"id":168,"name":"Bashkia Kruj\u00eb","latitude":"41.50091000","longitude":"19.72571000"},"bashkiashijak":{"id":185,"name":"Bashkia Shijak","latitude":"41.33558000","longitude":"19.58977000"},"durr\u00ebs":{"id":197,"name":"Durr\u00ebs","latitude":"41.32355000","longitude":"19.45469000"},"durr\u00ebsdistrict":{"id":198,"name":"Durr\u00ebs District","latitude":"41.31660000","longitude":"19.45000000"},"fush\u00eb-kruj\u00eb":{"id":203,"name":"Fush\u00eb-Kruj\u00eb","latitude":"41.47833000","longitude":"19.71778000"},"kruj\u00eb":{"id":214,"name":"Kruj\u00eb","latitude":"41.50917000","longitude":"19.79278000"},"rrethiikruj\u00ebs":{"id":250,"name":"Rrethi i Kruj\u00ebs","latitude":"41.55000000","longitude":"19.75000000"},"shijak":{"id":265,"name":"Shijak","latitude":"41.34556000","longitude":"19.56722000"},"sukth":{"id":269,"name":"Sukth","latitude":"41.38056000","longitude":"19.53778000"}}},"elbasancounty":{"id":598,"name":"Elbasan County","state_code":"03","latitude":"41.12666720","longitude":"20.23556470","type":null},"fiercounty":{"id":631,"name":"Fier County","state_code":"04","latitude":"40.91913920","longitude":"19.66393090","type":null,"cities":{"ballsh":{"id":152,"name":"Ballsh","latitude":"40.59889000","longitude":"19.73472000"},"bashkiadivjak\u00eb":{"id":157,"name":"Bashkia Divjak\u00eb","latitude":"40.95716000","longitude":"19.52364000"},"bashkiafier":{"id":160,"name":"Bashkia Fier","latitude":"40.72937000","longitude":"19.48690000"},"bashkiamallakast\u00ebr":{"id":174,"name":"Bashkia Mallakast\u00ebr","latitude":"40.55669000","longitude":"19.77347000"},"bashkiapatos":{"id":179,"name":"Bashkia Patos","latitude":"40.67793000","longitude":"19.65591000"},"divjak\u00eb":{"id":196,"name":"Divjak\u00eb","latitude":"40.99667000","longitude":"19.52944000"},"fier":{"id":200,"name":"Fier","latitude":"40.72389000","longitude":"19.55611000"},"fier-\u00c7if\u00e7i":{"id":201,"name":"Fier-\u00c7if\u00e7i","latitude":"40.71667000","longitude":"19.56667000"},"lushnj\u00eb":{"id":227,"name":"Lushnj\u00eb","latitude":"40.94194000","longitude":"19.70500000"},"patos":{"id":234,"name":"Patos","latitude":"40.68333000","longitude":"19.61944000"},"patosfshat":{"id":235,"name":"Patos Fshat","latitude":"40.64278000","longitude":"19.65083000"},"roskovec":{"id":241,"name":"Roskovec","latitude":"40.73750000","longitude":"19.70222000"},"rrethiimallakastr\u00ebs":{"id":254,"name":"Rrethi i Mallakastr\u00ebs","latitude":"40.55000000","longitude":"19.78333000"}}},"fierdistrict":{"id":627,"name":"Fier District","state_code":"FR","latitude":"40.72750400","longitude":"19.56275960","type":null},"gjirokast\u00ebrcounty":{"id":604,"name":"Gjirokast\u00ebr County","state_code":"05","latitude":"40.06728740","longitude":"20.10452290","type":null},"gjirokast\u00ebrdistrict":{"id":621,"name":"Gjirokast\u00ebr District","state_code":"GJ","latitude":"40.06728740","longitude":"20.10452290","type":null,"cities":{"bashkiadropull":{"id":158,"name":"Bashkia Dropull","latitude":"39.98584000","longitude":"20.30529000"},"bashkiakelcyr\u00eb":{"id":164,"name":"Bashkia Kelcyr\u00eb","latitude":"40.36196000","longitude":"20.16476000"},"bashkialibohov\u00eb":{"id":172,"name":"Bashkia Libohov\u00eb","latitude":"40.10754000","longitude":"20.25753000"},"bashkiamemaliaj":{"id":177,"name":"Bashkia Memaliaj","latitude":"40.41524000","longitude":"19.96911000"},"bashkiap\u00ebrmet":{"id":183,"name":"Bashkia P\u00ebrmet","latitude":"40.23246000","longitude":"20.41091000"},"bashkiatepelen\u00eb":{"id":187,"name":"Bashkia Tepelen\u00eb","latitude":"40.26736000","longitude":"19.97003000"},"gjinkar":{"id":204,"name":"Gjinkar","latitude":"40.19944000","longitude":"20.40611000"},"gjirokast\u00ebr":{"id":205,"name":"Gjirokast\u00ebr","latitude":"40.07583000","longitude":"20.13889000"},"k\u00eblcyr\u00eb":{"id":220,"name":"K\u00eblcyr\u00eb","latitude":"40.31306000","longitude":"20.18944000"},"lazarat":{"id":221,"name":"Lazarat","latitude":"40.04667000","longitude":"20.14750000"},"libohov\u00eb":{"id":225,"name":"Libohov\u00eb","latitude":"40.03111000","longitude":"20.26306000"},"memaliaj":{"id":231,"name":"Memaliaj","latitude":"40.35167000","longitude":"19.98028000"},"p\u00ebrmet":{"id":240,"name":"P\u00ebrmet","latitude":"40.23361000","longitude":"20.35167000"},"tepelen\u00eb":{"id":270,"name":"Tepelen\u00eb","latitude":"40.29583000","longitude":"20.01917000"}}},"gramshdistrict":{"id":617,"name":"Gramsh District","state_code":"GR","latitude":"40.86698730","longitude":"20.18493230","type":null},"hasdistrict":{"id":600,"name":"Has District","state_code":"HA","latitude":"42.79013360","longitude":"-83.61220120","type":null},"kavaj\u00ebdistrict":{"id":594,"name":"Kavaj\u00eb District","state_code":"KA","latitude":"41.18445290","longitude":"19.56275960","type":null},"kolonj\u00ebdistrict":{"id":628,"name":"Kolonj\u00eb District","state_code":"ER","latitude":"40.33732620","longitude":"20.67946760","type":null},"kor\u00e7\u00ebcounty":{"id":630,"name":"Kor\u00e7\u00eb County","state_code":"06","latitude":"40.59056700","longitude":"20.61689210","type":null,"cities":{"bashkiadevoll":{"id":156,"name":"Bashkia Devoll","latitude":"40.60078000","longitude":"20.93814000"},"bashkiakolonj\u00eb":{"id":166,"name":"Bashkia Kolonj\u00eb","latitude":"40.31420000","longitude":"20.61482000"},"bashkiamaliq":{"id":173,"name":"Bashkia Maliq","latitude":"40.75508000","longitude":"20.60748000"},"bashkiapustec":{"id":182,"name":"Bashkia Pustec","latitude":"40.83591000","longitude":"20.89405000"},"bilisht":{"id":192,"name":"Bilisht","latitude":"40.62750000","longitude":"20.99000000"},"ersek\u00eb":{"id":199,"name":"Ersek\u00eb","latitude":"40.33778000","longitude":"20.67889000"},"kor\u00e7\u00eb":{"id":212,"name":"Kor\u00e7\u00eb","latitude":"40.61861000","longitude":"20.78083000"},"leskovik":{"id":223,"name":"Leskovik","latitude":"40.15139000","longitude":"20.59722000"},"libonik":{"id":226,"name":"Libonik","latitude":"40.70444000","longitude":"20.70861000"},"maliq":{"id":228,"name":"Maliq","latitude":"40.70583000","longitude":"20.69972000"},"mborje":{"id":230,"name":"Mborje","latitude":"40.60333000","longitude":"20.80306000"},"pogradec":{"id":237,"name":"Pogradec","latitude":"40.90250000","longitude":"20.65250000"},"rrethiidevollit":{"id":245,"name":"Rrethi i Devollit","latitude":"40.58333000","longitude":"20.91667000"},"rrethiikolonj\u00ebs":{"id":249,"name":"Rrethi i Kolonj\u00ebs","latitude":"40.25000000","longitude":"20.66667000"},"vel\u00e7an":{"id":275,"name":"Vel\u00e7an","latitude":"40.95472000","longitude":"20.46222000"},"voskopoj\u00eb":{"id":278,"name":"Voskopoj\u00eb","latitude":"40.63306000","longitude":"20.58889000"}}},"kor\u00e7\u00ebdistrict":{"id":597,"name":"Kor\u00e7\u00eb District","state_code":"KO","latitude":"40.59056700","longitude":"20.61689210","type":null},"kruj\u00ebdistrict":{"id":614,"name":"Kruj\u00eb District","state_code":"KR","latitude":"41.50947650","longitude":"19.77107320","type":null},"ku\u00e7ov\u00ebdistrict":{"id":612,"name":"Ku\u00e7ov\u00eb District","state_code":"KC","latitude":"40.78370630","longitude":"19.87823480","type":null},"kuk\u00ebscounty":{"id":601,"name":"Kuk\u00ebs County","state_code":"07","latitude":"42.08074640","longitude":"20.41429230","type":null},"kuk\u00ebsdistrict":{"id":623,"name":"Kuk\u00ebs District","state_code":"KU","latitude":"42.08074640","longitude":"20.41429230","type":null,"cities":{"bajramcurri":{"id":151,"name":"Bajram Curri","latitude":"42.35734000","longitude":"20.07679000"},"krum\u00eb":{"id":215,"name":"Krum\u00eb","latitude":"42.19694000","longitude":"20.41333000"},"kuk\u00ebs":{"id":217,"name":"Kuk\u00ebs","latitude":"42.07694000","longitude":"20.42194000"},"rrethiihasit":{"id":247,"name":"Rrethi i Hasit","latitude":"42.16667000","longitude":"20.33333000"},"rrethiikuk\u00ebsit":{"id":251,"name":"Rrethi i Kuk\u00ebsit","latitude":"42.00000000","longitude":"20.33333000"}}},"kurbindistrict":{"id":622,"name":"Kurbin District","state_code":"KB","latitude":"41.64126440","longitude":"19.70559500","type":null},"lezh\u00ebcounty":{"id":609,"name":"Lezh\u00eb County","state_code":"08","latitude":"41.78137590","longitude":"19.80679160","type":null,"cities":{"bashkiakurbin":{"id":169,"name":"Bashkia Kurbin","latitude":"41.62215000","longitude":"19.70734000"},"bashkialezh\u00eb":{"id":171,"name":"Bashkia Lezh\u00eb","latitude":"41.81320000","longitude":"19.64121000"},"bashkiamirdit\u00eb":{"id":178,"name":"Bashkia Mirdit\u00eb","latitude":"41.80953000","longitude":"19.99024000"},"kurbnesh":{"id":218,"name":"Kurbnesh","latitude":"41.77972000","longitude":"20.08361000"},"la\u00e7":{"id":222,"name":"La\u00e7","latitude":"41.63556000","longitude":"19.71306000"},"lezh\u00eb":{"id":224,"name":"Lezh\u00eb","latitude":"41.78361000","longitude":"19.64361000"},"mamurras":{"id":229,"name":"Mamurras","latitude":"41.57750000","longitude":"19.69222000"},"milot":{"id":232,"name":"Milot","latitude":"41.68389000","longitude":"19.71556000"},"rr\u00ebshen":{"id":261,"name":"Rr\u00ebshen","latitude":"41.76750000","longitude":"19.87556000"},"rrethiikurbinit":{"id":252,"name":"Rrethi i Kurbinit","latitude":"41.63333000","longitude":"19.71667000"},"rubik":{"id":262,"name":"Rubik","latitude":"41.77444000","longitude":"19.78611000"},"sh\u00ebngjin":{"id":267,"name":"Sh\u00ebngjin","latitude":"41.81361000","longitude":"19.59389000"}}},"lezh\u00ebdistrict":{"id":595,"name":"Lezh\u00eb District","state_code":"LE","latitude":"41.78607300","longitude":"19.64607580","type":null},"librazhddistrict":{"id":596,"name":"Librazhd District","state_code":"LB","latitude":"41.18292320","longitude":"20.31747690","type":null},"lushnj\u00ebdistrict":{"id":599,"name":"Lushnj\u00eb District","state_code":"LU","latitude":"40.94198300","longitude":"19.69964280","type":null},"mal\u00ebsiemadhedistrict":{"id":602,"name":"Mal\u00ebsi e Madhe District","state_code":"MM","latitude":"42.42451730","longitude":"19.61631850","type":null},"mallakast\u00ebrdistrict":{"id":637,"name":"Mallakast\u00ebr District","state_code":"MK","latitude":"40.52733760","longitude":"19.78297910","type":null},"matdistrict":{"id":635,"name":"Mat District","state_code":"MT","latitude":"41.59376750","longitude":"19.99732440","type":null},"mirdit\u00ebdistrict":{"id":638,"name":"Mirdit\u00eb District","state_code":"MR","latitude":"41.76428600","longitude":"19.90205090","type":null},"peqindistrict":{"id":619,"name":"Peqin District","state_code":"PQ","latitude":"41.04709020","longitude":"19.75023840","type":null},"p\u00ebrmetdistrict":{"id":625,"name":"P\u00ebrmet District","state_code":"PR","latitude":"40.23618370","longitude":"20.35173340","type":null},"pogradecdistrict":{"id":606,"name":"Pogradec District","state_code":"PG","latitude":"40.90153140","longitude":"20.65562890","type":null},"puk\u00ebdistrict":{"id":620,"name":"Puk\u00eb District","state_code":"PU","latitude":"42.04697720","longitude":"19.89609680","type":null},"sarand\u00ebdistrict":{"id":624,"name":"Sarand\u00eb District","state_code":"SR","latitude":"39.85921190","longitude":"20.02710010","type":null},"shkod\u00ebrcounty":{"id":611,"name":"Shkod\u00ebr County","state_code":"10","latitude":"42.15037100","longitude":"19.66393090","type":null},"shkod\u00ebrdistrict":{"id":626,"name":"Shkod\u00ebr District","state_code":"SH","latitude":"42.06929850","longitude":"19.50325590","type":null,"cities":{"bashkiamal\u00ebsiemadhe":{"id":175,"name":"Bashkia Mal\u00ebsi e Madhe","latitude":"42.36798000","longitude":"19.58977000"},"bashkiapuk\u00eb":{"id":181,"name":"Bashkia Puk\u00eb","latitude":"42.02997000","longitude":"19.92778000"},"bashkiavauidej\u00ebs":{"id":188,"name":"Bashkia Vau i Dej\u00ebs","latitude":"42.04834000","longitude":"19.69999000"},"fush\u00eb-arr\u00ebz":{"id":202,"name":"Fush\u00eb-Arr\u00ebz","latitude":"42.06222000","longitude":"20.01667000"},"koplik":{"id":211,"name":"Koplik","latitude":"42.21361000","longitude":"19.43639000"},"puk\u00eb":{"id":239,"name":"Puk\u00eb","latitude":"42.04444000","longitude":"19.89972000"},"rrethiimal\u00ebsiaemadhe":{"id":255,"name":"Rrethi i Mal\u00ebsia e Madhe","latitude":"42.33333000","longitude":"19.58333000"},"rrethiishkodr\u00ebs":{"id":257,"name":"Rrethi i Shkodr\u00ebs","latitude":"42.06917000","longitude":"19.53506000"},"shkod\u00ebr":{"id":266,"name":"Shkod\u00ebr","latitude":"42.06828000","longitude":"19.51258000"},"vauidej\u00ebs":{"id":274,"name":"Vau i Dej\u00ebs","latitude":"42.01000000","longitude":"19.62472000"},"vukatan\u00eb":{"id":279,"name":"Vukatan\u00eb","latitude":"42.02806000","longitude":"19.54778000"}}},"skrapardistrict":{"id":593,"name":"Skrapar District","state_code":"SK","latitude":"40.53499460","longitude":"20.28322170","type":null},"tepelen\u00ebdistrict":{"id":616,"name":"Tepelen\u00eb District","state_code":"TE","latitude":"40.29666320","longitude":"20.01816730","type":null},"tiranacounty":{"id":615,"name":"Tirana County","state_code":"11","latitude":"41.24275980","longitude":"19.80679160","type":null},"tiranadistrict":{"id":633,"name":"Tirana District","state_code":"TR","latitude":"41.32754590","longitude":"19.81869820","type":null,"cities":{"bashkiakavaj\u00eb":{"id":163,"name":"Bashkia Kavaj\u00eb","latitude":"41.18127000","longitude":"19.55579000"},"bashkiavor\u00eb":{"id":190,"name":"Bashkia Vor\u00eb","latitude":"41.39804000","longitude":"19.67703000"},"kam\u00ebz":{"id":207,"name":"Kam\u00ebz","latitude":"41.38167000","longitude":"19.76028000"},"kavaj\u00eb":{"id":208,"name":"Kavaj\u00eb","latitude":"41.18556000","longitude":"19.55694000"},"krrab\u00eb":{"id":213,"name":"Krrab\u00eb","latitude":"41.21556000","longitude":"19.97139000"},"rrethiikavaj\u00ebs":{"id":248,"name":"Rrethi i Kavaj\u00ebs","latitude":"41.16667000","longitude":"19.58333000"},"rrethiitiran\u00ebs":{"id":259,"name":"Rrethi i Tiran\u00ebs","latitude":"41.33333000","longitude":"19.91667000"},"rrogozhin\u00eb":{"id":260,"name":"Rrogozhin\u00eb","latitude":"41.07639000","longitude":"19.66528000"},"sinaballaj":{"id":268,"name":"Sinaballaj","latitude":"41.06889000","longitude":"19.69944000"},"tirana":{"id":271,"name":"Tirana","latitude":"41.32750000","longitude":"19.81889000"},"vor\u00eb":{"id":277,"name":"Vor\u00eb","latitude":"41.39083000","longitude":"19.65500000"}}},"tropoj\u00ebdistrict":{"id":636,"name":"Tropoj\u00eb District","state_code":"TP","latitude":"42.39821510","longitude":"20.16259550","type":null},"vlor\u00ebcounty":{"id":634,"name":"Vlor\u00eb County","state_code":"12","latitude":"40.15009600","longitude":"19.80679160","type":null,"cities":{"bashkiafiniq":{"id":161,"name":"Bashkia Finiq","latitude":"39.84393000","longitude":"20.16659000"},"bashkiahimar\u00eb":{"id":162,"name":"Bashkia Himar\u00eb","latitude":"40.11581000","longitude":"19.81389000"},"bashkiakonispol":{"id":167,"name":"Bashkia Konispol","latitude":"39.70064000","longitude":"20.13353000"},"bashkiaselenic\u00eb":{"id":184,"name":"Bashkia Selenic\u00eb","latitude":"40.39503000","longitude":"19.65958000"},"bashkiavlor\u00eb":{"id":189,"name":"Bashkia Vlor\u00eb","latitude":"40.41340000","longitude":"19.49792000"},"delvin\u00eb":{"id":195,"name":"Delvin\u00eb","latitude":"39.95111000","longitude":"20.09778000"},"himar\u00eb":{"id":206,"name":"Himar\u00eb","latitude":"40.10167000","longitude":"19.74472000"},"konispol":{"id":210,"name":"Konispol","latitude":"39.65889000","longitude":"20.18139000"},"ksamil":{"id":216,"name":"Ksamil","latitude":"39.76889000","longitude":"19.99972000"},"orikum":{"id":233,"name":"Orikum","latitude":"40.32528000","longitude":"19.47139000"},"rrethiidelvin\u00ebs":{"id":244,"name":"Rrethi i Delvin\u00ebs","latitude":"39.91667000","longitude":"20.08333000"},"sarand\u00eb":{"id":263,"name":"Sarand\u00eb","latitude":"39.87534000","longitude":"20.00477000"},"selenic\u00eb":{"id":264,"name":"Selenic\u00eb","latitude":"40.53056000","longitude":"19.63583000"},"vlor\u00eb":{"id":276,"name":"Vlor\u00eb","latitude":"40.46860000","longitude":"19.48318000"}}},"vlor\u00ebdistrict":{"id":613,"name":"Vlor\u00eb District","state_code":"VL","latitude":"40.46606680","longitude":"19.49135600","type":null},"tirane":{"name":"Tirane","cities":{"tirana":{"name":"Tirana","latitude":"41.327500","longitude":"19.818890","postcode":"1033","gmtOffset":7200,"gmtOffsetName":"UTC+02:00","ip2locationv4":["292999168","293000191","521547776","521549311","521550080","521550335","521550592","521551871","522789120","522789375","522993664","522994431","522994688","522997759","531339264","531341311","534652928","534654975","622481408","622481663","622482432","622482687","629895168","629897215","650013696","650014207","755770112","755770367","757508608","757508863","757514752","757515007","759824640","759824895","760540672","760541183","760893440","760894463","761125888","761126911","763783168","763784191","764286976","764287999","783775744","783777791","788275456","788277247","788277504","788278783","788279040","788279295","788500992","788502527","962201088","962201599","1045119232","1045119743","1115039744","1115039999","1119535616","1119536127","1119536640","1119537151","1307709952","1307710207","1307710720","1307711487","1307711744","1307711999","1307712256","1307713535","1308055552","1308055807","1308056064","1308056319","1319076608","1319076863","1332346880","1332347647","1332347904","1332348415","1332348672","1332349183","1332349440","1332349695","1332349952","1332350207","1332350464","1332350719","1332351488","1332351743","1332352000","1332353023","1332353280","1332353791","1332354304","1332355327","1332356352","1332357375","1332357632","1332358143","1332358656","1332359423","1332359680","1332359935","1332360448","1332361215","1332361472","1332363775","1332364032","1332364287","1332364544","1332364799","1332365056","1332372479","1332372736","1332374527","1332374784","1332375039","1332375296","1332378623","1332378880","1332379647","1332379904","1332380159","1332380416","1332380671","1332381184","1332382207","1332382464","1332384767","1332385024","1332385279","1332385536","1332386047","1332386560","1332386815","1332387328","1332387583","1332388096","1332388351","1332388608","1332388863","1332389120","1332389631","1332390144","1332390399","1332390912","1332391167","1332391424","1332395775","1332396032","1332399103","1332399360","1332400383","1332400640","1332400895","1332401152","1332401919","1332402176","1332404223","1332405248","1332405503","1332406528","1332408319","1332408576","1332408831","1332409088","1332409343","1332410368","1332412415","1336619008","1336620287","1336620544","1336621055","1347305472","1347306495","1347306752","1347307519","1347307776","1347308799","1347309056","1347309311","1347357952","1347358207","1348096000","1348097023","1348097280","1348100095","1348169728","1348169983","1348170240","1348170751","1348171264","1348171775","1348172032","1348173567","1358306304","1358306559","1360709632","1360711679","1410613248","1410614015","1410614528","1410616575","1410617088","1410621439","1439824384","1439824639","1467507712","1467508735","1476074496","1476074751","1490424320","1490424575","1540524032","1540524287","1540524544","1540525055","1541594112","1541594367","1541864960","1541865471","1542391296","1542391807","1542497536","1542497791","1547440128","1547441919","1547442176","1547444223","1551363072","1551364095","1566418944","1566419967","1570750720","1570750975","1572564480","1572564735","1586073600","1586075647","1587190272","1587190783","1587300864","1587301119","1599482624","1599482879","1599485952","1599486975","1600880640","1600887807","1600888064","1600888831","1600889088","1600890367","1600890624","1600892927","1600894720","1600895999","1600896256","1600897791","1600898048","1600898559","1600898816","1600900095","1600901120","1600902655","1600902912","1600906239","1600906496","1600912383","1600912640","1600912895","1600913152","1600913407","1833238528","1833238783","1833239040","1833239551","1833239808","1833240575","1833281024","1833281279","1835565056","1835566079","1835566080","1835569151","1835569152","1835569663","1835572224","1835573247","1839991040","1839991295","1844111360","1844112639","1844112896","1844113407","1844191232","1844194303","1844195072","1844195327","2173082368","2173082623","2248155136","2248163327","2366162944","2366163455","2366163968","2366164479","2366164736","2366164991","2372045824","2372046591","2372056064","2372056319","2419078144","2419079167","2587656192","2587656447","2644982272","2644982527","2709248256","2709248511","2870383616","2870384639","2890369536","2890369791","3103869184","3103869439","3103876096","3103876351","3104386048","3104387071","3104410368","3104410623","3104897536","3104897791","3105787904","3105788159","3105788672","3105788927","3105887232","3105888255","3105955840","3105956863","3107107840","3107108863","3107283968","3107284991","3107400960","3107401727","3107427328","3107427583","3107427840","3107428351","3107892224","3107892735","3107958784","3107959807","3108484096","3108485119","3109658368","3109658623","3111556096","3111556351","3111658752","3111659519","3111695616","3111695871","3111838720","3111839743","3112459264","3112460031","3113250816","3113251071","3113287680","3113288703","3114011648","3114012671","3114139648","3114140671","3115028480","3115029247","3115318272","3115319295","3116040192","3116041215","3116079616","3116079871","3116946432","3116947199","3117726720","3117727743","3118490624","3118491135","3118491392","3118491647","3118618624","3118618879","3118619136","3118619647","3119086592","3119087615","3119321600","3119322111","3119450112","3119451135","3164920320","3164920575","3164921088","3164921855","3165413376","3165416447","3165416704","3165417215","3228424448","3228424703","3254649344","3254649599","3254883584","3254883839","3257137664","3257138175","3262205952","3262206463","3262209536","3262210047","3265068032","3265068543","3265068800","3265069055","3284724224","3284724479","3350637056","3350637311","3493338880","3493339135","3519453696","3519453951","3558877952","3558878207","3583337728","3583337983","3587121664","3587121919","3587122176","3587122687","3587122944","3587123199","3587123456","3587123967","3587124224","3587129343","3641308928","3641309183","3642068992","3642069247","3642290176","3642293759","3642294016","3642294271","3644602112","3644603391","3645472768","3645473023","3645473280","3645474047","3645474304","3645475327","3645475584","3645476351","3645476608","3645476863"],"ip2locationv6":["281470974742528","281470974743551","281471203291136","281471203292671","281471203293440","281471203293695","281471203293952","281471203295231","281471204532480","281471204532735","281471204737024","281471204737791","281471204738048","281471204741119","281471213082624","281471213084671","281471216396288","281471216398335","281471304224768","281471304225023","281471304225792","281471304226047","281471311638528","281471311640575","281471331757056","281471331757567","281471437513472","281471437513727","281471439251968","281471439252223","281471439258112","281471439258367","281471441568000","281471441568255","281471442284032","281471442284543","281471442636800","281471442637823","281471442869248","281471442870271","281471445526528","281471445527551","281471446030336","281471446031359","281471465519104","281471465521151","281471470018816","281471470020607","281471470020864","281471470022143","281471470022400","281471470022655","281471470244352","281471470245887","281471643944448","281471643944959","281471726862592","281471726863103","281471796783104","281471796783359","281471801278976","281471801279487","281471801280000","281471801280511","281471989453312","281471989453567","281471989454080","281471989454847","281471989455104","281471989455359","281471989455616","281471989456895","281471989798912","281471989799167","281471989799424","281471989799679","281472000819968","281472000820223","281472014090240","281472014091007","281472014091264","281472014091775","281472014092032","281472014092543","281472014092800","281472014093055","281472014093312","281472014093567","281472014093824","281472014094079","281472014094848","281472014095103","281472014095360","281472014096383","281472014096640","281472014097151","281472014097664","281472014098687","281472014099712","281472014100735","281472014100992","281472014101503","281472014102016","281472014102783","281472014103040","281472014103295","281472014103808","281472014104575","281472014104832","281472014107135","281472014107392","281472014107647","281472014107904","281472014108159","281472014108416","281472014115839","281472014116096","281472014117887","281472014118144","281472014118399","281472014118656","281472014121983","281472014122240","281472014123007","281472014123264","281472014123519","281472014123776","281472014124031","281472014124544","281472014125567","281472014125824","281472014128127","281472014128384","281472014128639","281472014128896","281472014129407","281472014129920","281472014130175","281472014130688","281472014130943","281472014131456","281472014131711","281472014131968","281472014132223","281472014132480","281472014132991","281472014133504","281472014133759","281472014134272","281472014134527","281472014134784","281472014139135","281472014139392","281472014142463","281472014142720","281472014143743","281472014144000","281472014144255","281472014144512","281472014145279","281472014145536","281472014147583","281472014148608","281472014148863","281472014149888","281472014151679","281472014151936","281472014152191","281472014152448","281472014152703","281472014153728","281472014155775","281472018362368","281472018363647","281472018363904","281472018364415","281472029048832","281472029049855","281472029050112","281472029050879","281472029051136","281472029052159","281472029052416","281472029052671","281472029101312","281472029101567","281472029839360","281472029840383","281472029840640","281472029843455","281472029913088","281472029913343","281472029913600","281472029914111","281472029914624","281472029915135","281472029915392","281472029916927","281472040049664","281472040049919","281472042452992","281472042455039","281472092356608","281472092357375","281472092357888","281472092359935","281472092360448","281472092364799","281472121567744","281472121567999","281472149251072","281472149252095","281472157817856","281472157818111","281472172167680","281472172167935","281472222267392","281472222267647","281472222267904","281472222268415","281472223337472","281472223337727","281472223608320","281472223608831","281472224134656","281472224135167","281472224240896","281472224241151","281472229183488","281472229185279","281472229185536","281472229187583","281472233106432","281472233107455","281472248162304","281472248163327","281472252494080","281472252494335","281472254307840","281472254308095","281472267816960","281472267819007","281472268933632","281472268934143","281472269044224","281472269044479","281472281225984","281472281226239","281472281229312","281472281230335","281472282624000","281472282631167","281472282631424","281472282632191","281472282632448","281472282633727","281472282633984","281472282636287","281472282638080","281472282639359","281472282639616","281472282641151","281472282641408","281472282641919","281472282642176","281472282643455","281472282644480","281472282646015","281472282646272","281472282649599","281472282649856","281472282655743","281472282656000","281472282656255","281472282656512","281472282656767","281472514981888","281472514982143","281472514982400","281472514982911","281472514983168","281472514983935","281472515024384","281472515024639","281472517308416","281472517309439","281472517309440","281472517312511","281472517312512","281472517313023","281472517315584","281472517316607","281472521734400","281472521734655","281472525854720","281472525855999","281472525856256","281472525856767","281472525934592","281472525937663","281472525938432","281472525938687","281472854825728","281472854825983","281472929898496","281472929906687","281473047906304","281473047906815","281473047907328","281473047907839","281473047908096","281473047908351","281473053789184","281473053789951","281473053799424","281473053799679","281473100821504","281473100822527","281473269399552","281473269399807","281473326725632","281473326725887","281473390991616","281473390991871","281473552126976","281473552127999","281473572112896","281473572113151","281473785612544","281473785612799","281473785619456","281473785619711","281473786129408","281473786130431","281473786153728","281473786153983","281473786640896","281473786641151","281473787531264","281473787531519","281473787532032","281473787532287","281473787630592","281473787631615","281473787699200","281473787700223","281473788851200","281473788852223","281473789027328","281473789028351","281473789144320","281473789145087","281473789170688","281473789170943","281473789171200","281473789171711","281473789635584","281473789636095","281473789702144","281473789703167","281473790227456","281473790228479","281473791401728","281473791401983","281473793299456","281473793299711","281473793402112","281473793402879","281473793438976","281473793439231","281473793582080","281473793583103","281473794202624","281473794203391","281473794994176","281473794994431","281473795031040","281473795032063","281473795755008","281473795756031","281473795883008","281473795884031","281473796771840","281473796772607","281473797061632","281473797062655","281473797783552","281473797784575","281473797822976","281473797823231","281473798689792","281473798690559","281473799470080","281473799471103","281473800233984","281473800234495","281473800234752","281473800235007","281473800361984","281473800362239","281473800362496","281473800363007","281473800829952","281473800830975","281473801064960","281473801065471","281473801193472","281473801194495","281473846663680","281473846663935","281473846664448","281473846665215","281473847156736","281473847159807","281473847160064","281473847160575","281473910167808","281473910168063","281473936392704","281473936392959","281473936626944","281473936627199","281473938881024","281473938881535","281473943949312","281473943949823","281473943952896","281473943953407","281473946811392","281473946811903","281473946812160","281473946812415","281473966467584","281473966467839","281474032380416","281474032380671","281474175082240","281474175082495","281474201197056","281474201197311","281474240621312","281474240621567","281474265081088","281474265081343","281474268865024","281474268865279","281474268865536","281474268866047","281474268866304","281474268866559","281474268866816","281474268867327","281474268867584","281474268872703","281474323052288","281474323052543","281474323812352","281474323812607","281474324033536","281474324037119","281474324037376","281474324037631","281474326345472","281474326346751","281474327216128","281474327216383","281474327216640","281474327217407","281474327217664","281474327218687","281474327218944","281474327219711","281474327219968","281474327220223","42540578165168479514510760803668328450","42540578165168479514510760803668328450","42540578165168483683474921462026993666","42540578165168483683474921462026993666","42540578165169675232461618656804077570","42540578165169675232461618656804077570","42540578165169733302811962694472564738","42540578165169733302811962694472564738","42540578165169733819320796758340009986","42540578165169733819320796758340009986","42540578165169734981465673402041761794","42540578165169734981465673402041761794","42540578165169735350400554876232794114","42540578165169735350400554876232794114","42540578165169736069823573750905307138","42540578165169736069823573750905307138","42540578165169741290252146610708414466","42540578165169741290252146610708414466","42540578165178152212339762996734590976","42540578165178152230786507070444142591","42540578165184175148066805460175421440","42540578165184175166513549533884973055","42540578165184177250995629863064305664","42540578165184177269442373936773857279","42540578165184192635580187336830353408","42540578165184192654026931410539905023","42540578165184225747485799645475504128","42540578165184225765932543719185055743","42540578165184241869940120067623616512","42540578165184241888386864141333168127","42540578165184242054407560804719132672","42540578165184242072854304878428684287","42540578165184252181670057271262969856","42540578165184252200116801344972521471","42540578165184252882646332072225931264","42540578165184252901093076145935482879","42540578165198689138537720503934648320","42540578165198689156984464577644199935","42540578165198711274630608955396587520","42540578165198711293077353029106139135","42540578165198739479702297657301008384","42540578165198739498149041731010559999","42540578165203525782600126779820605440","42540578165203525801046870853530157055","42540578165203526151535008254011637760","42540578165203526169981752327721189375","42540578165203535061312395855725068288","42540578165203535079759139929434619903","42540578165203538658427490229087633408","42540578165203538676874234302797185023","42540578165211981419595377837799899136","42540578165211981438042121911509450751","42540578165212007337270801399719919616","42540578165212007355717545473429471231","42540578165212010214962876898409971712","42540578165212010233409620972119523327","42540578165212010989726127994211139584","42540578165212011008172872067920691199","42540578165212013498483322018710159360","42540578165212013516930066092419710975","42540578165212040541410134076912828416","42540578165212040559856878150622380031","42540578165214406207210378810940719104","42540578165214406225657122884650270719","42540578165214408199458738771572293632","42540578165214408217905482845281845247","42540578165214422680152836633570312192","42540578165214422698599580707279863807","42540578165214426295714675080642428928","42540578165214426314161419154351980543","42540578165214429228746982800461135872","42540578165214429247193726874170687487","42540578165214431571483480161574191104","42540578165214431589930224235283742719","42540578165216833411348853440032800768","42540578165216833429795597513742352383","42540578165216839148286260363703353344","42540578165216839166733004437412904959","42540578165216849460016197567342706688","42540578165216849478462941641052258303","42540578165233744943593772587925110784","42540578165233744962040516661634662399","42540578165233748725176307698383192064","42540578165233748743623051772092743679","42540578165300293103919437913272614912","42540578165300293122366181986982166527","42540578165300296977735693392278454272","42540578165300296996182437465988005887","42540578165300304430220299170937307136","42540578165300304448667043244646858751","42540578165300305149643318045609820160","42540578165300305168090062119319371775","42540578165302678563076073737649389568","42540578165302678581522817811358941183","42540578165305073374731954932768833536","42540578165305073393178699006478385151","42540578174770958225776388122683113472","42540578174770958244223132196392665087","42540578174770984069664835389764927488","42540578174770984088111579463474479103","42540578174773401275668022068280033280","42540578174773401294114766141989584895","42540578174775809073831731154923814912","42540578174775809092278475228633366527","42540578174775810770932185936202563584","42540578174775810789378930009912115199","42540578174775822521508160889186942976","42540578174775822539954904962896494591","42540578174775828830294634097853595648","42540578174775828848741378171563147263","42540578174775839289598523891169361920","42540578174775839308045267964878913535","42540578174775858271298175738297974784","42540578174775858289744919812007526399","42540578174775859451889796455709278208","42540578174775859470336540529418829823","42540578174775860595587929025701478400","42540578174775860614034673099411030015","42540578174780629927481210335433588736","42540578174780629945927954409143140351","42540578174783063514193134468030529536","42540578174783063532639878541740081151","42540578174785476643465880856734728192","42540578174785476661912624930444279807","42540578174785519292338179273218064384","42540578174785519310784923346927615999","42540578174785529733195324992824279040","42540578174785529751642069066533830655","42540578174787927994392347971629875200","42540578174787928012839092045339426815","42540578174787957048014264064173670400","42540578174787957066461008137883222015","42540578174787966197599324624111271936","42540578174787966216046068697820823551","42540578174792719130337124406051995648","42540578174792719148783868479761547263","42540578174795135653810780357313691648","42540578174795135672257524431023243263","42540578174795142349978879113880928256","42540578174795142368425623187590479871","42540578174795148437404423438032961536","42540578174795148455851167511742513151","42540578174797562378333909069957431296","42540578174797562396780653143666982911","42540578174802392916524026947981803520","42540578174802392934970771021691355135","42540578174809646305421018059644076032","42540578174809646323867762133353627647","42540578174819314428457489972741537792","42540578174819314446904234046451089407","42540578192907261895895529104861036544","42540578192908470821715143734035742719","42540578195086955148660705506856271872","42540578195088164074480320136030978047","42540578207890688504199243096169381888","42540578207891897430018857725344088063","42540578219938843222478637451291131904","42540578219940052148298252080465838079","42540578219947305703215939855514075136","42540578219948514629035554484688781311","42540578220423622476144103750348308480","42540578220424831401963718379523014655","42540578222188654172781462345419325440","42540578222189863098601076974594031615","42540578234038545056644057515889262592","42540578234039753982463672145063968767","42540578238335067419554449602795012096","42540578238336276345374064231969718271","42540578243211874175879863693559726080","42540578243213083101699478322734432255","42540578243586641179960398737718640640","42540578243587850105780013366893346815","42540578243724458723396466463635144704","42540578243725667649216081092809850879","42540649787625635694215846439610744832","42540649787626844620035461068785451007","42540649787653440988066982910628986880","42540649787654649913886597539803693055","42540649866660370077341843365201707008","42540649866661579003161457994376413183","42540680211044198730718774586419183616","42540680211044198730718774586419707903","42540680211044198730718774586419838976","42540680211044198730718774586419904511","42541819828970068178657784993027195338","42541819828970068178657784993027195338","47856325179039771495932479477131509760","47856325179040980421752094106306215935","50512955739949013137959790203329576960","50512955739950222063779404832504283135","50541822698292369199533878433409925120","50541822698331054825761546567000522751","50543536555288635680753451132151398400","50543536555298307087310368165549047807","55829061509469934146818450667931172864","55829062143295234260933151416282775551","55829756181998859216530470861287718912","55829756815824159330645171609639321599","55829920976576888886352665432704417792","55829921055805051400617003026248368127","55830805796695848190474910131541770240","55830806430521148304589610879893372927","55830869179225859601944984966702039040","55830869258454022116209322560245989375","55831497933923572803728127331491905536","55831498013151735317992464925035855871","55834094082352840217542392579656515584","55834094161581002731806730173200465919","55834370430183689971551918860955287552","55834370509411852485816256454499237887","55835954993433975258303789739962007552","55835955627259275372418490488313610239","55836203452951619991266483093790261248","55836203532179782505530820687334211583","55838750787625901807518678581612904448","55838750787625901825965422655322456063","55838750787626585960362884321463238656","55838750787626585978809628395172790271","55838750787626586015703116542591893504","55838750787626586034149860616301445119","55838750787626586052596604690010996736","55838750787626586089490092837430099967","55838750787627110733338293210787610624","55838750787627110751785037284497162239","55838750787630737510797137098311729152","55838750787630737529243881172021280767","55838750787631421663641342838162063360","55838750787631421682088086911871614975","55838750787631421718981575059290718208","55838750787631421737428319133000269823","55838750787631421755875063206709821440","55838750787631421792768551354128924671","55838750787631946436616751727486435328","55838750787631946455063495801195986943","55838750787635573214075595615010553856","55838750787635573232522339688720105471","55838750787636257366919801354860888064","55838750787636257385366545428570439679","55838750787636257422260033575989542912","55838750787636257440706777649699094527","55838750787636257459153521723408646144","55838750787636257496047009870827749375","55838750787636782139895210244185260032","55838750787636782158341954317894811647","55838753970918293251369640735765692417","55838753970918293251369640735765692417","55842442829205943336380649866967121920","55842442829207152262200264496141828095","55842610159085173462661647431790231552","55842610792910473576776348180141834239","55844083169082638665226186600914878464","55844083248310801179490524194458828799","55844204863540260575248730284422594560","55844205497365560689363431032774197247","55845287992059478092829316692492419072","55845287992368963102650661761217200127","55845840132814554991176661031557529600","55845840766639855105291361779909132287","55847685832088487293185240231424557056","55847685911316649807449577824968507391","55849151236182351126373370420329971712","55849151870007651240488071168681574399","55849328707266383078489579958778724352","55849328707268800930128809217128136703","55849328707548062794459788556485263360","55849328707548063089607693735838089215","55849840838108875283167784626873696256","55849841471934175397282485375225298943","55849932188200805987329222752727990272","55849932188200806024222710900147093503","55849932188200886249112687462987071488","55849932188200890971479170332632285183","55849932188274550462325715132385067008","55849932188274550499219203279804170239","55849932188274630724109179842644148224","55849932188274635446475662712289361919","55849932188284222791219835851260297216","55849932188284222809666579924969848831","55849932188284363521430374181429575680","55849932188284368243796857051074789375","55849932188302355756176851603403309056","55849932188302355793070339750822412287","55849932188302436017960316313662390272","55849932188302440740326799183307603967","55849932188303564681996466232578015232","55849932188303564718889954379997118463","55849932188303644943779930942837096448","55849932188303649666146413812482310143","55849932208007015460947578019846815744","55849932208007091018811303934170234879","55849932208026358274061412086642114560","55849932208026433831925138000965533695","55849932208045701087175246153437413376","55849932208045776645038972067760832511","55849932208065043900289080220232712192","55849932208065119458152806134556131327","55849932208084386713402914287028011008","55849932208084462271266640201351430143","55849932208103729526516748353823309824","55849932208103805084380474268146728959","55849932208123072339630582420618608640","55849932208123147897494308334942027775","55849932208142415152744416487413907456","55849932208142490710608142401737326591","55850150144855330971141749822455808000","55850150778680631085256450570807410687","55853116447259865027941252107956387840","55853117081085165142055952856307990527","55857122698525561318436007251349078016","55857122698543695205730226688969670655","55857122698544904131549841318144376832","55857122698835046328257352320073859071","55857122703554692728032864618126770176","55857122703786806485398873419670355967","55857122704096291495220218488395137024","55857122704405776505041563557119918079","55857122704406985430861178186294624256","55857122704425119318155397623915216895","55857122704426328243975012253089923072","55857122704715261514862908625844699135","55857122708448424445832883517337370624","55857122709048051652361739587991633919","55857122710904961711289810000340320256","55857122713380841789860570550138568703","55857122723593847113964957818056343552","55857122723903332123786302886781124607","55857122724522302143428993024230686720","55857122724831787153250338092955467775","55857122743400887742531042216442331136","55857122743710372752352387285167112191","55857122757946683204134260446507040768","55857122777771857719994564282513620991","55857122777773066645814178911688327168","55857122778064417768341304542792515583","55857122778065626694160919171967221760","55857122778066835619980533801141927935","55857122778068044545800148430316634112","55857122778682178862164380051067371519","55857122783324454009484556081939087360","55857122784562394048769936356838211583","55857122817367805089832513641665003520","55857122827271325404115555840857997311","55857122833461025600542457215353618432","55857122856981886346964682438436978687","55858683968696067411472625628434399232","55858684602521367525587326376786001919","55861077293029298308582651404086149120","55861077926854598422697352152437751807","55861629988690997816601703966683693056","55861630622516297930716404715035295743","55867080886271979203028139790466809856","55867081520097279317142840538818412543","55867532169885660452695072616807923712","55867532328341985481223747803895824383","55868480372534631168287392150805544960","55868481006359931282402092899157147647","55876542630352082707280911183191736320","55876542630353291633100525812366442495","55876542709580245221545248776735686656","55876542709581454147364863405910392831","55876542788808407735809586370279636992","55876542788809616661629200999454343167","55876542868036570250073923963823587328","55876542868037779175893538592998293503","55876542947264732764338261557367537664","55876542947265941690157876186542243839","55876543026492895278602599150911488000","55876543026494104204422213780086194175","55876543105721057792866936744455438336","55876543105722266718686551373630144511","55876543184949220307131274337999388672","55876543184950429232950888967174094847","55876552771556884533116123156817379328","55876553405382184647230823905168982015","55877597315651472594142956440258609152","55877597949476772708257657188610211839","55878094315152864613618061016358191104","55878094315152864632064805090067742719","55878094315191550239845729149948788736","55878094315191550258292473223658340351","55878094315230235866073397283539386368","55878094315230235884520141357248937983","55878094315268921492301065417129984000","55878094315268921510747809490839535615","55878094393239801154166188668979511296","55878094393249472560723105702377160703","55878094472467963668430526262523461632","55878094472477635074987443295921111039","55878094551647769149910278689079164928","55878094551657440556467195722476814335","55878094556599529307051799788675661824","55878094556609200713608716822073311231","55878094630924288696959201449611362304","55878094630933960103516118483009011711","55878094710152451211223539043155312640","55878094710162122617780456076552962047","55878124658301167537573979068792045568","55878125292126467651688679817143648255","55878413682638019573877520317122871296","55878414316463319687992221065474473983","55881451173093997746291075745486733312","55881451173403482756112420814211514367","55882759188895601944265851015710900224","55882759822720902058380551764062502911","55887749295329866790213784882691178496","55887749295331075716033399511865884671","55887749295332284641853014141040590848","55887749295333493567672628770215297023","55887749295339538196770701916088827904","55887749295340747122590316545263534079","55887749295354045306606077466185302016","55887749295355254232425692095360008191","55893519007190339155425755032518131712","55893519641015639269540455780869734399","55893574783816749197519420887459168256","55893575417642049311634121635810770943","55895679083813128058325905414780092416","55895679717638428172440606163131695103","55895881907909164575030144887292952576","55895882541734464689144845635644555263","55896115475085507957323467471837986816","55896115475162879209778803739019182079","55896115480037268114464988571434483712","55896115480114639366920324838615678975","55896429532968463170131591463077675008","55896430166793763284246292211429277695","55896561368630886905989347120211034112","55896562002456187020104047868562636799","55896581651040490557659771067462320128","55896582284865790671774471815813922815","55898178890796778126705656913501093888","55898179524622078240820357661852696575","55898549123845464779044559010018623488","55898549123850300482323017526717448191","55898549123851509408142632155892154368","55898549123852718333962246785066860543","55898549123857554037240705301765685248","55898549123858762963060319930940391423","55898549123870852221256466222687453184","55898549123872061147076080851862159359","55898549123874478998715310110211571712","55898549123875687924534924739386277887","55898549123880523627813383256085102592","55898549123881732553632997885259808767","55898549123895030737648758806181576704","55898549123896239663468373435356282879","55898549123903493218386061210404519936","55898549123905911070025290468753932287","55899228505493767100650096183755145216","55899229139319067214764796932106747903","55900567144527608110898076702340022272","55900567778352908225012777450691624959","55901545770790984303996032157214572544","55901546404616284418110732905566175231","55901870289344642730722815313235148800","55901870289345851656542429942409854975","55903751482835381423154636420791926784","55903752116660681537269337169143529471","55903771818540479832535987534964981760","55903771818541688758355602164139687935","55904583061629131141642018258094653440","55904583695454431255756719006446256127","55906910468131150170823166205179723776","55906911101956450284937866953531326463","55908877861862704382854289088554467328","55908878495688004496968989836906070015","55909643522825242233412793097290514432","55909643602053404747677130690834464767","55914313547636483030527906951899119616","55914314181461783144642607700250722303","55914886525707786190217383461747949568","55914887159533086304332084210099552255","55915565986429508521176585694666031104","55915566620254808635291286443017633791","55915829657754355992892097008932749312","55915830291579656107006797757284351999","55920454680814546182952785196215173120","55920454680815755108772399825389879295","55920454680816964034592014454564585472","55920454680818172960411629083739291647","55920454680821799737870472971263410176","55920454680825426515329316858787528703","55920454680831471144427390004661059584","55920454680833888996066619263010471935","55922340311237128179098184076595560448","55922340945062428293212884824947163135","55924358410992691520305366828098519040","55924359044817991634420067576450121727","55926660464482705984898484841119481856","55926661098308006099013185589471084543","55927659610840173372459877023877169152","55927659690068335886724214617421119487","55930636450436788247325221345535459328","55930636450437997173144835974710165503","55932476445436553101392551715425746944","55932477079261853215507252463777349631","55933155906158275432351753948343828480","55933156539983575546466454696695431167"]},"kavaje":{"name":"Kavaje","latitude":"41.185960","longitude":"19.556940","postcode":"2502","gmtOffset":7200,"gmtOffsetName":"UTC+02:00","ip2locationv4":["1307710464","1307710719","1307711488","1307711743","1307712000","1307712255","1332389632","1332390143","1348097024","1348097279","1348169984","1348170239","1348171008","1348171263","1535421696","1535421951","3107002624","3107002879","3107003136","3107003391","3164920832","3164921087"],"ip2locationv6":["281471989453824","281471989454079","281471989454848","281471989455103","281471989455360","281471989455615","281472014132992","281472014133503","281472029840384","281472029840639","281472029913344","281472029913599","281472029914368","281472029914623","281472217165056","281472217165311","281473788745984","281473788746239","281473788746496","281473788746751","281473846664192","281473846664447"]},"rrogozhine":{"name":"Rrogozhine","latitude":"41.076390","longitude":"19.665280","postcode":"2503","gmtOffset":7200,"gmtOffsetName":"UTC+02:00","ip2locationv4":["1332355584","1332355839","1332374528","1332374783"],"ip2locationv6":["281472014098944","281472014099199","281472014117888","281472014118143"]},"vore":{"name":"Vore","latitude":"41.390830","longitude":"19.655000","postcode":"1032","gmtOffset":7200,"gmtOffsetName":"UTC+02:00","ip2locationv4":["1332395776","1332396031","1600898560","1600898815","1600900352","1600901119","3245018112","3245018367"],"ip2locationv6":["281472014139136","281472014139391","281472282641920","281472282642175","281472282643712","281472282644479","281473926761472","281473926761727","55838750787626586107936836911139651584","55838750787626586126383580984849203199","55838750787631421811215295427838476288","55838750787631421829662039501548027903","55838750787636257514493753944537300992","55838750787636257532940498018246852607"]},"kamez":{"name":"Kamez","latitude":"41.381670","longitude":"19.760280","postcode":"1029","gmtOffset":7200,"gmtOffsetName":"UTC+02:00","ip2locationv4":["1739057664","1739058175"],"ip2locationv6":["281472420801024","281472420801535","47891023309635959808810883222241017856","47891023388864122323075220815784968191","55932851670014220657295394739574538240","55932852303839520771410095487926140927"]}}},"shkoder":{"name":"Shkoder","cities":{"shkoder":{"name":"Shkoder","latitude":"42.068280","longitude":"19.512580","postcode":"4007","gmtOffset":7200,"gmtOffsetName":"UTC+02:00","ip2locationv4":["521549312","521549567","521550336","521550591","1307710208","1307710463","1347306496","1347306751","1410614016","1410614271","1439824128","1439824383","1500896768","1500897023","1542451200","1542451455","1844112640","1844112895","2181044224","2181044735","2181045248","2181045759","2449477632","2449479679","3105788416","3105788671","3107892736","3107892991","3109394432","3109394687","3109394944","3109395455","3116955648","3116956671","3117162496","3117162751","3117163008","3117163263","3119321088","3119321599","3645474048","3645474303"],"ip2locationv6":["281471203292672","281471203292927","281471203293696","281471203293951","281471989453568","281471989453823","281472029049856","281472029050111","281472092357376","281472092357631","281472121567488","281472121567743","281472182640128","281472182640383","281472224194560","281472224194815","281472525856000","281472525856255","281472862787584","281472862788095","281472862788608","281472862789119","281473131220992","281473131223039","281473787531776","281473787532031","281473789636096","281473789636351","281473791137792","281473791138047","281473791138304","281473791138815","281473798699008","281473798700031","281473798905856","281473798906111","281473798906368","281473798906623","281473801064448","281473801064959","281474327217408","281474327217663","55842442829207152262200264496141828096","55842443423442549635575089031215579135","55842443423443758561394703660390285312","55842443463031243450495350615318724607","55883286531545296887696873644244336640","55883287165370597001811574392595939327","55899213293686564361897278223316680704","55899213927511864476011978971668283391","55925657059627219491283937184645644288","55925657059628428417103551813820350463","55925657059629637342923166442995056640","55925657059630846268742781072169762815","55925657059739649592508097697893318656","55925657059740858518327712327068024831","55925657059757783479802317135513911296","55925657059758992405621931764688617471","55925657059777126292916151202309210112","55925657059778335218735765831483916287","55925657059824274399881121740122750976","55925657059825483325700736369297457151","55926153404242614693137886159837331456","55926154038067914807252586908188934143"]},"fushe-arrez":{"name":"Fushe-Arrez","latitude":"42.062220","longitude":"20.016670","postcode":"4402","gmtOffset":7200,"gmtOffsetName":"UTC+02:00","ip2locationv4":["1332358144","1332358399"],"ip2locationv6":["281472014101504","281472014101759"]},"puke":{"name":"Puke","latitude":"42.044440","longitude":"19.899720","postcode":"4401","gmtOffset":7200,"gmtOffsetName":"UTC+02:00","ip2locationv4":["1332384768","1332385023","1490423808","1490424063"],"ip2locationv6":["281472014128128","281472014128383","281472172167168","281472172167423"]}}},"elbasan":{"name":"Elbasan","cities":{"cerrik":{"name":"Cerrik","latitude":"41.031670","longitude":"19.975830","postcode":"3007","gmtOffset":7200,"gmtOffsetName":"UTC+02:00","ip2locationv4":["521549568","521549823","1331851776","1331852031","1332355840","1332356351","1332360192","1332360447","1332379648","1332379903","1332386816","1332387327","1332387584","1332387839","1332404224","1332404479","1332404736","1332404991","1336809472","1336809727","1439823872","1439824127","1490424064","1490424319","1600888832","1600889087","1600893696","1600893951","1600912896","1600913151","1844194560","1844194815","2181044736","2181044991","2181046016","2181046271","3106325248","3106325503","3107400704","3107400959","3107892992","3107893247","3109394688","3109394943","3109657600","3109657855","3117162752","3117163007","3117163264","3117163519","3118491136","3118491391","3164919808","3164920063","3228425216","3228425471","3254649088","3254649343","3587121408","3587121663","3642293760","3642294015"],"ip2locationv6":["281471203292928","281471203293183","281472013595136","281472013595391","281472014099200","281472014099711","281472014103552","281472014103807","281472014123008","281472014123263","281472014130176","281472014130687","281472014130944","281472014131199","281472014147584","281472014147839","281472014148096","281472014148351","281472018552832","281472018553087","281472121567232","281472121567487","281472172167424","281472172167679","281472282632192","281472282632447","281472282637056","281472282637311","281472282656256","281472282656511","281472525937920","281472525938175","281472862788096","281472862788351","281472862789376","281472862789631","281473788068608","281473788068863","281473789144064","281473789144319","281473789636352","281473789636607","281473791138048","281473791138303","281473791400960","281473791401215","281473798906112","281473798906367","281473798906624","281473798906879","281473800234496","281473800234751","281473846663168","281473846663423","281473910168576","281473910168831","281473936392448","281473936392703","281474268864768","281474268865023","281474324037120","281474324037375"]},"elbasan":{"name":"Elbasan","latitude":"41.112500","longitude":"20.082220","postcode":"3006","gmtOffset":7200,"gmtOffsetName":"UTC+02:00","ip2locationv4":["521549824","521550079","622482944","622483199","1332375040","1332375295","1332388352","1332388607","1332391168","1332391423","1332409344","1332409855","1585278976","1585281023","1600893440","1600893695","1600897792","1600898047","3111556352","3111557119","3164920064","3164920319","3164920576","3164920831","3250283520","3250284543"],"ip2locationv6":["281471203293184","281471203293439","281471304226304","281471304226559","281472014118400","281472014118655","281472014131712","281472014131967","281472014134528","281472014134783","281472014152704","281472014153215","281472267022336","281472267024383","281472282636800","281472282637055","281472282641152","281472282641407","281473793299712","281473793300479","281473846663424","281473846663679","281473846663936","281473846664191","281473932026880","281473932027903","55830737343563435866087229309568679936","55830737422791598380351566903112630271","55838750787626585978809628395172790272","55838750787626585997256372468882341887","55838750787631421682088086911871614976","55838750787631421700534830985581166591","55838750787636257385366545428570439680","55838750787636257403813289502279991295","55857122384630390107136771297239891968","55857122384707761359592107564421087231","55886699046961111281245702769273208832","55886699680786411395360403517624811519"]},"librazhd":{"name":"Librazhd","latitude":"41.179440","longitude":"20.315000","postcode":"3402","gmtOffset":7200,"gmtOffsetName":"UTC+02:00","ip2locationv4":["622482688","622482943","1332386304","1332386559","1600894464","1600894719"],"ip2locationv6":["281471304226048","281471304226303","281472014129664","281472014129919","281472282637824","281472282638079"]},"peqin":{"name":"Peqin","latitude":"41.046110","longitude":"19.751110","postcode":"3501","gmtOffset":7200,"gmtOffsetName":"UTC+02:00","ip2locationv4":["1332347648","1332347903","1332353024","1332353279","1332404992","1332405247"],"ip2locationv6":["281472014091008","281472014091263","281472014096384","281472014096639","281472014148352","281472014148607"]},"perrenjas-fshat":{"name":"Perrenjas-Fshat","latitude":"41.066670","longitude":"20.535280","postcode":"3413","gmtOffset":7200,"gmtOffsetName":"UTC+02:00","ip2locationv4":["1347309312","1347309567"],"ip2locationv6":["281472029052672","281472029052927"]},"gramsh":{"name":"Gramsh","latitude":"40.869720","longitude":"20.184440","postcode":"3302","gmtOffset":7200,"gmtOffsetName":"UTC+02:00","ip2locationv4":["1600893184","1600893439"],"ip2locationv6":["281472282636544","281472282636799","55838750787626585997256372468882341888","55838750787626586015703116542591893503","55838750787631421700534830985581166592","55838750787631421718981575059290718207","55838750787636257403813289502279991296","55838750787636257422260033575989542911"]}}},"vlore":{"name":"Vlore","cities":{"vlore":{"name":"Vlore","latitude":"40.466670","longitude":"19.489720","postcode":"9402","gmtOffset":7200,"gmtOffsetName":"UTC+02:00","ip2locationv4":["522994432","522994687","1331851264","1331851775","1331852288","1331853311","1332351744","1332351999","1332361216","1332361471","1547441920","1547442175","2372046592","2372046847","3108143104","3108144127","3165416448","3165416703","3165417216","3165417471","3642069248","3642069503","3642069760","3642070015","3642070272","3642070783","3642071040","3642071295","3642071552","3642072831"],"ip2locationv6":["281471204737792","281471204738047","281472013594624","281472013595135","281472013595648","281472013596671","281472014095104","281472014095359","281472014104576","281472014104831","281472229185280","281472229185535","281473053789952","281473053790207","281473789886464","281473789887487","281473847159808","281473847160063","281473847160576","281473847160831","281474323812608","281474323812863","281474323813120","281474323813375","281474323813632","281474323814143","281474323814400","281474323814655","281474323814912","281474323816191","55830407754407376526442840166735282176","55830407833635539040707177760279232511","55838750787626586089490092837430099968","55838750787626586107936836911139651583","55838750787631421792768551354128924672","55838750787631421811215295427838476287","55838750787636257496047009870827749376","55838750787636257514493753944537300991"]},"himare":{"name":"Himare","latitude":"40.101670","longitude":"19.744720","postcode":"9425","gmtOffset":7200,"gmtOffsetName":"UTC+02:00","ip2locationv4":["1332350208","1332350463","1332354048","1332354303","1332358400","1332358655","1332380160","1332380415","3642069504","3642069759","3642071296","3642071551"],"ip2locationv6":["281472014093568","281472014093823","281472014097408","281472014097663","281472014101760","281472014102015","281472014123520","281472014123775","281474323812864","281474323813119","281474323814656","281474323814911"]},"sarande":{"name":"Sarande","latitude":"39.875960","longitude":"20.005280","postcode":"9702","gmtOffset":7200,"gmtOffsetName":"UTC+02:00","ip2locationv4":["1332350976","1332351231","1490424576","1490424831","1535421440","1535421695","1535421952","1535422463","1540644864","1540645119","1600890368","1600890623","3106324480","3106324735","3106324992","3106325247"],"ip2locationv6":["281472014094336","281472014094591","281472172167936","281472172168191","281472217164800","281472217165055","281472217165312","281472217165823","281472222388224","281472222388479","281472282633728","281472282633983","281473788067840","281473788068095","281473788068352","281473788068607","55881861692270640357849591349841494016","55881862326095940471964292098193096703","55923567397018149105158832885298364416","55923568030843449219273533633649967103"]},"konispol":{"name":"Konispol","latitude":"39.658890","longitude":"20.181390","postcode":"9705","gmtOffset":7200,"gmtOffsetName":"UTC+02:00","ip2locationv4":["1332357376","1332357631"],"ip2locationv6":["281472014100736","281472014100991"]},"selenice":{"name":"Selenice","latitude":"40.530560","longitude":"19.635830","postcode":"9427","gmtOffset":7200,"gmtOffsetName":"UTC+02:00","ip2locationv4":["3642070016","3642070271"],"ip2locationv6":["281474323813376","281474323813631"]}}},"durres":{"name":"Durres","cities":{"fushe-kruje":{"name":"Fushe-Kruje","latitude":"41.478330","longitude":"19.717780","postcode":"1502","gmtOffset":7200,"gmtOffsetName":"UTC+02:00","ip2locationv4":["622481664","622481919","1332351232","1332351487","1600894208","1600894463"],"ip2locationv6":["281471304225024","281471304225279","281472014094592","281472014094847","281472282637568","281472282637823"]},"durres":{"name":"Durres","latitude":"41.323060","longitude":"19.441390","postcode":"2006","gmtOffset":7200,"gmtOffsetName":"UTC+02:00","ip2locationv4":["788275200","788275455","788278784","788279039","1331852032","1331852287","1332348416","1332348671","1332353792","1332354047","1332385280","1332385535","1332386048","1332386303","1332390656","1332390911","1332401920","1332402175","1332408320","1332408575","1336809984","1336810239","1347307520","1347307775","1348170752","1348171007","1348173568","1348173823","1570750464","1570750719","1570750976","1570751231","1570751488","1570752511","1600887808","1600888063","1600892928","1600893183","1833279488","1833281023","1833281280","1833281535","1844194816","1844195071","2366163456","2366163711","3107002368","3107002623","3107002880","3107003135","3107427584","3107427839","3116259840","3116260095","3248732928","3248733183","3265068544","3265068799","3587123968","3587124223","3645473024","3645473279"],"ip2locationv6":["281471470018560","281471470018815","281471470022144","281471470022399","281472013595392","281472013595647","281472014091776","281472014092031","281472014097152","281472014097407","281472014128640","281472014128895","281472014129408","281472014129663","281472014134016","281472014134271","281472014145280","281472014145535","281472014151680","281472014151935","281472018553344","281472018553599","281472029050880","281472029051135","281472029914112","281472029914367","281472029916928","281472029917183","281472252493824","281472252494079","281472252494336","281472252494591","281472252494848","281472252495871","281472282631168","281472282631423","281472282636288","281472282636543","281472515022848","281472515024383","281472515024640","281472515024895","281472525938176","281472525938431","281473047906816","281473047907071","281473788745728","281473788745983","281473788746240","281473788746495","281473789170944","281473789171199","281473798003200","281473798003455","281473930476288","281473930476543","281473946811904","281473946812159","281474268867328","281474268867583","281474327216384","281474327216639","55898549044772044769690893950837063680","55898549123845464779044559010018623487","55898549123850300482323017526717448192","55898549123851509408142632155892154367","55898549123852718333962246785066860544","55898549123857554037240705301765685247","55898549123858762963060319930940391424","55898549123870852221256466222687453183","55898549123872061147076080851862159360","55898549123874478998715310110211571711","55898549123875687924534924739386277888","55898549123880523627813383256085102591","55898549123881732553632997885259808768","55898549123895030737648758806181576703","55898549123896239663468373435356282880","55898549123903493218386061210404519935","55898549123905911070025290468753932288","55898549124000207283955231544381014015","55926330875326646645254095698286084096","55926330954554809159518433291830034431"]},"shijak":{"name":"Shijak","latitude":"41.345560","longitude":"19.567220","postcode":"2014","gmtOffset":7200,"gmtOffsetName":"UTC+02:00","ip2locationv4":["788500480","788500735","1332349696","1332349951","1332380672","1332380927","1336809728","1336809983","1336810240","1336810495","1570751232","1570751487","1600893952","1600894207","1600896000","1600896255","2366164480","2366164735","3118618880","3118619135"],"ip2locationv6":["281471470243840","281471470244095","281472014093056","281472014093311","281472014124032","281472014124287","281472018553088","281472018553343","281472018553600","281472018553855","281472252494592","281472252494847","281472282637312","281472282637567","281472282639360","281472282639615","281473047907840","281473047908095","281473800362240","281473800362495"]}}},"korce":{"name":"Korce","cities":{"maliq":{"name":"Maliq","latitude":"40.705830","longitude":"20.699720","postcode":"7021","gmtOffset":7200,"gmtOffsetName":"UTC+02:00","ip2locationv4":["622481920","622482175","3106324736","3106324991"],"ip2locationv6":["281471304225280","281471304225535","281473788068096","281473788068351"]},"pogradec":{"name":"Pogradec","latitude":"40.902500","longitude":"20.652500","postcode":"7021","gmtOffset":7200,"gmtOffsetName":"UTC+02:00","ip2locationv4":["622482176","622482431"],"ip2locationv6":["281471304225536","281471304225791"]},"korce":{"name":"Korce","latitude":"40.618610","longitude":"20.780830","postcode":"7001","gmtOffset":7200,"gmtOffsetName":"UTC+02:00","ip2locationv4":["788277248","788277503","1332350720","1332350975","1332382208","1332382463","1332388864","1332389119","1332400896","1332401151","1600902656","1600902911","1833238784","1833239039","3106835712","3106835967","3109657856","3109658111","3118332928","3118333951"],"ip2locationv6":["281471470020608","281471470020863","281472014094080","281472014094335","281472014125568","281472014125823","281472014132224","281472014132479","281472014144256","281472014144511","281472282646016","281472282646271","281472514982144","281472514982399","281473788579072","281473788579327","281473791401216","281473791401471","281473800076288","281473800077311","55902007195609467379498176957181329408","55902007829434767493612877705532932095","55933713672422375853288412497754193920","55933714306247675967403113246105796607"]},"bilisht":{"name":"Bilisht","latitude":"40.627500","longitude":"20.990000","postcode":"7008","gmtOffset":7200,"gmtOffsetName":"UTC+02:00","ip2locationv4":["1410614272","1410614527"],"ip2locationv6":["281472092357632","281472092357887"]}}},"lezhe":{"name":"Lezhe","cities":{"kurbnesh":{"name":"Kurbnesh","latitude":"41.779720","longitude":"20.083610","postcode":"4605","gmtOffset":7200,"gmtOffsetName":"UTC+02:00","ip2locationv4":["622483200","622483455"],"ip2locationv6":["281471304226560","281471304226815"]},"lezhe":{"name":"Lezhe","latitude":"41.783610","longitude":"19.643610","postcode":"4502","gmtOffset":7200,"gmtOffsetName":"UTC+02:00","ip2locationv4":["1332364288","1332364543","1439824640","1439824895","1600912384","1600912639","2181044992","2181045247","3244855040","3244855295","3248714752","3248715007","3272108800","3272109055"],"ip2locationv6":["281472014107648","281472014107903","281472121568000","281472121568255","281472282655744","281472282655999","281472862788352","281472862788607","281473926598400","281473926598655","281473930458112","281473930458367","281473953852160","281473953852415","55838750787626586034149860616301445120","55838750787626586052596604690010996735","55838750787631421737428319133000269824","55838750787631421755875063206709821439","55838750787636257440706777649699094528","55838750787636257459153521723408646143","55842443423442549635575089031215579136","55842443423443758561394703660390285311","55890603410809814227802312615145766912","55890604044635114341917013363497369599","55920454047143988573748756982225960960","55920454680814546182952785196215173119","55920454680815755108772399825389879296","55920454680816964034592014454564585471","55920454680818172960411629083739291648","55920454680821799737870472971263410175","55920454680825426515329316858787528704","55920454680831471144427390004661059583","55920454680833888996066619263010471936","55920454680969288687863457730577563647","55925656485207325227212499452180824064","55925657059627219491283937184645644287","55925657059628428417103551813820350464","55925657059629637342923166442995056639","55925657059630846268742781072169762816","55925657059739649592508097697893318655","55925657059740858518327712327068024832","55925657059757783479802317135513911295","55925657059758992405621931764688617472","55925657059777126292916151202309210111","55925657059778335218735765831483916288","55925657059824274399881121740122750975","55925657059825483325700736369297457152","55925657059848452916273414323616874495","55925657059849661842093028952791580672","55925657119032625341327200200532426751"]},"lac":{"name":"Lac","latitude":"41.635560","longitude":"19.713060","postcode":"4702","gmtOffset":7200,"gmtOffsetName":"UTC+02:00","ip2locationv4":["1410616832","1410617087"],"ip2locationv6":["281472092360192","281472092360447"]},"shengjin":{"name":"Shengjin","latitude":"41.813610","longitude":"19.593890","postcode":"4503","gmtOffset":7200,"gmtOffsetName":"UTC+02:00","ip2locationv4":["2181045760","2181046015","3105788160","3105788415","3642070784","3642071039"],"ip2locationv6":["281472862789120","281472862789375","281473787531520","281473787531775","281474323814144","281474323814399"]},"milot":{"name":"Milot","latitude":"41.683890","longitude":"19.715560","postcode":"4705","gmtOffset":7200,"gmtOffsetName":"UTC+02:00","ip2locationv6":["55925657059848452916273414323616874496","55925657059849661842093028952791580671"]}}},"diber":{"name":"Diber","cities":{"peshkopi":{"name":"Peshkopi","latitude":"41.685400","longitude":"20.428890","postcode":"8301","gmtOffset":7200,"gmtOffsetName":"UTC+02:00","ip2locationv4":["637328640","637328895","1332355328","1332355583","1332359936","1332360191","1332363776","1332364031","1332404480","1332404735","3115029248","3115029503","3116676608","3116676863","3228422656","3228422911","3587121152","3587121407"],"ip2locationv6":["281471319072000","281471319072255","281472014098688","281472014098943","281472014103296","281472014103551","281472014107136","281472014107391","281472014147840","281472014148095","281473796772608","281473796772863","281473798419968","281473798420223","281473910166016","281473910166271","281474268864512","281474268864767","55887748661658100255190142039527260160","55887749295329866790213784882691178495","55887749295331075716033399511865884672","55887749295332284641853014141040590847","55887749295333493567672628770215297024","55887749295339538196770701916088827903","55887749295340747122590316545263534080","55887749295354045306606077466185302015","55887749295355254232425692095360008192","55887749295483400369304842787878862847"]},"bulqize":{"name":"Bulqize","latitude":"41.491670","longitude":"20.221940","postcode":"8401","gmtOffset":7200,"gmtOffsetName":"UTC+02:00","ip2locationv4":["1308082944","1308083199"],"ip2locationv6":["281471989826304","281471989826559","55927557961107667571314744506988888064","55927558594932967685429445255340490751"]},"burrel":{"name":"Burrel","latitude":"41.610280","longitude":"20.008890","postcode":"8001","gmtOffset":7200,"gmtOffsetName":"UTC+02:00","ip2locationv4":["1332387840","1332388095","3642031360","3642031615"],"ip2locationv6":["281472014131200","281472014131455","281474323774720","281474323774975","55926224392676227473984369975216832512","55926225026501527588099070723568435199"]}}},"kukes":{"name":"Kukes","cities":{"kukes":{"name":"Kukes","latitude":"42.076940","longitude":"20.421940","postcode":"8503","gmtOffset":7200,"gmtOffsetName":"UTC+02:00","ip2locationv4":["763413760","763414015","1332359424","1332359679","1332400384","1332400639","2471404032","2471404287","3116676096","3116676607","3116676864","3116677119","3240501504","3240501759"],"ip2locationv6":["281471445157120","281471445157375","281472014102784","281472014103039","281472014143744","281472014143999","281473153147392","281473153147647","281473798419456","281473798419967","281473798420224","281473798420479","281473922244864","281473922245119","55924246857739871436118035118216445952","55924247491565171550232735866568048639","55931908537967650854620681192389738496","55931909171792950968735381940741341183"]},"bajramcurri":{"name":"Bajram Curri","latitude":"42.357340","longitude":"20.076790","postcode":"8503","gmtOffset":7200,"gmtOffsetName":"UTC+02:00","ip2locationv4":["3105320448","3105320703"],"ip2locationv6":["281473787063808","281473787064063","55844341769805085224024091928368775168","55844341849033247738288429521912725503","55915180620647039139438530696891596800","55915181254472339253553231445243199487","55929449295803208089581777588171309056","55929449929628508203696478336522911743"]}}},"fier":{"name":"Fier","cities":{"fier":{"name":"Fier","latitude":"40.723890","longitude":"19.556110","postcode":"9305","gmtOffset":7200,"gmtOffsetName":"UTC+02:00","ip2locationv4":["788500736","788500991","1308055808","1308056063","1308056576","1308056831","1308057088","1308057599","1332408832","1332409087","1347308800","1347309055","1410616576","1410616831","1600906240","1600906495","2366163712","2366163967","3109085184","3109085439","3109085952","3109086207","3116947200","3116947455","3645476352","3645476607"],"ip2locationv6":["281471470244096","281471470244351","281471989799168","281471989799423","281471989799936","281471989800191","281471989800448","281471989800959","281472014152192","281472014152447","281472029052160","281472029052415","281472092359936","281472092360191","281472282649600","281472282649855","281473047907072","281473047907327","281473790828544","281473790828799","281473790829312","281473790829567","281473798690560","281473798690815","281474327219712","281474327219967","55856194302917219168928086103339040768","55856194936742519283042786851690643455","55930042556284114900941678045271425024","55930043190109415015056378793623027711","55930635816765021712301578502371540992","55930636450436788247325221345535459327","55930636450437997173144835974710165504","55930636450590321826416279250723143679"]},"roskovec":{"name":"Roskovec","latitude":"40.737500","longitude":"19.702220","postcode":"9306","gmtOffset":7200,"gmtOffsetName":"UTC+02:00","ip2locationv4":["1308056320","1308056575","1540524288","1540524543","3109085440","3109085951","3257137408","3257137663","3285117440","3285117695"],"ip2locationv6":["281471989799680","281471989799935","281472222267648","281472222267903","281473790828800","281473790829311","281473938880768","281473938881023","281473966860800","281473966861055"]},"fier-cifci":{"name":"Fier-Cifci","latitude":"40.716670","longitude":"19.566670","postcode":"9305","gmtOffset":7200,"gmtOffsetName":"UTC+02:00","ip2locationv4":["1308056832","1308057087","1332372480","1332372735","1600900096","1600900351","1844194304","1844194559"],"ip2locationv6":["281471989800192","281471989800447","281472014115840","281472014116095","281472282643456","281472282643711","281472525937664","281472525937919"]},"lushnje":{"name":"Lushnje","latitude":"40.941940","longitude":"19.705000","postcode":"9001","gmtOffset":7200,"gmtOffsetName":"UTC+02:00","ip2locationv4":["1332406016","1332406527","1332409856","1332410111","1587190016","1587190271","3257137152","3257137407"],"ip2locationv6":["281472014149376","281472014149887","281472014153216","281472014153471","281472268933376","281472268933631","281473938880512","281473938880767"]},"patosfshat":{"name":"Patos Fshat","latitude":"40.642780","longitude":"19.650830","postcode":"9311","gmtOffset":7200,"gmtOffsetName":"UTC+02:00","ip2locationv4":["3642072832","3642073087"],"ip2locationv6":["281474323816192","281474323816447"]}}},"berat":{"name":"Berat","cities":{"berat":{"name":"Berat","latitude":"40.706230","longitude":"19.952220","postcode":"5006","gmtOffset":7200,"gmtOffsetName":"UTC+02:00","ip2locationv4":["1307709440","1307709951","1332349184","1332349439","1332378624","1332378879","1332405504","1332405759","1348171776","1348172031","1833239552","1833239807","3112895488","3112895743","3587121920","3587122175","3587122688","3587122943","3645475328","3645475583"],"ip2locationv6":["281471989452800","281471989453311","281472014092544","281472014092799","281472014121984","281472014122239","281472014148864","281472014149119","281472029915136","281472029915391","281472514982912","281472514983167","281473794638848","281473794639103","281474268865280","281474268865535","281474268866048","281474268866303","281474327218688","281474327218943"]},"kucove":{"name":"Kucove","latitude":"40.800280","longitude":"19.916670","postcode":"5306","gmtOffset":7200,"gmtOffsetName":"UTC+02:00","ip2locationv4":["1332390400","1332390655","1332399104","1332399359","1336620288","1336620543","3109658112","3109658367","3587123200","3587123455"],"ip2locationv6":["281472014133760","281472014134015","281472014142464","281472014142719","281472018363648","281472018363903","281473791401472","281473791401727","281474268866560","281474268866815"]},"uravajgurore":{"name":"Ura Vajgurore","latitude":"40.768890","longitude":"19.877780","postcode":"5007","gmtOffset":7200,"gmtOffsetName":"UTC+02:00","ip2locationv4":["1587189760","1587190015"],"ip2locationv6":["281472268933120","281472268933375"]}}},"gjirokaster":{"name":"Gjirokaster","cities":{"tepelene":{"name":"Tepelene","latitude":"40.295830","longitude":"20.019170","postcode":"6301","gmtOffset":7200,"gmtOffsetName":"UTC+02:00","ip2locationv4":["1332364800","1332365055","1332410112","1332410367"],"ip2locationv6":["281472014108160","281472014108415","281472014153472","281472014153727"]},"gjirokaster":{"name":"Gjirokaster","latitude":"40.075830","longitude":"20.138890","postcode":"6002","gmtOffset":7200,"gmtOffsetName":"UTC+02:00","ip2locationv4":["1332380928","1332381183","1332405760","1332406015"],"ip2locationv6":["281472014124288","281472014124543","281472014149120","281472014149375"]},"libohove":{"name":"Libohove","latitude":"40.031110","longitude":"20.263060","postcode":"6003","gmtOffset":7200,"gmtOffsetName":"UTC+02:00","ip2locationv4":["3228424960","3228425215"],"ip2locationv6":["281473910168320","281473910168575"]}}}}}