{"id":226,"name":"Turkmenistan","iso3":"TKM","iso2":"TM","numeric_code":"795","phone_code":"993","capital":"Ashgabat","currency":"TMT","currency_name":"Turkmenistan manat","currency_symbol":"T","tld":".tm","native":"T\u00fcrkmenistan","region":"Asia","region_id":"3","subregion":"Central Asia","subregion_id":"10","nationality":"Turkmen","timezones":[{"zoneName":"Asia/Ashgabat","gmtOffset":18000,"gmtOffsetName":"UTC+05:00","abbreviation":"TMT","tzName":"Turkmenistan Time"}],"translations":{"kr":"\ud22c\ub974\ud06c\uba54\ub2c8\uc2a4\ud0c4","pt-BR":"Turcomenist\u00e3o","pt":"Turquemenist\u00e3o","nl":"Turkmenistan","hr":"Turkmenistan","fa":"\u062a\u0631\u06a9\u0645\u0646\u0633\u062a\u0627\u0646","de":"Turkmenistan","es":"Turkmenist\u00e1n","fr":"Turkm\u00e9nistan","ja":"\u30c8\u30eb\u30af\u30e1\u30cb\u30b9\u30bf\u30f3","it":"Turkmenistan","cn":"\u571f\u5e93\u66fc\u65af\u5766","tr":"T\u00fcrkmenistan"},"latitude":"40.00000000","longitude":"60.00000000","emoji":"\ud83c\uddf9\ud83c\uddf2","emojiU":"U+1F1F9 U+1F1F2","states":{"ahalregion":{"id":3374,"name":"Ahal Region","state_code":"A","latitude":"38.63993980","longitude":"59.47209040","type":null,"cities":{"abadan":{"id":106880,"name":"Abadan","latitude":"38.05415000","longitude":"58.19721000"},"annau":{"id":106882,"name":"Annau","latitude":"37.88754000","longitude":"58.51596000"},"ar\u00e7abil":{"id":106883,"name":"Ar\u00e7abil","latitude":"37.91500000","longitude":"58.08987000"},"baharly":{"id":106886,"name":"Baharly","latitude":"38.43624000","longitude":"57.43158000"},"kaka":{"id":106896,"name":"Kaka","latitude":"37.34821000","longitude":"59.61431000"},"tejen":{"id":106905,"name":"Tejen","latitude":"37.38338000","longitude":"60.50545000"}}},"ashgabat":{"id":3371,"name":"Ashgabat","state_code":"S","latitude":"37.96007660","longitude":"58.32606290","type":null,"cities":{"ashgabat":{"id":106884,"name":"Ashgabat","latitude":"37.95000000","longitude":"58.38333000"}}},"balkanregion":{"id":3372,"name":"Balkan Region","state_code":"B","latitude":"41.81014720","longitude":"21.09373110","type":null,"cities":{"balkanabat":{"id":106887,"name":"Balkanabat","latitude":"39.51075000","longitude":"54.36713000"},"bereket":{"id":106889,"name":"Bereket","latitude":"39.24463000","longitude":"55.51536000"},"gumdag":{"id":106895,"name":"Gumdag","latitude":"39.20611000","longitude":"54.59056000"},"magtymguly":{"id":106898,"name":"Magtymguly","latitude":"38.43749000","longitude":"56.28081000"},"serdar":{"id":106901,"name":"Serdar","latitude":"38.97644000","longitude":"56.27575000"},"t\u00fcrkmenba\u015fy":{"id":106907,"name":"T\u00fcrkmenba\u015fy","latitude":"40.02216000","longitude":"52.95517000"}}},"da\u015foguzregion":{"id":3373,"name":"Da\u015foguz Region","state_code":"D","latitude":"41.83687370","longitude":"59.96519040","type":null,"cities":{"akdepe":{"id":106881,"name":"Akdepe","latitude":"42.05513000","longitude":"59.37877000"},"boldumsaz":{"id":106890,"name":"Boldumsaz","latitude":"42.12824000","longitude":"59.67101000"},"da\u015foguz":{"id":106891,"name":"Da\u015foguz","latitude":"41.83625000","longitude":"59.96661000"},"k\u00f6ne\u00fcrgench":{"id":106897,"name":"K\u00f6ne\u00fcrgench","latitude":"42.32773000","longitude":"59.15442000"},"tagta":{"id":106904,"name":"Tagta","latitude":"41.65041000","longitude":"59.91640000"},"yylanly":{"id":106909,"name":"Yylanly","latitude":"41.83333000","longitude":"59.65000000"}}},"lebapregion":{"id":3370,"name":"Lebap Region","state_code":"L","latitude":"38.12724620","longitude":"64.71624150","type":null,"cities":{"atamyrat":{"id":106885,"name":"Atamyrat","latitude":"37.83573000","longitude":"65.21058000"},"farap":{"id":106892,"name":"Farap","latitude":"39.17037000","longitude":"63.61165000"},"gazojak":{"id":106893,"name":"Gazojak","latitude":"41.18746000","longitude":"61.40360000"},"gowurdak":{"id":106894,"name":"Gowurdak","latitude":"37.81244000","longitude":"66.04656000"},"sa\u00fdat":{"id":106900,"name":"Sa\u00fdat","latitude":"38.78393000","longitude":"63.88035000"},"t\u00fcrkmenabat":{"id":106906,"name":"T\u00fcrkmenabat","latitude":"39.07328000","longitude":"63.57861000"}}},"maryregion":{"id":3369,"name":"Mary Region","state_code":"M","latitude":"36.94816230","longitude":"62.45041540","type":null,"cities":{"bayramaly":{"id":106888,"name":"Bayramaly","latitude":"37.61852000","longitude":"62.16715000"},"mary":{"id":106899,"name":"Mary","latitude":"37.59378000","longitude":"61.83031000"},"serhetabat":{"id":106902,"name":"Serhetabat","latitude":"35.27992000","longitude":"62.34383000"},"seydi":{"id":106903,"name":"Seydi","latitude":"39.48160000","longitude":"62.91374000"},"yol\u00f6ten":{"id":106908,"name":"Yol\u00f6ten","latitude":"37.29886000","longitude":"62.35975000"}}},"ahal":{"name":"Ahal","cities":{"ashgabat":{"name":"Ashgabat","latitude":"37.950000","longitude":"58.383330","postcode":"744027","gmtOffset":18000,"gmtOffsetName":"UTC+05:00","ip2locationv4":["962237952","962238463","1540024320","1540024575","1571532288","1571532543","1571544064","1571545087","1599431936","1599432191","1599433728","1599433983","2997568000","2997568511","3108354304","3108354815","3641210112","3641210367","3652116736","3652116991","3652117760","3652118015","3652118272","3652119039","3652119296","3652119551"],"ip2locationv6":["281471643981312","281471643981823","281472221767680","281472221767935","281472253275648","281472253275903","281472253287424","281472253288447","281472281175296","281472281175551","281472281177088","281472281177343","281473679311360","281473679311871","281473790097664","281473790098175","281474322953472","281474322953727","281474333860096","281474333860351","281474333861120","281474333861375","281474333861632","281474333862399","281474333862656","281474333862911","42540578165178151382236279679804768256","42540578165178151400683023753514319871","42540578165216851599838510117650694144","42540578165216851618285254191360245759","42540578165216862059142399910966460416","42540578165216862077589143984676012031","42540578165216877701981374416666230784","42540578165216877720428118490375782399","42540578165300295114614541947613741056","42540578165300295133061286021323292671","42540578165305067600901059861679177728","42540578165305067619347803935388729343","42540578174775800071820623184662626304","42540578174775800090267367258372177919","42540578174775876422894344268496764928","42540578174775876441341088342206316543","42540578174787894900933479736694276096","42540578174787894919380223810403827711","42540578174787903441775985864216674304","42540578174787903460222729937926225919","42540578174792725678931270572942819328","42540578174792725697378014646652370943","42540578174795153491812299634450104320","42540578174795153510259043708159655935","42540578174797554722935118480493510656","42540578174797554741381862554203062271","42540578174812075557148084870496387072","42540578174812075575594828944205938687","42540578191024964394755551479843520512","42540578191026173320575166109018226687","42540578234998432157418073080605966336","42540578234999641083237687709780672511","50512955737390926103655234869651308544","50512955737392135029474849498826014719","50541822694510849235779318374929006592","50541822694515684939057776891627831295","50541822694535027752171610958423130112","50541822694549534862006986508519604223","50541822697015743534020830024920203264","50541822697035086347134664091715502079","50543536582291202787665808378388545536","50543536582300874194222725411786194943","55838750785150021728947918031814656000","55838750785150021747394662105524207615","55838750785150686402030381934378483712","55838750785150686420477126008088035327","55838750785151230654767532660989362176","55838750785151230673214276734698913791","55838750785154857432226376548513480704","55838750785154857450673120622223032319","55838750785155522105308840451077308416","55838750785155522123755584524786860031","55838750785156066358045991177688186880","55838750785156066376492735251397738495","55838750785159693135504835065212305408","55838750785159693153951579138921857023","55838750785160357808587298967776133120","55838750785160357827034043041485684735","55838750785160902061324449694387011584","55838750785160902079771193768096563199","55840272611378352607645287511079518208","55840272611378352958133424911560998911","55840272611378352976580168985270550528","55840272690606515121909625104623468543","55849932188199597928506579587902210048","55849932188199597946953323661611761663","55849932188199781215355695966007066624","55849932188199785937722178835652280319","55849932188245536334888684400739876864","55849932188245536353335428474449428479","55849932188245621226804911612096413696","55849932188245625949171394481741627391","55849932188303567467454821362720309248","55849932188303567485901565436429860863","55849932188303928285768903121549918208","55849932188303933008135385991195131903","55849932208023335959512375513705349120","55849932208023411517376101428028768255","55849932208042678772626209580500647936","55849932208042754330489935494824067071","55849932208062021585740043647295946752","55849932208062097143603769561619365887","55849932208081364398853877714091245568","55849932208081439956717603628414664703","55849932208100707211967711780886544384","55849932208100782769831437695209963519","55849932208120050025081545847681843200","55849932208120125582945271762005262335","55849932208139392838195379914477142016","55849932208139468396059105828800561151","55849932208158735651309213981272440832","55849932208158811209172939895595859967","55874402837338195680126071949674676224","55874402837338195717019560097093779455","55878094348886730684144673507359326208","55878094348886730702591417581068877823","55878094348925416310372341640949923840","55878094348925416328819085714659475455","55878094348964101936600009774540521472","55878094348964101955046753848250073087","55878094349002787562827677908131119104","55878094349002787581274421981840670719","55878094420242368261078545915216658432","55878094420252039667635462948614307839","55878094499470530775342883508760608768","55878094499480202181899800542158258175","55878094553727121559647440869573787648","55878094553736792966204357902971437055","55878094558678881716788961969170284544","55878094558688553123345879002567933951","55878094658216998000579069697777991680","55878094658226669407135986731175641087","55878094737445160514843407291321942016","55878094737454831921400324324719591423","55931487677968375082459384286925553664","55931488311793675196574085035277156351"]},"annau":{"name":"Annau","latitude":"37.887570","longitude":"58.516000","postcode":"-","gmtOffset":18000,"gmtOffsetName":"UTC+05:00","ip2locationv4":["1599431168","1599431423","1599436288","1599436543"],"ip2locationv6":["281472281174528","281472281174783","281472281179648","281472281179903"]}}},"mary":{"name":"Mary","cities":{"mary":{"name":"Mary","latitude":"37.593780","longitude":"61.830310","postcode":"-","gmtOffset":18000,"gmtOffsetName":"UTC+05:00","ip2locationv4":["1583788032","1583792127"],"ip2locationv6":["281472265531392","281472265535487"]},"bayramaly":{"name":"Bayramaly","latitude":"37.618520","longitude":"62.167150","postcode":"-","gmtOffset":18000,"gmtOffsetName":"UTC+05:00","ip2locationv4":["1599431680","1599431935","1599432448","1599432703"],"ip2locationv6":["281472281175040","281472281175295","281472281175808","281472281176063"]}}},"balkan":{"name":"Balkan","cities":{"turkmenistan":{"name":"Turkmenistan","latitude":"39.406190","longitude":"55.815130","postcode":"-","gmtOffset":18000,"gmtOffsetName":"UTC+05:00","ip2locationv4":["1599430656","1599431167","1599434240","1599436031","1599436544","1599438847","1742471168","1742472191","2011918336","2011922431","2975698688","2975698943","3108354048","3108354303","3108354816","3108355071","3119925248","3119926271","3640264704","3640266751","3652116480","3652116735","3652116992","3652117759","3652119808","3652120575"],"ip2locationv6":["281472281174016","281472281174527","281472281177600","281472281179391","281472281179904","281472281182207","281472424214528","281472424215551","281472693661696","281472693665791","281473657442048","281473657442303","281473790097408","281473790097663","281473790098176","281473790098431","281473801668608","281473801669631","281474322008064","281474322010111","281474333859840","281474333860095","281474333860352","281474333861119","281474333863168","281474333863935","55838750785150686420477126008088035328","55838750785150686438923870081797586943","55838750785155522123755584524786860032","55838750785155522142202328598496411647","55838750785160357827034043041485684736","55838750785160357845480787115195236351","55854216767980863131061751246338654208","55854217401806163245176451994690256895"]},"gumdag":{"name":"Gumdag","latitude":"39.206110","longitude":"54.590560","postcode":"-","gmtOffset":18000,"gmtOffsetName":"UTC+05:00","ip2locationv4":["1599432192","1599432447"],"ip2locationv6":["281472281175552","281472281175807"]},"balkanabat":{"name":"Balkanabat","latitude":"39.510750","longitude":"54.367130","postcode":"745100","gmtOffset":18000,"gmtOffsetName":"UTC+05:00","ip2locationv4":["1599433984","1599434239"],"ip2locationv6":["281472281177344","281472281177599"]},"turkmenbasy":{"name":"Turkmenbasy","latitude":"40.022160","longitude":"52.955180","postcode":"-","gmtOffset":18000,"gmtOffsetName":"UTC+05:00","ip2locationv4":["3652119552","3652119807"],"ip2locationv6":["281474333862912","281474333863167"]}}},"lebap":{"name":"Lebap","cities":{"turkmenabat":{"name":"Turkmenabat","latitude":"39.073280","longitude":"63.578620","postcode":"-","gmtOffset":18000,"gmtOffsetName":"UTC+05:00","ip2locationv4":["1599431424","1599431679","1599432960","1599433471","1599436032","1599436287","3652118016","3652118271","3652119040","3652119295"],"ip2locationv6":["281472281174784","281472281175039","281472281176320","281472281176831","281472281179392","281472281179647","281474333861376","281474333861631","281474333862400","281474333862655"]},"atamyrat":{"name":"Atamyrat","latitude":"37.835740","longitude":"65.210580","postcode":"-","gmtOffset":18000,"gmtOffsetName":"UTC+05:00","ip2locationv4":["1599433472","1599433727"],"ip2locationv6":["281472281176832","281472281177087"]}}},"dasoguz":{"name":"Dasoguz","cities":{"koeneuergench":{"name":"Koeneuergench","latitude":"42.327730","longitude":"59.154420","postcode":"-","gmtOffset":18000,"gmtOffsetName":"UTC+05:00","ip2locationv4":["1599432704","1599432959"],"ip2locationv6":["281472281176064","281472281176319"]}}}}}