{"id":146,"name":"Mongolia","iso3":"MNG","iso2":"MN","numeric_code":"496","phone_code":"976","capital":"Ulan Bator","currency":"MNT","currency_name":"Mongolian t\u00f6gr\u00f6g","currency_symbol":"\u20ae","tld":".mn","native":"\u041c\u043e\u043d\u0433\u043e\u043b \u0443\u043b\u0441","region":"Asia","region_id":"3","subregion":"Eastern Asia","subregion_id":"12","nationality":"Mongolian","timezones":[{"zoneName":"Asia/Choibalsan","gmtOffset":28800,"gmtOffsetName":"UTC+08:00","abbreviation":"CHOT","tzName":"Choibalsan Standard Time"},{"zoneName":"Asia/Hovd","gmtOffset":25200,"gmtOffsetName":"UTC+07:00","abbreviation":"HOVT","tzName":"Hovd Time"},{"zoneName":"Asia/Ulaanbaatar","gmtOffset":28800,"gmtOffsetName":"UTC+08:00","abbreviation":"ULAT","tzName":"Ulaanbaatar Standard Time"}],"translations":{"kr":"\ubabd\uace8","pt-BR":"Mong\u00f3lia","pt":"Mong\u00f3lia","nl":"Mongoli\u00eb","hr":"Mongolija","fa":"\u0645\u063a\u0648\u0644\u0633\u062a\u0627\u0646","de":"Mongolei","es":"Mongolia","fr":"Mongolie","ja":"\u30e2\u30f3\u30b4\u30eb","it":"Mongolia","cn":"\u8499\u53e4","tr":"Mo\u011folistan"},"latitude":"46.00000000","longitude":"105.00000000","emoji":"\ud83c\uddf2\ud83c\uddf3","emojiU":"U+1F1F2 U+1F1F3","states":{"arkhangaiprovince":{"id":1973,"name":"Arkhangai Province","state_code":"073","latitude":"47.89711010","longitude":"100.72401650","type":null,"cities":{"tsetserleg":{"id":67734,"name":"Tsetserleg","latitude":"47.47500000","longitude":"101.45417000"}}},"bayan-\u00d6lgiiprovince":{"id":1969,"name":"Bayan-\u00d6lgii Province","state_code":"071","latitude":"48.39832540","longitude":"89.66259150","type":null,"cities":{"altay":{"id":67706,"name":"Altay","latitude":"48.29359000","longitude":"89.51488000"},"\u00d6lgii":{"id":67740,"name":"\u00d6lgii","latitude":"48.96833000","longitude":"89.96250000"},"tsengel":{"id":67733,"name":"Tsengel","latitude":"48.94314000","longitude":"89.14358000"}}},"bayankhongorprovince":{"id":1976,"name":"Bayankhongor Province","state_code":"069","latitude":"45.15267070","longitude":"100.10736670","type":null,"cities":{"bayanhongor":{"id":67709,"name":"Bayanhongor","latitude":"46.19444000","longitude":"100.71806000"}}},"bulganprovince":{"id":1961,"name":"Bulgan Province","state_code":"067","latitude":"48.96909130","longitude":"102.88317230","type":null,"cities":{"bulgan":{"id":67710,"name":"Bulgan","latitude":"48.81250000","longitude":"103.53472000"}}},"darkhan-uulprovince":{"id":1962,"name":"Darkhan-Uul Province","state_code":"037","latitude":"49.46484340","longitude":"105.97459190","type":null,"cities":{"darhan":{"id":67714,"name":"Darhan","latitude":"49.48667000","longitude":"105.92278000"}}},"dornodprovince":{"id":1963,"name":"Dornod Province","state_code":"061","latitude":"47.46581540","longitude":"115.39271200","type":null,"cities":{"choibalsan":{"id":67711,"name":"Choibalsan","latitude":"48.07257000","longitude":"114.53264000"},"ereencav":{"id":67718,"name":"Ereencav","latitude":"49.88070000","longitude":"115.72526000"}}},"dornogoviprovince":{"id":1981,"name":"Dornogovi Province","state_code":"063","latitude":"43.96538890","longitude":"109.17734590","type":null},"dundgoviprovince":{"id":1970,"name":"Dundgovi Province","state_code":"059","latitude":"45.58227860","longitude":"106.76442090","type":null,"cities":{"mandalgovi":{"id":67725,"name":"Mandalgovi","latitude":"45.76250000","longitude":"106.27083000"}}},"govi-altaiprovince":{"id":1972,"name":"Govi-Altai Province","state_code":"065","latitude":"45.45112270","longitude":"95.85057660","type":null,"cities":{"altai":{"id":67705,"name":"Altai","latitude":"46.37222000","longitude":"96.25833000"}}},"govis\u00fcmberprovince":{"id":1978,"name":"Govis\u00fcmber Province","state_code":"064","latitude":"46.47627540","longitude":"108.55706270","type":null,"cities":{"choyr":{"id":67712,"name":"Choyr","latitude":"46.36111000","longitude":"108.36111000"}}},"khentiiprovince":{"id":1974,"name":"Khentii Province","state_code":"039","latitude":"47.60812090","longitude":"109.93728560","type":null,"cities":{"undurkhaan":{"id":67739,"name":"Undurkhaan","latitude":"47.31944000","longitude":"110.65556000"}}},"khovdprovince":{"id":1964,"name":"Khovd Province","state_code":"043","latitude":"47.11296540","longitude":"92.31107520","type":null,"cities":{"khovd":{"id":67724,"name":"Khovd","latitude":"48.00556000","longitude":"91.64194000"},"m\u00f6st":{"id":67728,"name":"M\u00f6st","latitude":"46.67712000","longitude":"92.78521000"},"\u00dcy\u00f6nch":{"id":67741,"name":"\u00dcy\u00f6nch","latitude":"46.04786000","longitude":"92.02612000"}}},"kh\u00f6vsg\u00f6lprovince":{"id":1975,"name":"Kh\u00f6vsg\u00f6l Province","state_code":"041","latitude":"50.22044840","longitude":"100.32137680","type":null,"cities":{"hanh":{"id":67719,"name":"Hanh","latitude":"51.50265000","longitude":"100.66395000"},"murun-kuren":{"id":67726,"name":"Murun-kuren","latitude":"49.63417000","longitude":"100.16250000"},"tsengel":{"id":67732,"name":"Tsengel","latitude":"49.47833000","longitude":"100.88944000"},"turt":{"id":67735,"name":"Turt","latitude":"51.50725000","longitude":"100.66257000"}}},"\u00d6mn\u00f6goviprovince":{"id":1967,"name":"\u00d6mn\u00f6govi Province","state_code":"053","latitude":"43.50002400","longitude":"104.28611160","type":null,"cities":{"dalandzadgad":{"id":67713,"name":"Dalandzadgad","latitude":"43.57083000","longitude":"104.42500000"},"hanhongor":{"id":67720,"name":"Hanhongor","latitude":"43.77345000","longitude":"104.47998000"},"nomgonsum":{"id":67730,"name":"Nomgon Sum","latitude":"42.41462000","longitude":"105.05640000"}}},"orkhonprovince":{"id":1966,"name":"Orkhon Province","state_code":"035","latitude":"49.00470500","longitude":"104.30165270","type":null,"cities":{"erdenet":{"id":67717,"name":"Erdenet","latitude":"49.03333000","longitude":"104.08333000"}}},"\u00d6v\u00f6rkhangaiprovince":{"id":1965,"name":"\u00d6v\u00f6rkhangai Province","state_code":"055","latitude":"45.76243920","longitude":"103.09170320","type":null,"cities":{"arvayheer":{"id":67707,"name":"Arvayheer","latitude":"46.26389000","longitude":"102.77500000"},"harhorin":{"id":67721,"name":"Harhorin","latitude":"47.19753000","longitude":"102.82379000"},"hovd":{"id":67722,"name":"Hovd","latitude":"44.67024000","longitude":"102.17491000"},"kharkhorin":{"id":67723,"name":"Kharkhorin","latitude":"47.19245000","longitude":"102.81349000"},"nariynteel":{"id":67729,"name":"Nariynteel","latitude":"45.95950000","longitude":"101.45977000"}}},"selengeprovince":{"id":1980,"name":"Selenge Province","state_code":"049","latitude":"50.00592730","longitude":"106.44341080","type":null,"cities":{"dz\u00fc\u00fcnharaa":{"id":67716,"name":"Dz\u00fc\u00fcnharaa","latitude":"48.85229000","longitude":"106.45786000"},"s\u00fchbaatar":{"id":67731,"name":"S\u00fchbaatar","latitude":"50.23139000","longitude":"106.20778000"}}},"s\u00fckhbaatarprovince":{"id":1977,"name":"S\u00fckhbaatar Province","state_code":"051","latitude":"46.56531630","longitude":"113.53808360","type":null,"cities":{"baruun-urt":{"id":67708,"name":"Baruun-Urt","latitude":"46.68056000","longitude":"113.27917000"}}},"t\u00f6vprovince":{"id":1968,"name":"T\u00f6v Province","state_code":"047","latitude":"47.21240560","longitude":"106.41541000","type":null,"cities":{"dzuunmod":{"id":67715,"name":"Dzuunmod","latitude":"47.70694000","longitude":"106.95278000"},"m\u00f6ng\u00f6nmor\u012dt":{"id":67727,"name":"M\u00f6ng\u00f6nmor\u012dt","latitude":"48.19504000","longitude":"108.48295000"},"ulaanhudag":{"id":67737,"name":"Ulaanhudag","latitude":"47.33333000","longitude":"104.50000000"},"\u0417\u0443\u0443\u043d\u043c\u043e\u0434":{"id":67742,"name":"\u0417\u0443\u0443\u043d\u043c\u043e\u0434","latitude":"47.70693000","longitude":"106.95276000"}}},"uvsprovince":{"id":1971,"name":"Uvs Province","state_code":"046","latitude":"49.64497070","longitude":"93.27365760","type":null,"cities":{"ulaangom":{"id":67736,"name":"Ulaangom","latitude":"49.98111000","longitude":"92.06667000"}}},"zavkhanprovince":{"id":1979,"name":"Zavkhan Province","state_code":"057","latitude":"48.23881470","longitude":"96.07030190","type":null,"cities":{"uliastay":{"id":67738,"name":"Uliastay","latitude":"47.74167000","longitude":"96.84444000"}}},"ulaanbaatar":{"name":"Ulaanbaatar","cities":{"ulaanbaatar":{"name":"Ulaanbaatar","latitude":"47.907710","longitude":"106.883240","postcode":"15172","gmtOffset":28800,"gmtOffsetName":"UTC+08:00","ip2locationv4":["234896128","234896383","234967296","234967551","234978304","234979327","461100032","461100287","461100544","461101055","607258112","607258623","736395264","736396287","736587776","736588799","737341440","737342207","737836032","737837055","762650624","762651647","822116352","822124543","822126592","822132735","961139712","961140223","999904768","999905023","999911424","999912447","1053137664","1053137919","1081544704","1081548799","1119199232","1119207423","1385517568","1385517823","1435394304","1435394559","1728665600","1728666623","1728713728","1728714495","1728823296","1728824319","1728979968","1728980991","1729195008","1729195519","1729402880","1729403903","1729572864","1729573887","1729806336","1729807359","1729990912","1729991679","1730004736","1730004991","1730763776","1730764031","1730768896","1730769407","1730901248","1730901503","1731228672","1731228927","1731246080","1731247103","1731382272","1731383295","1731410944","1731411199","1731812352","1731813375","1732537088","1732537343","1732731904","1732732415","1733104640","1733104895","1733270528","1733271039","1733350144","1733350399","1733670912","1733671423","1733772544","1733772799","1733820160","1733820415","1734493184","1734494207","1734567680","1734567935","1735345152","1735345407","1735875584","1735875839","1736337408","1736338431","1737031168","1737031423","1737200128","1737200639","1737230848","1737231359","1737357824","1737358335","1737421568","1737421823","1737435136","1737435647","1737615872","1737616383","1738116352","1738116607","1738389504","1738390015","1738666496","1738666751","1738878464","1738878719","1739072000","1739072511","1739077632","1739077887","1739109120","1739109375","1739198720","1739198975","1739627008","1739627263","1740812288","1740813311","1741592576","1741593087","1741602816","1741603839","1741804544","1741805055","1741976576","1741977599","1741988352","1741988863","1742440448","1742441471","1743091712","1743092735","1743106048","1743107071","1743569408","1743569919","1743730688","1743731711","1743924224","1743925247","1744730112","1744731135","1883766784","1883770879","1941657600","1941658623","1959678720","1959678975","1999134720","1999136767","2036707328","2036709375","2059997184","2060001279","2063482880","2063486463","2063491072","2063494143","2063496192","2063499263","2076764160","2076766207","2076768256","2076770303","2090745856","2090762239","2332416000","2332417023","2499667200","2499667455","2525072384","2525073407","2585664768","2585665023","2598234624","2598235135","2634688000","2634688511","2635007488","2635007999","2644976896","2644977151","2890161408","2890161663","2890214656","2890214911","2890267648","2890267903","2900440832","2900441087","2900503296","2900503551","3029688832","3029689087","3029696000","3029696511","3075582464","3075582975","3081854976","3081859071","3111145472","3111145727","3120407296","3120407551","3226615808","3226623999","3226625024","3226625279","3230589696","3230589951","3389374464","3389376255","3389376512","3389378047","3389378304","3389378559","3389597696","3389599231","3389599488","3389599743","3390398464","3390400767","3390401024","3390401279","3390401536","3390404607","3390404864","3390406655","3391482624","3391482879","3392647168","3392648703","3392648960","3392651263","3393593344","3393597439","3393777664","3393779711","3397277696","3397279743","3397582848","3397584895","3397640192","3397647103","3397647360","3397648383","3400155136","3400159231","3400728576","3400733951","3400734208","3400736767","3400849408","3400851455","3406291712","3406291967","3406894848","3406895103","3407181824","3407182079","3407294720","3407294975","3407333120","3407333375","3407526912","3407527423","3408012544","3408012799","3411767296","3411768831","3411769088","3411769343","3412216832","3412217343","3416862720","3416863743","3417184768","3417185023","3420031488","3420031999","3437725184","3437725695","3577443584","3577443839","3664008192","3664008447"],"ip2locationv6":["281470916639488","281470916639743","281470916710656","281470916710911","281470916721664","281470916722687","281471142843392","281471142843647","281471142843904","281471142844415","281471289001472","281471289001983","281471418138624","281471418139647","281471418331136","281471418332159","281471419084800","281471419085567","281471419579392","281471419580415","281471444393984","281471444395007","281471503859712","281471503867903","281471503869952","281471503876095","281471642883072","281471642883583","281471681648128","281471681648383","281471681654784","281471681655807","281471734881024","281471734881279","281471763288064","281471763292159","281471800942592","281471800950783","281472067260928","281472067261183","281472117137664","281472117137919","281472410408960","281472410409983","281472410457088","281472410457855","281472410566656","281472410567679","281472410723328","281472410724351","281472410938368","281472410938879","281472411146240","281472411147263","281472411316224","281472411317247","281472411549696","281472411550719","281472411734272","281472411735039","281472411748096","281472411748351","281472412507136","281472412507391","281472412512256","281472412512767","281472412644608","281472412644863","281472412972032","281472412972287","281472412989440","281472412990463","281472413125632","281472413126655","281472413154304","281472413154559","281472413555712","281472413556735","281472414280448","281472414280703","281472414475264","281472414475775","281472414848000","281472414848255","281472415013888","281472415014399","281472415093504","281472415093759","281472415414272","281472415414783","281472415515904","281472415516159","281472415563520","281472415563775","281472416236544","281472416237567","281472416311040","281472416311295","281472417088512","281472417088767","281472417618944","281472417619199","281472418080768","281472418081791","281472418774528","281472418774783","281472418943488","281472418943999","281472418974208","281472418974719","281472419101184","281472419101695","281472419164928","281472419165183","281472419178496","281472419179007","281472419359232","281472419359743","281472419859712","281472419859967","281472420132864","281472420133375","281472420409856","281472420410111","281472420621824","281472420622079","281472420815360","281472420815871","281472420820992","281472420821247","281472420852480","281472420852735","281472420942080","281472420942335","281472421370368","281472421370623","281472422555648","281472422556671","281472423335936","281472423336447","281472423346176","281472423347199","281472423547904","281472423548415","281472423719936","281472423720959","281472423731712","281472423732223","281472424183808","281472424184831","281472424835072","281472424836095","281472424849408","281472424850431","281472425312768","281472425313279","281472425474048","281472425475071","281472425667584","281472425668607","281472426473472","281472426474495","281472565510144","281472565514239","281472623400960","281472623401983","281472641422080","281472641422335","281472680878080","281472680880127","281472718450688","281472718452735","281472741740544","281472741744639","281472745226240","281472745229823","281472745234432","281472745237503","281472745239552","281472745242623","281472758507520","281472758509567","281472758511616","281472758513663","281472772489216","281472772505599","281473014159360","281473014160383","281473181410560","281473181410815","281473206815744","281473206816767","281473267408128","281473267408383","281473279977984","281473279978495","281473316431360","281473316431871","281473316750848","281473316751359","281473326720256","281473326720511","281473571904768","281473571905023","281473571958016","281473571958271","281473572011008","281473572011263","281473582184192","281473582184447","281473582246656","281473582246911","281473711432192","281473711432447","281473711439360","281473711439871","281473757325824","281473757326335","281473763598336","281473763602431","281473792888832","281473792889087","281473802150656","281473802150911","281473908359168","281473908367359","281473908368384","281473908368639","281473912333056","281473912333311","281474071117824","281474071119615","281474071119872","281474071121407","281474071121664","281474071121919","281474071341056","281474071342591","281474071342848","281474071343103","281474072141824","281474072144127","281474072144384","281474072144639","281474072144896","281474072147967","281474072148224","281474072150015","281474073225984","281474073226239","281474074390528","281474074392063","281474074392320","281474074394623","281474075336704","281474075340799","281474075521024","281474075523071","281474079021056","281474079023103","281474079326208","281474079328255","281474079383552","281474079390463","281474079390720","281474079391743","281474081898496","281474081902591","281474082471936","281474082477311","281474082477568","281474082480127","281474082592768","281474082594815","281474088035072","281474088035327","281474088638208","281474088638463","281474088925184","281474088925439","281474089038080","281474089038335","281474089076480","281474089076735","281474089270272","281474089270783","281474089755904","281474089756159","281474093510656","281474093512191","281474093512448","281474093512703","281474093960192","281474093960703","281474098606080","281474098607103","281474098928128","281474098928383","281474101774848","281474101775359","281474119468544","281474119469055","281474259186944","281474259187199","281474345751552","281474345751807","42540578165212012834400535365166301184","42540578165212012852847279438875852799","42540578174787901228166697019070480384","42540578174787901246613441092780031999","42540770856570531425793879580046524416","42540770856571740351613494209221230591","42540770935489208930236872104865693696","42540770935490417856056486734040399871","42540770936727148969522252379764817920","42540770936728357895341867008939524095","42540770961176464745408512809022521344","42540770961177673671228127438197227519","42540771001486887274638708010425253888","42540771001488096200458322639599960063","42540771021835526670392146279079608320","42540771021836735596211760908254314495","42540771035298124597620656768607584256","42540771035299333523440271397782290431","42540771045897986184001725372431335424","42540771045899195109821340001606041599","42540771048528608767483158456591974400","42540771048529817693302773085766680575","42540771100367347912558457467992801280","42540771100368556838378072097167507455","42540771116305825918357728507319025664","42540771116307034844177343136493731839","42540771132863273943799689684094812160","42540771132864482869619304313269518335","42540771139207716645137263592952823808","42540771139208925570956878222127529983","42540771188647946964097138321736597504","42540771188649155889916752950911303679","42540771245128961256492613364009140224","42540771245130170182312227993183846399","42540771313834633436831218620910534656","42540771313835842362650833250085240831","42540771351437062130124644470971432960","42540771351438271055944259100146139135","42540771385789898220293947099422130176","42540771385791107146113561728596836351","47854570748975796844141444024867225600","47854570828203959358405781618411175935","47856058970780464785458801154430337024","47856059050008627299723138747974287359","47856325177855024192710142885919457280","47856325177856233118529757515094163455","47856325178032736288193493374601265152","47856325178033945214013108003775971327","47856325179118351674207430373487411200","47856325179119560600027045002662117375","47856525466201348773878551941209915392","47856525545429511288142889534753865727","47856659837164972966195110591749685248","47856659837166181892014725220924391423","47857042667646241891474362596117708800","47857042746874404405738700189661659135","47857062950055845543144786543368994816","47857063029284008057409124136912945151","47857620716319945964081445092779360256","47857620795548108478345782686323310591","47858685542824137676778702323471876096","47858685622052300191043039917015826431","47859694592701919347382293699223355392","47859694671930081861646631292767305727","47860227005954015203730922314569613312","47860227085182177717995259908113563647","47860336023905634831459451031045275648","47860336103133797345723788624589225983","47861740580770687709636309378196832256","47861740580770692487343024468970700801","47861740580770692487343024468970700803","47861740580770692561130000763808907265","47861740580770692561130000763808907267","47861740580770692579576744837518458881","47861740580770692579576744837518458883","47861740580770692690257209279775768577","47861740580770692690257209279775768579","47861740659998850223900646971740782591","47862536665347631037700449307809808384","47862536744575793551964786901353758719","47865360990884939532806983962551386112","47865361070113102047071321556095336447","47866669206304375065549328560259334144","47866669285532537579813666153803284479","47872145456897361016563794318106558464","47872145536125523530828131911650508799","47873768049665653150197710098209439744","47873768128893815664462047691753390079","47877773825562374355106439680338427904","47877773904790536869370777273882378239","47878291027007267472702250335246221312","47878291106235429986966587928790171647","47879715866281924002549532629649063936","47879715945510086516813870223193014271","47879933902185163258006590062600388608","47879933903114827213290239897949437951","47879933903116036139109854527124144128","47879933903888539737843602569761390591","47879933903889748663663217198936096768","47879933981413325772270927656144338943","47881698471820680953333473473462272000","47881698551048843467597811067006222335","47884198278804331021713224972183273472","47884198358032493535977562565727223807","47884279424226481129283519266152251392","47884279424535966139104864334877032447","47889131974940419290543850141058596864","47889132054168581804808187734602547199","47889659317590114233974872769592033280","47889659396818276748239210363135983615","47890582167227080384979162369525547008","47890582246455242899243499963069497343","47891591217104862055582753745277026304","47891591296333024569847091338820976639","50521102391075423577170583374375419904","50521102391094766390284417441170718719","50543536577658599046902549380914479104","50543536577677941860016383447709777919","55838750774008561375379495557722537984","55838750774008561393826239631432089599","55838750774009231969866807121052434432","55838750774009232006760295268471537663","55838750774009770301199110186897244160","55838750774009770319645854260606795775","55838750774010440895686421750227140608","55838750774010440932579909897646243839","55838750774010979227018724816071950336","55838750774010979245465468889781501951","55838750774012188152838339445246656512","55838750774012188171285083518956208127","55838750774013397078657954074421362688","55838750774013397097104698148130914303","55838750774014067673145265637751259136","55838750774014067710038753785170362367","55838750774014606004477568703596068864","55838750774014606022924312777305620479","55838750774018232781936412591120187392","55838750774018232800383156664829739007","55838750774018903376423724154450083840","55838750774018903413317212301869187071","55838750774019441707756027220294893568","55838750774019441726202771294004445183","55849932188194761376677893680564011008","55849932188194761413571381827983114239","55849932188194846342381097186758754304","55849932188194851064747580056403967999","55849932188198388873559756442760642560","55849932188198388910453244590179745791","55849932188198548677703666988606291968","55849932188198553400070149858251505663","55849932188227402595168417552795697152","55849932188227402632061905700214800383","55849932188227520396076072261992316928","55849932188227525118442555131637530623","55849932208017669119732931939448913920","55849932208017744677596657853772333055","55849932208037011932846766006244212736","55849932208037087490710491920567631871","55849932208056354745960600073039511552","55849932208056430303824325987362930687","55849932208075697559074434139834810368","55849932208075773116938160054158229503","55849932208095040372188268206630109184","55849932208095115930051994120953528319","55849932208114383185302102273425408000","55849932208114458743165828187748827135","55849932208133725998415936340220706816","55849932208133801556279662254544125951","55849932208153068811529770407016005632","55849932208153144369393496321339424767","55878094337281042963418186019856449536","55878094337281042981864930093566001151","55878094337281142575836184051435175936","55878094337281142594282928125144727551","55878094337319728589645854153447047168","55878094337319728608092598227156598783","55878094337319828202063852185025773568","55878094337319828220510596258735325183","55878094337358414215873522287037644800","55878094337358414234320266360747196415","55878094337358513828291520318616371200","55878094337358513846738264392325922815","55878094337397099842101190420628242432","55878094337397099860547934494337794047","55878094337397199454519188452206968832","55878094337397199472965932525916520447","55878094415609764520315286917742592000","55878094415629107333429120984537890815","55878094494837927034579624511286542336","55878094494857269847693458578081841151","55878094553001766067878663364750082048","55878094553011437474435580398147731455","55878094557953526225020184464346578944","55878094557963197631577101497744228351","55878094653507023007360474433122729984","55878094653526365820474308499918028799","55878094732735185521624812026666680320","55878094732754528334738646093461979135","55908462102615230538979835157900427264","55908462102616439464799449787075133439","55925525248574898665321187637005910016","55925525248576107591140802266180616191","55928273074502521321225863834684620800","55928273153730683835490201428228571135"]}}},"selenge":{"name":"Selenge","cities":{"shariingol":{"name":"Shariin Gol","latitude":"49.237330","longitude":"106.430050","postcode":"45021","gmtOffset":28800,"gmtOffsetName":"UTC+08:00","ip2locationv4":["461100288","461100543"],"ip2locationv6":["281471142843648","281471142843903"]}}},"orhon":{"name":"Orhon","cities":{"erdenet":{"name":"Erdenet","latitude":"49.033330","longitude":"104.083330","postcode":"61013","gmtOffset":28800,"gmtOffsetName":"UTC+08:00","ip2locationv4":["737342208","737342463","1742147072","1742147327","3389599232","3389599487"],"ip2locationv6":["281471419085568","281471419085823","281472423890432","281472423890687","281474071342592","281474071342847"]}}},"govi-altay":{"name":"Govi-Altay","cities":{"bayangol":{"name":"Bayangol","latitude":"45.556550","longitude":"94.364490","postcode":"82177","gmtOffset":25200,"gmtOffsetName":"UTC+07:00","ip2locationv4":["999904256","999904767","1728592896","1728593151","1728714496","1728714751","3029680128","3029688063","3029688320","3029688575","3029689088","3029693439","3029694208","3029695999"],"ip2locationv6":["281471681647616","281471681648127","281472410336256","281472410336511","281472410457856","281472410458111","281473711423488","281473711431423","281473711431680","281473711431935","281473711432448","281473711436799","281473711437568","281473711439359","42540771136267609051834485440067403776","42540771136268817977654100069242109951","47856659837166181892014725220924391424","47856659916393135480459448185293635583","55838750774009231951420063047342882816","55838750774009231969866807121052434431","55838750774010440877239677676517588992","55838750774010440895686421750227140607","55838750774014067654698521564041707520","55838750774014067673145265637751259135","55838750774018903357976980080740532224","55838750774018903376423724154450083839"]}}},"hovsgol":{"name":"Hovsgol","cities":{"murun":{"name":"Murun","latitude":"49.634170","longitude":"100.162500","postcode":"67139","gmtOffset":28800,"gmtOffsetName":"UTC+08:00","ip2locationv4":["999905024","999905279"],"ip2locationv6":["281471681648384","281471681648639"]}}},"dundgovi":{"name":"Dundgovi","cities":{"sangiyndalay":{"name":"Sangiyn Dalay","latitude":"46.007930","longitude":"104.942090","postcode":"48163","gmtOffset":28800,"gmtOffsetName":"UTC+08:00","ip2locationv4":["1729990656","1729990911"],"ip2locationv6":["281472411734016","281472411734271"]},"mandalgovi":{"name":"Mandalgovi","latitude":"45.762500","longitude":"106.270830","postcode":"48103","gmtOffset":28800,"gmtOffsetName":"UTC+08:00","ip2locationv4":["3400733952","3400734207"],"ip2locationv6":["281474082477312","281474082477567"]}}},"darhanuul":{"name":"Darhan uul","cities":{"darhan":{"name":"Darhan","latitude":"49.486670","longitude":"105.922780","postcode":"45071","gmtOffset":28800,"gmtOffsetName":"UTC+08:00","ip2locationv4":["1730764032","1730764287"],"ip2locationv6":["281472412507392","281472412507647"]}}},"dornod":{"name":"Dornod","cities":{"choibalsan":{"name":"Choibalsan","latitude":"48.066670","longitude":"114.500000","postcode":"21045","gmtOffset":28800,"gmtOffsetName":"UTC+08:00","ip2locationv4":["1733349888","1733350143"],"ip2locationv6":["281472415093248","281472415093503"]}}},"tov":{"name":"Tov","cities":{"orgil":{"name":"Orgil","latitude":"48.453800","longitude":"105.317690","postcode":"41237","gmtOffset":28800,"gmtOffsetName":"UTC+08:00","ip2locationv4":["1737378816","1737379071"],"ip2locationv6":["281472419122176","281472419122431","42540770853475681327580428892798713856","42540770853476890253400043521973420031"]},"maanit":{"name":"Maanit","latitude":"47.250000","longitude":"107.533330","postcode":"41071","gmtOffset":28800,"gmtOffsetName":"UTC+08:00","ip2locationv4":["3390401280","3390401535"],"ip2locationv6":["281474072144640","281474072144895"]},"zuunmod":{"name":"Zuunmod","latitude":"47.706930","longitude":"106.952760","postcode":"41107","gmtOffset":28800,"gmtOffsetName":"UTC+08:00","ip2locationv4":["3397647104","3397647359"],"ip2locationv6":["281474079390464","281474079390719"]}}},"bayan-olgiy":{"name":"Bayan-Olgiy","cities":{"biluu":{"name":"Biluu","latitude":"49.043720","longitude":"89.437980","postcode":"83173","gmtOffset":25200,"gmtOffsetName":"UTC+07:00","ip2locationv4":["3389376256","3389376511"],"ip2locationv6":["281474071119616","281474071119871","47879933903888539737843602569761390592","47879933903889748663663217198936096767"]}}},"ovorhangay":{"name":"Ovorhangay","cities":{"arvaikheer":{"name":"Arvaikheer","latitude":"46.272878","longitude":"102.779030","postcode":"62161","gmtOffset":28800,"gmtOffsetName":"UTC+08:00","ip2locationv4":["3389378048","3389378303"],"ip2locationv6":["281474071121408","281474071121663","55827738161784570545802696133768642562","55827738161784570545802696133768642562","55827738161784570564249440207478194178","55827738161784570564249440207478194178","55827738161784570582696184281187745794","55827738161784570582696184281187745794","55827738161784570693376648723445055490","55827738161784570693376648723445055490"]}}},"omnogovi":{"name":"Omnogovi","cities":{"ihbulag":{"name":"Ihbulag","latitude":"43.200000","longitude":"107.200000","postcode":"46019","gmtOffset":28800,"gmtOffsetName":"UTC+08:00","ip2locationv4":["3390400768","3390401023"],"ip2locationv6":["281474072144128","281474072144383"]},"urt":{"name":"Urt","latitude":"43.232450","longitude":"101.048130","postcode":"46155","gmtOffset":28800,"gmtOffsetName":"UTC+08:00","ip2locationv4":["3390404608","3390404863"],"ip2locationv6":["281474072147968","281474072148223"]},"baruunsuu":{"name":"Baruunsuu","latitude":"43.655950","longitude":"105.755770","postcode":"46045","gmtOffset":28800,"gmtOffsetName":"UTC+08:00","ip2locationv4":["3392648704","3392648959"],"ip2locationv6":["281474074392064","281474074392319"]}}},"dzavhan":{"name":"Dzavhan","cities":{"nuga":{"name":"Nuga","latitude":"48.316670","longitude":"95.116670","postcode":"81273","gmtOffset":25200,"gmtOffsetName":"UTC+07:00","ip2locationv4":["3411768832","3411769087"],"ip2locationv6":["281474093512192","281474093512447"]}}},"bayanhongor":{"name":"Bayanhongor","cities":{"bayanhongor":{"name":"Bayanhongor","latitude":"46.194440","longitude":"100.718060","postcode":"64099","gmtOffset":28800,"gmtOffsetName":"UTC+08:00","ip2locationv6":["47879933903114827213290239897949437952","47879933903116036139109854527124144127"]}}},"hovd":{"name":"Hovd","cities":{"khovd":{"name":"Khovd","latitude":"48.005560","longitude":"91.641940","postcode":"84173","gmtOffset":25200,"gmtOffsetName":"UTC+07:00","ip2locationv6":["50543536577648927640345632347516829696","50543536577658599046902549380914479103","55838750774937016404843530763896881152","55838750774937016423290274837606432767","55838750774938225330663145393071587328","55838750774938225349109889466781138943","55838750774941852108121989280595705856","55838750774941852126568733354305257471","55838750774943061033941603909770412032","55838750774943061052388347983479963647","55838750774946687811400447797294530560","55838750774946687829847191871004082175","55838750774947896737220062426469236736","55838750774947896755666806500178788351","55878094337281195554885163745267417088","55878094337281195573331907818976968703","55878094337319881181112831878858014720","55878094337319881199559575952567566335","55878094337358566807340500012448612352","55878094337358566825787244086158163967","55878094337397252433568168146039209984","55878094337397252452014912219748761599","55878094415600093113758369884344942592","55878094415609764520315286917742591999","55878094494828255628022707477888892928","55878094494837927034579624511286542335","55878094653497351600803557399725080576","55878094653507023007360474433122729983","55878094732725514115067894993269030912","55878094732735185521624812026666680319"]}}}}}