{"id":131,"name":"Malawi","iso3":"MWI","iso2":"MW","numeric_code":"454","phone_code":"265","capital":"Lilongwe","currency":"MWK","currency_name":"Malawian kwacha","currency_symbol":"MK","tld":".mw","native":"Malawi","region":"Africa","region_id":"1","subregion":"Eastern Africa","subregion_id":"4","nationality":"Malawian","timezones":[{"zoneName":"Africa/Blantyre","gmtOffset":7200,"gmtOffsetName":"UTC+02:00","abbreviation":"CAT","tzName":"Central Africa Time"}],"translations":{"kr":"\ub9d0\ub77c\uc704","pt-BR":"Malawi","pt":"Mal\u00e1vi","nl":"Malawi","hr":"Malavi","fa":"\u0645\u0627\u0644\u0627\u0648\u06cc","de":"Malawi","es":"Malawi","fr":"Malawi","ja":"\u30de\u30e9\u30a6\u30a4","it":"Malawi","cn":"\u9a6c\u62c9\u7ef4","tr":"Malavi"},"latitude":"-13.50000000","longitude":"34.00000000","emoji":"\ud83c\uddf2\ud83c\uddfc","emojiU":"U+1F1F2 U+1F1FC","states":{"balakadistrict":{"id":3096,"name":"Balaka District","state_code":"BA","latitude":"-15.05065950","longitude":"35.08285880","type":null},"blantyredistrict":{"id":3102,"name":"Blantyre District","state_code":"BL","latitude":"-15.67785410","longitude":"34.95066250","type":null},"centralregion":{"id":3092,"name":"Central Region","state_code":"C","latitude":null,"longitude":null,"type":null,"cities":{"chipoka":{"id":67950,"name":"Chipoka","latitude":"-13.99329000","longitude":"34.51566000"},"dedza":{"id":67955,"name":"Dedza","latitude":"-14.37790000","longitude":"34.33322000"},"dedzadistrict":{"id":67956,"name":"Dedza District","latitude":"-14.26273000","longitude":"34.18559000"},"dowa":{"id":67957,"name":"Dowa","latitude":"-13.65399000","longitude":"33.93754000"},"dowadistrict":{"id":67958,"name":"Dowa District","latitude":"-13.60098000","longitude":"33.82378000"},"kasungu":{"id":67961,"name":"Kasungu","latitude":"-13.03333000","longitude":"33.48333000"},"kasungudistrict":{"id":67962,"name":"Kasungu District","latitude":"-13.00000000","longitude":"33.41667000"},"lilongwe":{"id":67964,"name":"Lilongwe","latitude":"-13.96692000","longitude":"33.78725000"},"lilongwedistrict":{"id":67965,"name":"Lilongwe District","latitude":"-14.01962000","longitude":"33.68407000"},"mchinji":{"id":67973,"name":"Mchinji","latitude":"-13.79841000","longitude":"32.88019000"},"mchinjidistrict":{"id":67974,"name":"Mchinji District","latitude":"-13.76230000","longitude":"33.07998000"},"mponela":{"id":67976,"name":"Mponela","latitude":"-13.53194000","longitude":"33.74008000"},"nkhotakota":{"id":67987,"name":"Nkhotakota","latitude":"-12.92744000","longitude":"34.29614000"},"nkhotakotadistrict":{"id":67988,"name":"Nkhotakota District","latitude":"-12.80417000","longitude":"34.08298000"},"ntcheu":{"id":67991,"name":"Ntcheu","latitude":"-14.82027000","longitude":"34.63586000"},"ntcheudistrict":{"id":67992,"name":"Ntcheu District","latitude":"-14.75000000","longitude":"34.75000000"},"ntchisi":{"id":67993,"name":"Ntchisi","latitude":"-13.52775000","longitude":"33.91490000"},"ntchisidistrict":{"id":67994,"name":"Ntchisi District","latitude":"-13.29574000","longitude":"33.90798000"},"salima":{"id":67999,"name":"Salima","latitude":"-13.78040000","longitude":"34.45870000"},"salimadistrict":{"id":68000,"name":"Salima District","latitude":"-13.71959000","longitude":"34.40184000"}}},"chikwawadistrict":{"id":3107,"name":"Chikwawa District","state_code":"CK","latitude":"-16.19584460","longitude":"34.77407930","type":null},"chiradzuludistrict":{"id":3109,"name":"Chiradzulu District","state_code":"CR","latitude":"-15.74231510","longitude":"35.25879640","type":null},"chitipadistrict":{"id":3087,"name":"Chitipa district","state_code":"CT","latitude":"-9.70376550","longitude":"33.27002530","type":null},"dedzadistrict":{"id":3097,"name":"Dedza District","state_code":"DE","latitude":"-14.18945850","longitude":"34.24215970","type":null},"dowadistrict":{"id":3090,"name":"Dowa District","state_code":"DO","latitude":"-13.60412560","longitude":"33.88577470","type":null},"karongadistrict":{"id":3091,"name":"Karonga District","state_code":"KR","latitude":"-9.90363650","longitude":"33.97500180","type":null},"kasungudistrict":{"id":3094,"name":"Kasungu District","state_code":"KS","latitude":"-13.13670650","longitude":"33.25879300","type":null},"likomadistrict":{"id":3093,"name":"Likoma District","state_code":"LK","latitude":"-12.05840050","longitude":"34.73540310","type":null},"lilongwedistrict":{"id":3101,"name":"Lilongwe District","state_code":"LI","latitude":"-14.04752280","longitude":"33.61757700","type":null},"machingadistrict":{"id":3082,"name":"Machinga District","state_code":"MH","latitude":"-14.94072630","longitude":"35.47819260","type":null},"mangochidistrict":{"id":3110,"name":"Mangochi District","state_code":"MG","latitude":"-14.13882480","longitude":"35.03881640","type":null},"mchinjidistrict":{"id":3099,"name":"Mchinji District","state_code":"MC","latitude":"-13.74015250","longitude":"32.98883190","type":null},"mulanjedistrict":{"id":3103,"name":"Mulanje District","state_code":"MU","latitude":"-15.93464340","longitude":"35.52200120","type":null},"mwanzadistrict":{"id":3084,"name":"Mwanza District","state_code":"MW","latitude":"-2.46711970","longitude":"32.89868120","type":null},"mzimbadistrict":{"id":3104,"name":"Mzimba District","state_code":"MZ","latitude":"-11.74754520","longitude":"33.52800720","type":null},"nkhatabaydistrict":{"id":3095,"name":"Nkhata Bay District","state_code":"NB","latitude":"-11.71850420","longitude":"34.33103640","type":null},"nkhotakotadistrict":{"id":3100,"name":"Nkhotakota District","state_code":"NK","latitude":"-12.75419610","longitude":"34.24215970","type":null},"northernregion":{"id":3105,"name":"Northern Region","state_code":"N","latitude":null,"longitude":null,"type":null,"cities":{"chitipa":{"id":67953,"name":"Chitipa","latitude":"-9.70237000","longitude":"33.26969000"},"chitipadistrict":{"id":67954,"name":"Chitipa District","latitude":"-9.92727000","longitude":"33.42541000"},"karonga":{"id":67959,"name":"Karonga","latitude":"-9.93333000","longitude":"33.93333000"},"karongadistrict":{"id":67960,"name":"Karonga District","latitude":"-10.11153000","longitude":"33.88151000"},"likomadistrict":{"id":67963,"name":"Likoma District","latitude":"-12.06065000","longitude":"34.73608000"},"livingstonia":{"id":67966,"name":"Livingstonia","latitude":"-10.60602000","longitude":"34.10628000"},"mzimba":{"id":67981,"name":"Mzimba","latitude":"-11.90000000","longitude":"33.60000000"},"mzimbadistrict":{"id":67982,"name":"Mzimba District","latitude":"-11.85428000","longitude":"33.60778000"},"mzuzu":{"id":67983,"name":"Mzuzu","latitude":"-11.46556000","longitude":"34.02071000"},"nkhatabay":{"id":67985,"name":"Nkhata Bay","latitude":"-11.60659000","longitude":"34.29073000"},"nkhatabaydistrict":{"id":67986,"name":"Nkhata Bay District","latitude":"-11.65304000","longitude":"34.05322000"},"rumphi":{"id":67997,"name":"Rumphi","latitude":"-11.01863000","longitude":"33.85746000"},"rumphidistrict":{"id":67998,"name":"Rumphi District","latitude":"-10.80292000","longitude":"33.80524000"}}},"nsanjedistrict":{"id":3085,"name":"Nsanje District","state_code":"NS","latitude":"-16.72882020","longitude":"35.17087410","type":null},"ntcheudistrict":{"id":3088,"name":"Ntcheu District","state_code":"NU","latitude":"-14.90375380","longitude":"34.77407930","type":null},"ntchisidistrict":{"id":3111,"name":"Ntchisi District","state_code":"NI","latitude":"-13.28419920","longitude":"33.88577470","type":null},"phalombedistrict":{"id":3108,"name":"Phalombe District","state_code":"PH","latitude":"-15.70920380","longitude":"35.65328480","type":null},"rumphidistrict":{"id":3089,"name":"Rumphi District","state_code":"RU","latitude":"-10.78515370","longitude":"34.33103640","type":null},"salimadistrict":{"id":3086,"name":"Salima District","state_code":"SA","latitude":"-13.68095860","longitude":"34.41982430","type":null},"southernregion":{"id":3106,"name":"Southern Region","state_code":"S","latitude":"32.75049570","longitude":"-97.33154760","type":null,"cities":{"balaka":{"id":67944,"name":"Balaka","latitude":"-14.97928000","longitude":"34.95575000"},"balakadistrict":{"id":67945,"name":"Balaka District","latitude":"-15.04839000","longitude":"35.05910000"},"blantyre":{"id":67946,"name":"Blantyre","latitude":"-15.78499000","longitude":"35.00854000"},"blantyredistrict":{"id":67947,"name":"Blantyre District","latitude":"-15.64732000","longitude":"34.93956000"},"chikwawa":{"id":67948,"name":"Chikwawa","latitude":"-16.03352000","longitude":"34.80091000"},"chikwawadistrict":{"id":67949,"name":"Chikwawa District","latitude":"-16.16667000","longitude":"34.75000000"},"chiradzulu":{"id":67951,"name":"Chiradzulu","latitude":"-15.67461000","longitude":"35.14071000"},"chiradzuludistrict":{"id":67952,"name":"Chiradzulu District","latitude":"-15.75268000","longitude":"35.21576000"},"liwonde":{"id":67967,"name":"Liwonde","latitude":"-15.06665000","longitude":"35.22543000"},"luchenza":{"id":67968,"name":"Luchenza","latitude":"-16.00693000","longitude":"35.30947000"},"machinga":{"id":67969,"name":"Machinga","latitude":"-15.16849000","longitude":"35.30002000"},"machingadistrict":{"id":67970,"name":"Machinga District","latitude":"-14.94583000","longitude":"35.57367000"},"mangochi":{"id":67971,"name":"Mangochi","latitude":"-14.47815000","longitude":"35.26448000"},"mangochidistrict":{"id":67972,"name":"Mangochi District","latitude":"-14.39296000","longitude":"35.34658000"},"monkeybay":{"id":67975,"name":"Monkey Bay","latitude":"-14.08239000","longitude":"34.91652000"},"mulanje":{"id":67977,"name":"Mulanje","latitude":"-16.03163000","longitude":"35.50000000"},"mulanjedistrict":{"id":67978,"name":"Mulanje District","latitude":"-15.93440000","longitude":"35.49990000"},"mwanza":{"id":67979,"name":"Mwanza","latitude":"-15.60262000","longitude":"34.52479000"},"mwanzadistrict":{"id":67980,"name":"Mwanza District","latitude":"-15.63337000","longitude":"34.51682000"},"nenodistrict":{"id":67984,"name":"Neno District","latitude":"-15.45051000","longitude":"34.70034000"},"nsanje":{"id":67989,"name":"Nsanje","latitude":"-16.91995000","longitude":"35.26199000"},"nsanjedistrict":{"id":67990,"name":"Nsanje District","latitude":"-16.75000000","longitude":"35.16667000"},"phalombe":{"id":67995,"name":"Phalombe","latitude":"-15.80635000","longitude":"35.65067000"},"phalombedistrict":{"id":67996,"name":"Phalombe District","latitude":"-15.66667000","longitude":"35.66667000"},"thyolo":{"id":68001,"name":"Thyolo","latitude":"-16.06775000","longitude":"35.14046000"},"thyolodistrict":{"id":68002,"name":"Thyolo District","latitude":"-16.10583000","longitude":"35.15060000"},"zomba":{"id":68003,"name":"Zomba","latitude":"-15.38596000","longitude":"35.31880000"},"zombadistrict":{"id":68004,"name":"Zomba District","latitude":"-15.43007000","longitude":"35.41829000"}}},"thyolodistrict":{"id":3098,"name":"Thyolo District","state_code":"TH","latitude":"-16.12991770","longitude":"35.12687810","type":null},"zombadistrict":{"id":3083,"name":"Zomba District","state_code":"ZO","latitude":"-15.37658570","longitude":"35.33565180","type":null},"zomba":{"name":"Zomba","cities":{"zomba":{"name":"Zomba","latitude":"-15.385960","longitude":"35.318800","postcode":"-","gmtOffset":7200,"gmtOffsetName":"UTC+02:00","ip2locationv4":["692453376","692453887","692454144","692456447","692456704","692458751","692459008","692471295","692471552","692478975","692479232","692479743","692480256","692480511","692480768","692481023","692481280","692481535","692481792","692482303","692482560","692483583","692483840","692484095","692484352","692485119","692485376","692486143","1715864064","1715864319","1725914880","1725915135"],"ip2locationv6":["281471374196736","281471374197247","281471374197504","281471374199807","281471374200064","281471374202111","281471374202368","281471374214655","281471374214912","281471374222335","281471374222592","281471374223103","281471374223616","281471374223871","281471374224128","281471374224383","281471374224640","281471374224895","281471374225152","281471374225663","281471374225920","281471374226943","281471374227200","281471374227455","281471374227712","281471374228479","281471374228736","281471374229503","281472397607424","281472397607679","281472407658240","281472407658495","42541866738889632428549411869162471424","42541866738890841354369026498337177599","58561289695370723488739292842555342848","58561289705274168245158609127424917503","58561289710225928402300130227021414400","58561290963021248159104968424935129087","58568669957165176682451080734293622784","58568669957474661692272425803018403839","58568669957785355627913385500917891072","58568669957786564553733000130092597247","58568669958403116721736461009192747008","58568669958715019583197035336266940415","58568669958715024305563518205912154112","58568669977281702320838510201404391423","58568669977281707043204993071049605120","58568670036393339196715418327837573119"]}}},"blantyre":{"name":"Blantyre","cities":{"blantyre":{"name":"Blantyre","latitude":"-15.784615","longitude":"35.008689","postcode":"-","gmtOffset":7200,"gmtOffsetName":"UTC+02:00","ip2locationv4":["692453888","692454143","692458752","692459007","692479744","692479999","692481024","692481279","692482304","692482559","692809728","692811775","692812032","692812287","692812544","692812799","692813056","692813823","692914688","692915455","693032960","693033215","693033472","693033727","693041408","693042175","693065728","693066751","693567488","693570559","693570816","693571583","693571840","693575679","700341504","700342015","702080256","702081023","702142464","702142975","702143232","702143487","702373888","702374143","702374400","702374911","702375168","702376447","702376960","702377727","702461952","702463999","769464576","769464831","1040982784","1040983039","1713672448","1713672703","1715863552","1715864063","1715864320","1715864575","1715864832","1715865087","1715865344","1715865599","1715865856","1715866111","1715866368","1715866879","1715867392","1715868159","1715868416","1715868671","1715868928","1715869183","1715869440","1715871231","1715871488","1715872255","1715872512","1715875327","1715875584","1715876095","1715876608","1715878911","1715879936","1715994623","1722874368","1722874623","1724988416","1724989439","1725280512","1725280767","1725675264","1725675519","1725757952","1725758207","1776983296","1776983551","1776985600","1776985855","1776986112","1776986367","2588047872","2588048127","2588048640","2588048895","2835210496","2835211519","2835211776","2835218175","2852074496","2852075519","3230769152","3230770175","3289077504","3289077759","3291331584","3291332095","3291332352","3291332607","3291564032","3291564287","3302492160","3302492671","3302492928","3302493183","3302493696","3302493951","3302955776","3302956031","3318964480","3318969343","3318969600","3318972159","3648081920","3648082175"],"ip2locationv6":["281471374197248","281471374197503","281471374202112","281471374202367","281471374223104","281471374223359","281471374224384","281471374224639","281471374225664","281471374225919","281471374553088","281471374555135","281471374555392","281471374555647","281471374555904","281471374556159","281471374556416","281471374557183","281471374658048","281471374658815","281471374776320","281471374776575","281471374776832","281471374777087","281471374784768","281471374785535","281471374809088","281471374810111","281471375310848","281471375313919","281471375314176","281471375314943","281471375315200","281471375319039","281471382084864","281471382085375","281471383823616","281471383824383","281471383885824","281471383886335","281471383886592","281471383886847","281471384117248","281471384117503","281471384117760","281471384118271","281471384118528","281471384119807","281471384120320","281471384121087","281471384205312","281471384207359","281471451207936","281471451208191","281471722726144","281471722726399","281472395415808","281472395416063","281472397606912","281472397607423","281472397607680","281472397607935","281472397608192","281472397608447","281472397608704","281472397608959","281472397609216","281472397609471","281472397609728","281472397610239","281472397610752","281472397611519","281472397611776","281472397612031","281472397612288","281472397612543","281472397612800","281472397614591","281472397614848","281472397615615","281472397615872","281472397618687","281472397618944","281472397619455","281472397619968","281472397622271","281472397623296","281472397737983","281472404617728","281472404617983","281472406731776","281472406732799","281472407023872","281472407024127","281472407418624","281472407418879","281472407501312","281472407501567","281472458726656","281472458726911","281472458728960","281472458729215","281472458729472","281472458729727","281473269791232","281473269791487","281473269792000","281473269792255","281473516953856","281473516954879","281473516955136","281473516961535","281473533817856","281473533818879","281473912512512","281473912513535","281473970820864","281473970821119","281473973074944","281473973075455","281473973075712","281473973075967","281473973307392","281473973307647","281473984235520","281473984236031","281473984236288","281473984236543","281473984237056","281473984237311","281473984699136","281473984699391","281474000707840","281474000712703","281474000712960","281474000715519","281474329825280","281474329825535","42541866733086788494399191830572826624","42541866733087997420218806459747532799","42541866737322864566328852458743267328","42541866737324073492148467087917973503","42541866738077234277768381063759921152","42541866738078443203587995692934627327","42541866738154605530223717330941116416","42541866738155814456043331960115822591","42541867133096163688487693157352341504","42541867133097372614307307786527047679","50543536577764984519028636748288622592","50543536577774655925585553781686271999","53190134943047218521617038830662057986","53190134943047218521617038830662057986","55878094338673725360040286239441551360","55878094338673725378487030313151102975","55878094338712410986267954373032148992","55878094338712411004714698446741700607","55878094338751096612495622506622746624","55878094338751096630942366580332298239","55878094338789782238723290640213344256","55878094338789782257170034713922895871","55878094415716149992441374285116735488","55878094415725821398998291318514384895","55878094494944312506705711878660685824","55878094494953983913262628912058335231","55878094653613408479486561800496873472","55878094653623079886043478833894522879","55878094732841570993750899394040823808","55878094732851242400307816427438473215","58561159127358824423247212767801769984","58561178142117827846688235218349850623","58564301633196790203933523095047897088","58564301712424952718197860688591847423","58568672492466377138909883727700033536","58568672571694539653174221321243983871","58568695944002481361153811416709332992","58568696023230643875418149010253283327","58568737776472288892724060807915110400","58568737855700451406988398401459060735","58568979263911632370425045929875734528","58568979268863392527566567029472231423","58569002081622436478554272870533431296","58569002160850598992818610464077381631","58569033139062142070174609539761963008","58569033218290304584438947133305913343","58569034406712742298404011036465168384","58569034485940904812668348630009118719","58569066097977748004139048454045302784","58569066177205910518403386047589253119"]}}},"lilongwe":{"name":"Lilongwe","cities":{"lilongwe":{"name":"Lilongwe","latitude":"-13.967034","longitude":"33.787160","postcode":"-","gmtOffset":7200,"gmtOffsetName":"UTC+02:00","ip2locationv4":["692456448","692456703","692484096","692484351","692485120","692485375","692812288","692812543","692812800","692813055","692914432","692914687","692915456","692916223","692992000","692993023","693033216","693033471","693041152","693041407","693570560","693570815","693571584","693571839","702080000","702080255","702374144","702374399","702374912","702375167","702377728","702377983","961698304","961698815","1109707520","1109707775","1425975296","1425975551","1607612672","1607612927","1650565632","1650566143","1715864576","1715864831","1715865600","1715865855","1715878912","1715879167","1719821568","1719821823","1724977152","1724977663","1725109248","1725109759","1725110016","1725110271","1725242368","1725243391","1725603840","1725604863","1725675008","1725675263","1776943104","1776982527","1776982784","1776983295","1776983552","1776984063","1776984320","1776984575","1776984832","1776985087","1776985344","1776985599","1776985856","1776986111","1776986368","1777008639","2173435904","2173501439","2302672896","2302738431","2306015488","2306080767","2311323904","2311389183","2588047360","2588047871","2588048896","2588049407","2835211520","2835211775","2835218176","2835218431","3289075968","3289077503","3290484736","3290484991","3290485760","3290486783","3291332096","3291332351","3302493184","3302493439","3318969344","3318969599","3519448064","3519448575","3563067904","3563068159"],"ip2locationv6":["281471374199808","281471374200063","281471374227456","281471374227711","281471374228480","281471374228735","281471374555648","281471374555903","281471374556160","281471374556415","281471374657792","281471374658047","281471374658816","281471374659583","281471374735360","281471374736383","281471374776576","281471374776831","281471374784512","281471374784767","281471375313920","281471375314175","281471375314944","281471375315199","281471383823360","281471383823615","281471384117504","281471384117759","281471384118272","281471384118527","281471384121088","281471384121343","281471643441664","281471643442175","281471791450880","281471791451135","281472107718656","281472107718911","281472289356032","281472289356287","281472332308992","281472332309503","281472397607936","281472397608191","281472397608960","281472397609215","281472397622272","281472397622527","281472401564928","281472401565183","281472406720512","281472406721023","281472406852608","281472406853119","281472406853376","281472406853631","281472406985728","281472406986751","281472407347200","281472407348223","281472407418368","281472407418623","281472458686464","281472458725887","281472458726144","281472458726655","281472458726912","281472458727423","281472458727680","281472458727935","281472458728192","281472458728447","281472458728704","281472458728959","281472458729216","281472458729471","281472458729728","281472458751999","281472855179264","281472855244799","281472984416256","281472984481791","281472987758848","281472987824127","281472993067264","281472993132543","281473269790720","281473269791231","281473269792256","281473269792767","281473516954880","281473516955135","281473516961536","281473516961791","281473970819328","281473970820863","281473972228096","281473972228351","281473972229120","281473972230143","281473973075456","281473973075711","281473984236544","281473984236799","281474000712704","281474000712959","281474201191424","281474201191935","281474244811264","281474244811519","42540578165259139653822844842157277184","42540578165259139672269588915866828799","42540578165305100362318534769842847744","42540578165305100380765278843552399359","42540578186099800605645552222090559488","42540578186101009531465166851265265663","42541866732042276586252152223626690560","42541866732043485401391302410544087040","42541866732043485401391302410544087042","42541866732043485475178278705382293503","42541866732043485475178278705382293505","42541866732043485512071766852801396735","42541867113289123059921608758966353920","42541867113290331985741223388141060095","42541867192517285574185946352510304256","42541867192518494500005560981685010431","50543536577774655925585553781686272000","50543536577784327332142470815083921407","55838750783370482922475183886647164928","55838750783370482940921927960356716543","55838750783371142282895354560860127232","55838750783371142319788842708279230463","55838750783371691848294798515821871104","55838750783371691866741542589531422719","55838750783380154329032100920044814336","55838750783380154347478844993754365951","55838750783380813689452271594257776640","55838750783380813726345759741676879871","55838750783381363254851715549219520512","55838750783381363273298459622929072127","55838750783384990032310559436743639040","55838750783384990050757303510453190655","55838750783385649392730730110956601344","55838750783385649429624218258375704575","55838750783386198958130174065918345216","55838750783386198976576918139627896831","55849932188200807463068748649492119552","55849932188200807481515492723201671167","55849932188201018475374207813053054976","55849932188201023197740690682698268671","55849932188204434092953639947339825152","55849932188204434111400384021049376767","55849932188204602751534705873770250240","55849932188204607473901188743415463935","55849932188240700686950458105169707008","55849932188240700705397202178879258623","55849932188240813857725350313268871168","55849932188240818580091833182914084863","55849932208018349140506465168359686144","55849932208018424698370191082683105279","55849932208037691953620299235154984960","55849932208037767511484025149478404095","55849932208057034766734133301950283776","55849932208057110324597859216273702911","55849932208076377579847967368745582592","55849932208076453137711693283069001727","55849932208095720392961801435540881408","55849932208095795950825527349864300543","55849932208115063206075635502336180224","55849932208115138763939361416659599359","55849932208134406019189469569131479040","55849932208134481577053195483454898175","55849932208153748832303303635926777856","55849932208153824390167029550250196991","55878094338673725507614238829117964288","55878094338673725526060982902827515903","55878094338712411133841906962708561920","55878094338712411152288651036418113535","55878094338751096760069575096299159552","55878094338751096778516319170008711167","55878094338789782386297243229889757184","55878094338789782404743987303599308799","55878094415725821398998291318514384896","55878094415735492805555208351912034303","55878094494953983913262628912058335232","55878094494963655319819545945455984639","55878094553088808726890916665328926720","55878094553098480133447833698726576127","55878094558040568884032437764925423616","55878094558050240290589354798323073023","55878094653623079886043478833894522880","55878094653632751292600395867292172287","55878094732851242400307816427438473216","55878094732860913806864733460836122623","58561157859708224195017811271098564608","58561159127358824423247212767801769983","58561289695370647930875566928231923712","58561289695370723488739292842555342847","58564778270983044805018529863171047424","58564778271060416057473866130352242687","58564778274851607427785343222230810624","58564778274928978680240679489412005887","58565036870544922576986391182907015168","58565036949773085091250728776450965503","58566248744518740764294222031171354624","58566248823746903278558559624715304959","58568669957474661692272425803018403840","58568669957785355627913385500917891071","58568669957786564553733000130092597248","58568669958403116721736461009192747007","58568669958715019583197035336266940416","58568669958715024305563518205912154111","58568682639241909141529306938371735552","58568682639551394151350652007096516607","58568886725417815709678736670541742080","58568886804645978223943074264085692415","58568979268863392527566567029472231424","58568979343139794884689383523419684863","58569054055297045835959734235364851712","58569054055299463687598963493714264063","58569054055300672613418578122888970240","58569054055301881539238192752063676415","58569054055303090465057807381238382592","58569054055304299390877422010413088767","58569054055305508316697036639587794944","58569054134525208350224071828908802047"]}}},"machinga":{"name":"Machinga","cities":{"makata":{"name":"Makata","latitude":"-15.787200","longitude":"35.030460","postcode":"-","gmtOffset":7200,"gmtOffsetName":"UTC+02:00","ip2locationv4":["692471296","692471551","692811776","692812031","692914176","692914431","702142976","702143231","1715866880","1715867391","1715868160","1715868415","1715875328","1715875583","1715876352","1715876607","1715879680","1715879935","1776984064","1776984319","1776984576","1776984831","1776985088","1776985343","3318964224","3318964479"],"ip2locationv6":["281471374214656","281471374214911","281471374555136","281471374555391","281471374657536","281471374657791","281471383886336","281471383886591","281472397610240","281472397610751","281472397611520","281472397611775","281472397618688","281472397618943","281472397619712","281472397619967","281472397623040","281472397623295","281472458727424","281472458727679","281472458727936","281472458728191","281472458728448","281472458728703","281474000707584","281474000707839"]},"liwonde":{"name":"Liwonde","latitude":"-15.050640","longitude":"35.203530","postcode":"-","gmtOffset":7200,"gmtOffsetName":"UTC+02:00","ip2locationv4":["1715872256","1715872511"],"ip2locationv6":["281472397615616","281472397615871"]}}},"mzimba":{"name":"Mzimba","cities":{"mzuzu":{"name":"Mzuzu","latitude":"-11.465560","longitude":"34.020710","postcode":"-","gmtOffset":7200,"gmtOffsetName":"UTC+02:00","ip2locationv4":["692478976","692479231","692480512","692480767","692481536","692481791","2588048384","2588048639"],"ip2locationv6":["281471374222336","281471374222591","281471374223872","281471374224127","281471374224896","281471374225151","281473269791744","281473269791999","58561289705274168245158609127424917504","58561289710225928402300130227021414399"]}}},"salima":{"name":"Salima","cities":{"salima":{"name":"Salima","latitude":"-13.780400","longitude":"34.458700","postcode":"-","gmtOffset":7200,"gmtOffsetName":"UTC+02:00","ip2locationv4":["692480000","692480255","2306015232","2306015487","2311323648","2311323903","3289075712","3289075967"],"ip2locationv6":["281471374223360","281471374223615","281472987758592","281472987758847","281472993067008","281472993067263","281473970819072","281473970819327","58568669977281702320838510201404391424","58568669977281707043204993071049605119"]}}},"karonga":{"name":"Karonga","cities":{"livingstonia":{"name":"Livingstonia","latitude":"-10.606020","longitude":"34.106280","postcode":"-","gmtOffset":7200,"gmtOffsetName":"UTC+02:00","ip2locationv4":["692483584","692483839"],"ip2locationv6":["281471374226944","281471374227199"]}}},"mwanza":{"name":"Mwanza","cities":{"mwanza":{"name":"Mwanza","latitude":"-15.602620","longitude":"34.524790","postcode":"-","gmtOffset":7200,"gmtOffsetName":"UTC+02:00","ip2locationv4":["693033728","693033983"],"ip2locationv6":["281471374777088","281471374777343"]}}},"chiradzulu":{"name":"Chiradzulu","cities":{"chiradzulu":{"name":"Chiradzulu","latitude":"-15.674610","longitude":"35.140710","postcode":"-","gmtOffset":7200,"gmtOffsetName":"UTC+02:00","ip2locationv4":["700341248","700341503"],"ip2locationv6":["281471382084608","281471382084863"]}}},"dowa":{"name":"Dowa","cities":{"mponela":{"name":"Mponela","latitude":"-13.531940","longitude":"33.740080","postcode":"-","gmtOffset":7200,"gmtOffsetName":"UTC+02:00","ip2locationv4":["700342016","700342271","1715866112","1715866367"],"ip2locationv6":["281471382085376","281471382085631","281472397609472","281472397609727"]},"dowa":{"name":"Dowa","latitude":"-13.653990","longitude":"33.937540","postcode":"-","gmtOffset":7200,"gmtOffsetName":"UTC+02:00","ip2locationv4":["1715876096","1715876351","1776982528","1776982783"],"ip2locationv6":["281472397619456","281472397619711","281472458725888","281472458726143"]}}},"thyolo":{"name":"Thyolo","cities":{"thyolo":{"name":"Thyolo","latitude":"-16.067750","longitude":"35.140460","postcode":"-","gmtOffset":7200,"gmtOffsetName":"UTC+02:00","ip2locationv4":["702376448","702376703"],"ip2locationv6":["281471384119808","281471384120063"]}}},"nkhotakota":{"name":"Nkhotakota","cities":{"nkhotakota":{"name":"Nkhotakota","latitude":"-12.927440","longitude":"34.296140","postcode":"-","gmtOffset":7200,"gmtOffsetName":"UTC+02:00","ip2locationv4":["702376704","702376959","3302493440","3302493695"],"ip2locationv6":["281471384120064","281471384120319","281473984236800","281473984237055"]}}},"mangochi":{"name":"Mangochi","cities":{"mangochi":{"name":"Mangochi","latitude":"-14.478150","longitude":"35.264480","postcode":"-","gmtOffset":7200,"gmtOffsetName":"UTC+02:00","ip2locationv4":["1715865088","1715865343"],"ip2locationv6":["281472397608448","281472397608703"]},"monkeybay":{"name":"Monkey Bay","latitude":"-14.072800","longitude":"34.920050","postcode":"-","gmtOffset":7200,"gmtOffsetName":"UTC+02:00","ip2locationv4":["1715869184","1715869439"],"ip2locationv6":["281472397612544","281472397612799"]}}},"dedza":{"name":"Dedza","cities":{"dedza":{"name":"Dedza","latitude":"-14.377900","longitude":"34.333220","postcode":"-","gmtOffset":7200,"gmtOffsetName":"UTC+02:00","ip2locationv4":["1715868672","1715868927"],"ip2locationv6":["281472397612032","281472397612287"]},"chipoka":{"name":"Chipoka","latitude":"-13.993280","longitude":"34.515660","postcode":"-","gmtOffset":7200,"gmtOffsetName":"UTC+02:00","ip2locationv4":["1715879168","1715879423"],"ip2locationv6":["281472397622528","281472397622783"]}}},"neno":{"name":"Neno","cities":{"neno":{"name":"Neno","latitude":"-15.398050","longitude":"34.653430","postcode":"-","gmtOffset":7200,"gmtOffsetName":"UTC+02:00","ip2locationv4":["1715871232","1715871487","1715879424","1715879679","3302492672","3302492927"],"ip2locationv6":["281472397614592","281472397614847","281472397622784","281472397623039","281473984236032","281473984236287"]}}},"chikwawa":{"name":"Chikwawa","cities":{"chikwawa":{"name":"Chikwawa","latitude":"-16.033520","longitude":"34.800910","postcode":"-","gmtOffset":7200,"gmtOffsetName":"UTC+02:00","ip2locationv4":["2588048128","2588048383"],"ip2locationv6":["281473269791488","281473269791743"]}}},"ntchisi":{"name":"Ntchisi","cities":{"ntchisi":{"name":"Ntchisi","latitude":"-13.527750","longitude":"33.914900","postcode":"-","gmtOffset":7200,"gmtOffsetName":"UTC+02:00","ip2locationv4":["2835210240","2835210495"],"ip2locationv6":["281473516953600","281473516953855","55827831898325460790849880253523820544","55827831898325536348713606167847239679"]}}},"balaka":{"name":"Balaka","cities":{"balaka":{"name":"Balaka","latitude":"-14.979280","longitude":"34.955750","postcode":"-","gmtOffset":7200,"gmtOffsetName":"UTC+02:00","ip2locationv4":["3302493952","3302494207"],"ip2locationv6":["281473984237312","281473984237567"]}}}}}