{"id":133,"name":"Maldives","iso3":"MDV","iso2":"MV","numeric_code":"462","phone_code":"960","capital":"Male","currency":"MVR","currency_name":"Maldivian rufiyaa","currency_symbol":"Rf","tld":".mv","native":"Maldives","region":"Asia","region_id":"3","subregion":"Southern Asia","subregion_id":"14","nationality":"Maldivian","timezones":[{"zoneName":"Indian/Maldives","gmtOffset":18000,"gmtOffsetName":"UTC+05:00","abbreviation":"MVT","tzName":"Maldives Time"}],"translations":{"kr":"\ubab0\ub514\ube0c","pt-BR":"Maldivas","pt":"Maldivas","nl":"Maldiven","hr":"Maldivi","fa":"\u0645\u0627\u0644\u062f\u06cc\u0648","de":"Malediven","es":"Maldivas","fr":"Maldives","ja":"\u30e2\u30eb\u30c7\u30a3\u30d6","it":"Maldive","cn":"\u9a6c\u5c14\u4ee3\u592b","tr":"Maldivler"},"latitude":"3.25000000","longitude":"73.00000000","emoji":"\ud83c\uddf2\ud83c\uddfb","emojiU":"U+1F1F2 U+1F1FB","states":{"adduatoll":{"id":2594,"name":"Addu Atoll","state_code":"01","latitude":"-0.63009950","longitude":"73.15856260","type":null,"cities":{"hithadhoo":{"id":67929,"name":"Hithadhoo","latitude":"-0.60000000","longitude":"73.08333000"},"meedhoo":{"id":67937,"name":"Meedhoo","latitude":"-0.58333000","longitude":"73.23333000"}}},"alifalifatoll":{"id":2587,"name":"Alif Alif Atoll","state_code":"02","latitude":"4.08500000","longitude":"72.85154790","type":null},"alifdhaalatoll":{"id":2600,"name":"Alif Dhaal Atoll","state_code":"00","latitude":"3.65433020","longitude":"72.80427970","type":null},"centralprovince":{"id":2604,"name":"Central Province","state_code":"CE","latitude":null,"longitude":null,"type":null},"dhaaluatoll":{"id":2590,"name":"Dhaalu Atoll","state_code":"17","latitude":"2.84685020","longitude":"72.94605660","type":null,"cities":{"kudahuvadhoo":{"id":67931,"name":"Kudahuvadhoo","latitude":"2.67075000","longitude":"72.89437000"}}},"faafuatoll":{"id":2599,"name":"Faafu Atoll","state_code":"14","latitude":"3.23094090","longitude":"72.94605660","type":null},"gaafualifatoll":{"id":2598,"name":"Gaafu Alif Atoll","state_code":"27","latitude":"0.61248130","longitude":"73.32370800","type":null,"cities":{"viligili":{"id":67943,"name":"Viligili","latitude":"0.75906000","longitude":"73.43296000"}}},"gaafudhaaluatoll":{"id":2603,"name":"Gaafu Dhaalu Atoll","state_code":"28","latitude":"0.35880400","longitude":"73.18216230","type":null,"cities":{"thinadhoo":{"id":67940,"name":"Thinadhoo","latitude":"0.53060000","longitude":"72.99969000"}}},"gnaviyaniatoll":{"id":2595,"name":"Gnaviyani Atoll","state_code":"29","latitude":"-0.30064250","longitude":"73.42391430","type":null,"cities":{"fuvahmulah":{"id":67927,"name":"Fuvahmulah","latitude":"-0.29878000","longitude":"73.42403000"}}},"haaalifatoll":{"id":2586,"name":"Haa Alif Atoll","state_code":"07","latitude":"6.99034880","longitude":"72.94605660","type":null,"cities":{"dhidhdhoo":{"id":67923,"name":"Dhidhdhoo","latitude":"6.88744000","longitude":"73.11402000"}}},"haadhaaluatoll":{"id":2597,"name":"Haa Dhaalu Atoll","state_code":"23","latitude":"6.57827170","longitude":"72.94605660","type":null,"cities":{"kulhudhuffushi":{"id":67932,"name":"Kulhudhuffushi","latitude":"6.62207000","longitude":"73.06998000"}}},"kaafuatoll":{"id":2596,"name":"Kaafu Atoll","state_code":"26","latitude":"4.45589790","longitude":"73.55941280","type":null,"cities":{"guraidhoo":{"id":67928,"name":"Guraidhoo","latitude":"3.90045000","longitude":"73.46623000"},"hulhumale":{"id":67930,"name":"Hulhumale","latitude":"4.21169000","longitude":"73.54008000"},"maafushi":{"id":67933,"name":"Maafushi","latitude":"3.94231000","longitude":"73.49070000"},"male":{"id":67935,"name":"Male","latitude":"4.17521000","longitude":"73.50916000"}}},"laamuatoll":{"id":2601,"name":"Laamu Atoll","state_code":"05","latitude":"1.94307370","longitude":"73.41802110","type":null,"cities":{"fonadhoo":{"id":67925,"name":"Fonadhoo","latitude":"1.83243000","longitude":"73.50257000"}}},"lhaviyaniatoll":{"id":2607,"name":"Lhaviyani Atoll","state_code":"03","latitude":"5.37470210","longitude":"73.51229280","type":null,"cities":{"naifaru":{"id":67939,"name":"Naifaru","latitude":"5.44438000","longitude":"73.36571000"}}},"mal\u00e9":{"id":2609,"name":"Mal\u00e9","state_code":"MLE","latitude":"46.34888670","longitude":"10.90724890","type":null},"meemuatoll":{"id":2608,"name":"Meemu Atoll","state_code":"12","latitude":"3.00903450","longitude":"73.51229280","type":null,"cities":{"muli":{"id":67938,"name":"Muli","latitude":"2.91667000","longitude":"73.56667000"}}},"noonuatoll":{"id":2592,"name":"Noonu Atoll","state_code":"25","latitude":"5.85512760","longitude":"73.32370800","type":null,"cities":{"manadhoo":{"id":67936,"name":"Manadhoo","latitude":"5.76687000","longitude":"73.41360000"}}},"northcentralprovince":{"id":2589,"name":"North Central Province","state_code":"NC","latitude":null,"longitude":null,"type":null},"northprovince":{"id":2588,"name":"North Province","state_code":"NO","latitude":"8.88550270","longitude":"80.27673270","type":null},"raaatoll":{"id":2602,"name":"Raa Atoll","state_code":"13","latitude":"5.60064570","longitude":"72.94605660","type":null,"cities":{"ugoofaaru":{"id":67941,"name":"Ugoofaaru","latitude":"5.66812000","longitude":"73.03017000"}}},"shaviyaniatoll":{"id":2585,"name":"Shaviyani Atoll","state_code":"24","latitude":"6.17511000","longitude":"73.13496050","type":null,"cities":{"funadhoo":{"id":67926,"name":"Funadhoo","latitude":"6.15091000","longitude":"73.29013000"}}},"southcentralprovince":{"id":2606,"name":"South Central Province","state_code":"SC","latitude":"7.25649960","longitude":"80.72144170","type":null,"cities":{"mahibadhoo":{"id":67934,"name":"Mahibadhoo","latitude":"3.75713000","longitude":"72.96893000"}}},"southprovince":{"id":2605,"name":"South Province","state_code":"SU","latitude":"-21.74820060","longitude":"166.17837390","type":null},"thaaatoll":{"id":2591,"name":"Thaa Atoll","state_code":"08","latitude":"2.43111610","longitude":"73.18216230","type":null,"cities":{"veymandoo":{"id":67942,"name":"Veymandoo","latitude":"2.18772000","longitude":"73.09556000"}}},"uppersouthprovince":{"id":2593,"name":"Upper South Province","state_code":"US","latitude":"0.23070000","longitude":"73.27948460","type":null},"vaavuatoll":{"id":2584,"name":"Vaavu Atoll","state_code":"04","latitude":"3.39554380","longitude":"73.51229280","type":null,"cities":{"felidhoo":{"id":67924,"name":"Felidhoo","latitude":"3.47182000","longitude":"73.54699000"}}},"male":{"name":"Male","cities":{"male":{"name":"Male","latitude":"4.174787","longitude":"73.508940","postcode":"20274","gmtOffset":18000,"gmtOffsetName":"UTC+05:00","ip2locationv4":["234964480","234964991","234967808","234968063","460488704","460489215","460489728","460490239","460490496","460491007","460491264","460492031","460492288","460493567","460494336","460495103","460495360","460495871","460496128","460496895","460497152","460497407","460497664","460498175","460499456","460499711","460499968","460500223","460500736","460501759","460502016","460504319","460504576","460504831","620718080","620718591","736287744","736288767","736566272","736566527","736567040","736567295","737643520","737644543","755934464","755934719","961042944","961043455","962379776","962383871","1163796992","1163797247","1163797504","1163798271","1163798528","1163799807","1163800064","1163800575","1163808768","1163810815","1163811840","1163812863","1401538560","1401540607","1729049600","1729050623","1729355776","1729356799","1730106368","1730107391","1731356672","1731357695","1731698944","1731699199","1732450816","1732451071","1732720896","1732721151","1733034496","1733034751","1733592064","1733592319","1733592576","1733592831","1734820352","1734820607","1735290624","1735290879","1735871232","1735871487","1737318912","1737319167","1737489408","1737489663","1738059264","1738059519","1739333376","1739333631","1739411200","1739411455","1740024832","1740025087","1740590336","1740590591","1741005824","1741006847","1744334848","1744335871","1934917632","1934925823","2075131904","2075132415","2075132928","2075133183","2075133952","2075135487","2075136000","2075137023","2075137280","2075137535","2075138048","2075138303","2075138816","2075139583","2093203456","2093203711","2093203968","2093205247","2093205504","2093205759","2093206016","2093206783","2093207040","2093208063","2093208320","2093211391","2523644928","2523645951","2644989952","2644990207","2728300288","2728300543","2890392064","2890392319","3117883392","3117884415","3389112320","3389112831","3389113856","3389114111","3389114368","3389114879","3389115136","3389116415","3390418944","3390423039","3399045120","3399045375","3399045632","3399047167","3406910976","3406911231","3411149312","3411149823","3412596736","3412597247","3412598016","3412598271","3461573120","3461573375","3520381184","3520381695","3520381952","3520382719","3520382976","3520383487","3520383744","3520384255","3520384512","3520386559","3520386816","3520389119","3635924992","3635925247","3635925504","3635925759","3635926272","3635929087","3701398528","3701399551"],"ip2locationv6":["281470916707840","281470916708351","281470916711168","281470916711423","281471142232064","281471142232575","281471142233088","281471142233599","281471142233856","281471142234367","281471142234624","281471142235391","281471142235648","281471142236927","281471142237696","281471142238463","281471142238720","281471142239231","281471142239488","281471142240255","281471142240512","281471142240767","281471142241024","281471142241535","281471142242816","281471142243071","281471142243328","281471142243583","281471142244096","281471142245119","281471142245376","281471142247679","281471142247936","281471142248191","281471302461440","281471302461951","281471418031104","281471418032127","281471418309632","281471418309887","281471418310400","281471418310655","281471419386880","281471419387903","281471437677824","281471437678079","281471642786304","281471642786815","281471644123136","281471644127231","281471845540352","281471845540607","281471845540864","281471845541631","281471845541888","281471845543167","281471845543424","281471845543935","281471845552128","281471845554175","281471845555200","281471845556223","281472083281920","281472083283967","281472410792960","281472410793983","281472411099136","281472411100159","281472411849728","281472411850751","281472413100032","281472413101055","281472413442304","281472413442559","281472414194176","281472414194431","281472414464256","281472414464511","281472414777856","281472414778111","281472415335424","281472415335679","281472415335936","281472415336191","281472416563712","281472416563967","281472417033984","281472417034239","281472417614592","281472417614847","281472419062272","281472419062527","281472419232768","281472419233023","281472419802624","281472419802879","281472421076736","281472421076991","281472421154560","281472421154815","281472421768192","281472421768447","281472422333696","281472422333951","281472422749184","281472422750207","281472426078208","281472426079231","281472616660992","281472616669183","281472756875264","281472756875775","281472756876288","281472756876543","281472756877312","281472756878847","281472756879360","281472756880383","281472756880640","281472756880895","281472756881408","281472756881663","281472756882176","281472756882943","281472774946816","281472774947071","281472774947328","281472774948607","281472774948864","281472774949119","281472774949376","281472774950143","281472774950400","281472774951423","281472774951680","281472774954751","281473205388288","281473205389311","281473326733312","281473326733567","281473410043648","281473410043903","281473572135424","281473572135679","281473799626752","281473799627775","281474070855680","281474070856191","281474070857216","281474070857471","281474070857728","281474070858239","281474070858496","281474070859775","281474072162304","281474072166399","281474080788480","281474080788735","281474080788992","281474080790527","281474088654336","281474088654591","281474092892672","281474092893183","281474094340096","281474094340607","281474094341376","281474094341631","281474143316480","281474143316735","281474202124544","281474202125055","281474202125312","281474202126079","281474202126336","281474202126847","281474202127104","281474202127615","281474202127872","281474202129919","281474202130176","281474202132479","281474317668352","281474317668607","281474317668864","281474317669119","281474317669632","281474317672447","281474383141888","281474383142911","42540578165169707790964908754162679810","42540578165169707790964908754162679810","42540578165216821697666366634467524608","42540578165216821716113110708177076223","42540578165216822214175200698334969856","42540578165216822232621944772044521471","42540578165216827028775403936527941632","42540578165216827047222148010237493247","42540578165233769403976414326790553600","42540578165233769422423158400500105215","42540578165259137495553788218139738112","42540578165259137514000532291849289727","42540578165300310499199099421379788800","42540578165300310517645843495089340415","42540578174770998199870795851281465344","42540578174770998218317539924991016959","42540578233424410740279825895138525184","42540578233425619666099440524313231359","42540578233446171405032889220283236352","42540578233447380330852503849457942527","42540769421952768398948813506323939328","42540769421953977324768428135498645503","42540770590568165484347793011097206784","42540770590569374410167407640271912959","42540770857034758940525897183133696000","42540770857035967866345511812308402175","42540770857653728960168587320583258112","42540770857654937885988201949757964287","42540770882799386008152874154471718912","42540770882800594933972488783646425087","42540770891697080040516544880309174272","42540770891698288966336159509483880447","42540770953671453257240894892446580736","42540770953672662183060509521621286911","42540771086672636227963938176921239552","42540771086673845153783552806095945727","42540771158163673496694649052345663488","42540771158164882422514263681520369663","42540771193135479606506641818245922816","42540771193136688532326256447420628991","42540771277005917268091155442661588992","42540771277007126193910770071836295167","42540771313215663417188528483460972544","42540771313216872343008143112635678719","42540771450162780263133721394176589824","42540771450163989188953336023351295999","47856325178049661249668098183047151616","47856325178050870175487712812221857791","47856325179131649858223191294409179136","47856325179132858784042805923583885311","47860057140773584620991121756340092928","47860057220001747135255459349884043263","47876455468938136996528883109004836864","47876455548166299510793220702548787199","47884279429874582558523066770379505664","47884279429951953810978403037560700927","47884279438153306571244047358767398912","47884279438462791581065392427492179967","47884279467863867514093173956346380288","47884279468173352523914519025071161343","47887986018797812971164897121360936960","47887986177254137999693572308448837631","50543536577755313112471719714890973184","50543536577764984519028636748288622591","55838750775323872667120212099802857472","55838750775323872685566956173512409087","55838750775324504283637295914850189312","55838750775324504302084039988559740927","55838750775325081592939826728977563648","55838750775325081611386570802687115263","55838750775328708370398670616501682176","55838750775328708388845414690211233791","55838750775329339986915754431549014016","55838750775329340005362498505258565631","55838750775329917296218285245676388352","55838750775329917314665029319385939967","55838750775330548912735369060723720192","55838750775330548931182113134433271807","55838750775331126222037899874851094528","55838750775331126240484643948560646143","55838750775332335147857514504025800704","55838750775332335166304258577735352319","55838750775333544073677129133200506880","55838750775333544092123873206910058495","55838750775334175690194212948247838720","55838750775334175708640957021957390335","55838750775334752999496743762375213056","55838750775334753017943487836084764671","55849932188189925765633155532412944384","55849932188189925784079899606122495999","55849932188190029528568570148640784384","55849932188190034250935053018285998079","55849932188197179449678051823428042752","55849932188197179468124795897137594367","55849932188197297250585706532624662528","55849932188197301972952189402269876223","55849932188198388910453244590179745792","55849932188198388928899988663889297407","55849932188198553400070149858251505664","55849932188198558122436632727896719359","55849932208018273582642739254036267008","55849932208018349140506465168359686143","55849932208037616395756573320831565824","55849932208037691953620299235154984959","55849932208056959208870407387626864640","55849932208057034766734133301950283775","55849932208076302021984241454422163456","55849932208076377579847967368745582591","55849932208095644835098075521217462272","55849932208095720392961801435540881407","55849932208114987648211909588012761088","55849932208115063206075635502336180223","55849932208134330461325743654808059904","55849932208134406019189469569131479039","55849932208153673274439577721603358720","55849932208153748832303303635926777855","55878094338518982855129613705079160832","55878094338518982873576357778788712447","55878094338557668481357281838669758464","55878094338557668499804025912379310079","55878094338596354107584949972260356096","55878094338596354126031694045969907711","55878094338635039733812618105850953728","55878094338635039752259362179560505343","55878094415706478585884457251719086080","55878094415716149992441374285116735487","55878094494934641100148794845263036416","55878094494944312506705711878660685823","55878094553079137320333999631931277312","55878094553088808726890916665328926719","55878094558030897477475520731527774208","55878094558040568884032437764925423615","55878094653603737072929644767099224064","55878094653613408479486561800496873471","55878094732831899587193982360643174400","55878094732841570993750899394040823807"]}}},"northariatoll":{"name":"North Ari Atoll","cities":{"rasdhoo":{"name":"Rasdhoo","latitude":"4.262490","longitude":"72.992090","postcode":"00020","gmtOffset":18000,"gmtOffsetName":"UTC+05:00","ip2locationv4":["460489216","460489727","460495872","460496127","460497408","460497663","460498688","460498943","460501760","460502015","460504832","460505087","1163811072","1163811327","2075137536","2075137791","2075138304","2075138559","3520386560","3520386815"],"ip2locationv6":["281471142232576","281471142233087","281471142239232","281471142239487","281471142240768","281471142241023","281471142242048","281471142242303","281471142245120","281471142245375","281471142248192","281471142248447","281471845554432","281471845554687","281472756880896","281472756881151","281472756881664","281472756881919","281474202129920","281474202130175"]}}},"southmaalhosmadulu":{"name":"South Maalhosmadulu","cities":{"eydhafushi":{"name":"Eydhafushi","latitude":"5.103270","longitude":"73.070780","postcode":"-","gmtOffset":18000,"gmtOffsetName":"UTC+05:00","ip2locationv4":["460490240","460490495","460491008","460491263","1163797248","1163797503","2075132672","2075132927","2075137024","2075137279","2075137792","2075138047","2093211392","2093211647","3412598528","3412598783","3520380928","3520381183"],"ip2locationv6":["281471142233600","281471142233855","281471142234368","281471142234623","281471845540608","281471845540863","281472756876032","281472756876287","281472756880384","281472756880639","281472756881152","281472756881407","281472774954752","281472774955007","281474094341888","281474094342143","281474202124288","281474202124543"]}}},"hahdhunmathi":{"name":"Hahdhunmathi","cities":{"hithadhoo":{"name":"Hithadhoo","latitude":"-0.600000","longitude":"73.083330","postcode":"19020","gmtOffset":18000,"gmtOffsetName":"UTC+05:00","ip2locationv4":["460492032","460492287","460493824","460494335","460495104","460495359","460498944","460499455","460499712","460499967","2075133184","2075133439","2075135488","2075135743","2075139584","2075139839","2093205248","2093205503","2093205760","2093206015","3389114880","3389115135","3520381696","3520381951"],"ip2locationv6":["281471142235392","281471142235647","281471142237184","281471142237695","281471142238464","281471142238719","281471142242304","281471142242815","281471142243072","281471142243327","281472756876544","281472756876799","281472756878848","281472756879103","281472756882944","281472756883199","281472774948608","281472774948863","281472774949120","281472774949375","281474070858240","281474070858495","281474202125056","281474202125311"]}}},"felidhuatoll":{"name":"Felidhu Atoll","cities":{"felidhoo":{"name":"Felidhoo","latitude":"3.471820","longitude":"73.547000","postcode":"20196","gmtOffset":18000,"gmtOffsetName":"UTC+05:00","ip2locationv4":["460493568","460493823","460498432","460498687","460500480","460500735","1163798272","1163798527","2075132416","2075132671","3520382720","3520382975","3520383488","3520383743","3520384256","3520384511"],"ip2locationv6":["281471142236928","281471142237183","281471142241792","281471142242047","281471142243840","281471142244095","281471845541632","281471845541887","281472756875776","281472756876031","281474202126080","281474202126335","281474202126848","281474202127103","281474202127616","281474202127871"]}}},"fuvammulah":{"name":"Fuvammulah","cities":{"fuvahmulah":{"name":"Fuvahmulah","latitude":"-0.298780","longitude":"73.424000","postcode":"-","gmtOffset":18000,"gmtOffsetName":"UTC+05:00","ip2locationv4":["460496896","460497151","3389112832","3389113087"],"ip2locationv6":["281471142240256","281471142240511","281474070856192","281474070856447"]}}},"northhuvadhuatoll":{"name":"North Huvadhu Atoll","cities":{"viligili":{"name":"Viligili","latitude":"0.759060","longitude":"73.432960","postcode":"-","gmtOffset":18000,"gmtOffsetName":"UTC+05:00","ip2locationv4":["460498176","460498431","736566784","736567039","3399045376","3399045631"],"ip2locationv6":["281471142241536","281471142241791","281471418310144","281471418310399","281474080788736","281474080788991"]}}},"southhuvadhuatoll":{"name":"South Huvadhu Atoll","cities":{"thinadhoo":{"name":"Thinadhoo","latitude":"0.533330","longitude":"72.933330","postcode":"-","gmtOffset":18000,"gmtOffsetName":"UTC+05:00","ip2locationv4":["460500224","460500479","1733803008","1733803263"],"ip2locationv6":["281471142243584","281471142243839","281472415546368","281472415546623"]}}},"adducity":{"name":"Addu City","cities":{"meedhoo":{"name":"Meedhoo","latitude":"-0.583330","longitude":"73.233330","postcode":"19010","gmtOffset":18000,"gmtOffsetName":"UTC+05:00","ip2locationv4":["460504320","460504575"],"ip2locationv6":["281471142247680","281471142247935"]}}},"faadhippolhu":{"name":"Faadhippolhu","cities":{"naifaru":{"name":"Naifaru","latitude":"5.444380","longitude":"73.365710","postcode":"07020","gmtOffset":18000,"gmtOffsetName":"UTC+05:00","ip2locationv4":["736566528","736566783","1163811328","1163811839","2075138560","2075138815","2075139840","2075140095","3389113088","3389113343"],"ip2locationv6":["281471418309888","281471418310143","281471845554688","281471845555199","281472756881920","281472756882175","281472756883200","281472756883455","281474070856448","281474070856703"]}}},"southariatoll":{"name":"South Ari Atoll","cities":{"mahibadhoo":{"name":"Mahibadhoo","latitude":"3.783330","longitude":"72.966670","postcode":"00020","gmtOffset":18000,"gmtOffsetName":"UTC+05:00","ip2locationv4":["1163796480","1163796991","1735272448","1735272703","1735290368","1735290623","2093206784","2093207039","3389114112","3389114367","3412598272","3412598527"],"ip2locationv6":["281471845539840","281471845540351","281472417015808","281472417016063","281472417033728","281472417033983","281472774950144","281472774950399","281474070857472","281474070857727","281474094341632","281474094341887"]}}},"souththiladhunmathi":{"name":"South Thiladhunmathi","cities":{"kulhudhuffushi":{"name":"Kulhudhuffushi","latitude":"6.622070","longitude":"73.069980","postcode":"02110","gmtOffset":18000,"gmtOffsetName":"UTC+05:00","ip2locationv4":["1163799808","1163800063","2075135744","2075135999","3635925248","3635925503"],"ip2locationv6":["281471845543168","281471845543423","281472756879104","281472756879359","281474317668608","281474317668863"]}}},"northmaalhosmadulu":{"name":"North Maalhosmadulu","cities":{"ugoofaaru":{"name":"Ugoofaaru","latitude":"5.666670","longitude":"73.000000","postcode":"-","gmtOffset":18000,"gmtOffsetName":"UTC+05:00","ip2locationv4":["1163810816","1163811071","3412597248","3412597759","3635926016","3635926271"],"ip2locationv6":["281471845554176","281471845554431","281474094340608","281474094341119","281474317669376","281474317669631"]}}},"norththiladhunmathi":{"name":"North Thiladhunmathi","cities":{"dhidhdhoo":{"name":"Dhidhdhoo","latitude":"6.883330","longitude":"73.100000","postcode":"-","gmtOffset":18000,"gmtOffsetName":"UTC+05:00","ip2locationv4":["1735290112","1735290367"],"ip2locationv6":["281472417033472","281472417033727"]}}},"northmiladhunmadulu":{"name":"North Miladhunmadulu","cities":{"funadhoo":{"name":"Funadhoo","latitude":"6.150000","longitude":"73.266670","postcode":"-","gmtOffset":18000,"gmtOffsetName":"UTC+05:00","ip2locationv4":["2075133440","2075133695"],"ip2locationv6":["281472756876800","281472756877055"]}}},"northnilandheatoll":{"name":"North Nilandhe Atoll","cities":{"magoodhoo":{"name":"Magoodhoo","latitude":"3.079220","longitude":"72.964880","postcode":"-","gmtOffset":18000,"gmtOffsetName":"UTC+05:00","ip2locationv4":["2075133696","2075133951","2093203712","2093203967"],"ip2locationv6":["281472756877056","281472756877311","281472774947072","281472774947327"]}}},"southmiladhunmadulu":{"name":"South Miladhunmadulu","cities":{"manadhoo":{"name":"Manadhoo","latitude":"5.766670","longitude":"73.383330","postcode":"-","gmtOffset":18000,"gmtOffsetName":"UTC+05:00","ip2locationv4":["2093208064","2093208319","3389113344","3389113855","3412597760","3412598015"],"ip2locationv6":["281472774951424","281472774951679","281474070856704","281474070857215","281474094341120","281474094341375"]}}},"southnilandheatoll":{"name":"South Nilandhe Atoll","cities":{"kudahuvadhoo":{"name":"Kudahuvadhoo","latitude":"2.670750","longitude":"72.894370","postcode":"-","gmtOffset":18000,"gmtOffsetName":"UTC+05:00","ip2locationv4":["3635925760","3635926015"],"ip2locationv6":["281474317669120","281474317669375"]}}}}}