{"id":43,"name":"Chad","iso3":"TCD","iso2":"TD","numeric_code":"148","phone_code":"235","capital":"N\u0027Djamena","currency":"XAF","currency_name":"Central African CFA franc","currency_symbol":"FCFA","tld":".td","native":"Tchad","region":"Africa","region_id":"1","subregion":"Middle Africa","subregion_id":"2","nationality":"Chadian","timezones":[{"zoneName":"Africa/Ndjamena","gmtOffset":3600,"gmtOffsetName":"UTC+01:00","abbreviation":"WAT","tzName":"West Africa Time"}],"translations":{"kr":"\ucc28\ub4dc","pt-BR":"Chade","pt":"Chade","nl":"Tsjaad","hr":"\u010cad","fa":"\u0686\u0627\u062f","de":"Tschad","es":"Chad","fr":"Tchad","ja":"\u30c1\u30e3\u30c9","it":"Ciad","cn":"\u4e4d\u5f97","tr":"\u00c7ad"},"latitude":"15.00000000","longitude":"19.00000000","emoji":"\ud83c\uddf9\ud83c\udde9","emojiU":"U+1F1F9 U+1F1E9","states":{"bahrelgazel":{"id":3583,"name":"Bahr el Gazel","state_code":"BG","latitude":"14.77022660","longitude":"16.91225100","type":"province","cities":{"moussoro":{"id":105152,"name":"Moussoro","latitude":"13.64143000","longitude":"16.48941000"}}},"batha":{"id":3590,"name":"Batha","state_code":"BA","latitude":"13.93717750","longitude":"18.42760470","type":"province","cities":{"ati":{"id":105120,"name":"Ati","latitude":"13.21540000","longitude":"18.33530000"},"oumhadjer":{"id":105154,"name":"Oum Hadjer","latitude":"13.29540000","longitude":"19.69660000"}}},"borkou":{"id":3574,"name":"Borkou","state_code":"BO","latitude":"17.86888450","longitude":"18.80761950","type":"province","cities":{"faya-largeau":{"id":105133,"name":"Faya-Largeau","latitude":"17.92570000","longitude":"19.10428000"}}},"chari-baguirmi":{"id":5114,"name":"Chari-Baguirmi","state_code":"CB","latitude":"11.46186260","longitude":"15.24463940","type":"province","cities":{"baguirmidepartment":{"id":153256,"name":"Baguirmi Department","latitude":"11.39833333","longitude":"16.16750000"},"bousso":{"id":153257,"name":"Bousso","latitude":"10.479500","longitude":"16.711700","postcode":"-","gmtOffset":3600,"gmtOffsetName":"UTC+01:00","ip2locationv4":["2588504064","2588504319"],"ip2locationv6":["281473270247424","281473270247679"]},"charidepartment":{"id":153258,"name":"Chari Department","latitude":"12.05000000","longitude":"15.30000000"},"dababa":{"id":153259,"name":"Dababa","latitude":"12.38000000","longitude":"17.06000000"},"gaoui":{"id":153260,"name":"Gaoui","latitude":"12.18070000","longitude":"15.14760000"},"linia":{"id":153261,"name":"Linia","latitude":"12.05000000","longitude":"15.30000000"},"mandjafa":{"id":153262,"name":"Mandjafa","latitude":"11.19861111","longitude":"15.36111111"},"massenya":{"id":153263,"name":"Massenya","latitude":"11.40277778","longitude":"16.17000000"}}},"ennedi-est":{"id":3575,"name":"Ennedi-Est","state_code":"EE","latitude":"16.34204960","longitude":"23.00119890","type":"province"},"ennedi-ouest":{"id":3584,"name":"Ennedi-Ouest","state_code":"EO","latitude":"18.97756300","longitude":"21.85685860","type":"province","cities":{"fada":{"id":105132,"name":"Fada","latitude":"17.18535000","longitude":"21.58114000"}}},"gu\u00e9ra":{"id":3576,"name":"Gu\u00e9ra","state_code":"GR","latitude":"11.12190150","longitude":"18.42760470","type":"province","cities":{"bitkine":{"id":105124,"name":"Bitkine","latitude":"11.98010000","longitude":"18.21380000"},"melfi":{"id":105149,"name":"Melfi","latitude":"11.05980000","longitude":"17.93550000"},"mongo":{"id":105150,"name":"Mongo","latitude":"12.18441000","longitude":"18.69303000"}}},"hadjer-lamis":{"id":3573,"name":"Hadjer-Lamis","state_code":"HL","latitude":"12.45772730","longitude":"16.72346390","type":"province","cities":{"bokoro":{"id":105125,"name":"Bokoro","latitude":"12.37813000","longitude":"17.05876000"},"massaguet":{"id":105146,"name":"Massaguet","latitude":"12.47554000","longitude":"15.43647000"},"massakory":{"id":105147,"name":"Massakory","latitude":"12.99600000","longitude":"15.72927000"}}},"kanem":{"id":3588,"name":"Kanem","state_code":"KA","latitude":"14.87812620","longitude":"15.40680790","type":"province","cities":{"mao":{"id":105145,"name":"Mao","latitude":"14.12116000","longitude":"15.31030000"}}},"lac":{"id":3577,"name":"Lac","state_code":"LC","latitude":"13.69153770","longitude":"14.10013260","type":"province","cities":{"bol":{"id":105126,"name":"Bol","latitude":"13.458610","longitude":"14.714720","postcode":"-","gmtOffset":3600,"gmtOffsetName":"UTC+01:00","ip2locationv4":["2588516608","2588516863","2588517632","2588517887"],"ip2locationv6":["281473270259968","281473270260223","281473270260992","281473270261247"]}}},"logoneoccidental":{"id":3585,"name":"Logone Occidental","state_code":"LO","latitude":"8.75967600","longitude":"15.87600400","type":"province","cities":{"be\u00efnamar":{"id":105122,"name":"Be\u00efnamar","latitude":"8.66980000","longitude":"15.38130000"},"benoy":{"id":105121,"name":"Benoy","latitude":"8.98327000","longitude":"16.31991000"},"lacwey":{"id":105143,"name":"Lac Wey","latitude":"8.70502000","longitude":"15.98303000"},"moundou":{"id":105151,"name":"Moundou","latitude":"8.56667000","longitude":"16.08333000"}}},"logoneoriental":{"id":3591,"name":"Logone Oriental","state_code":"LR","latitude":"8.31499490","longitude":"16.34637910","type":"province","cities":{"b\u00e9b\u00e9dja":{"id":105129,"name":"B\u00e9b\u00e9dja","latitude":"8.67610000","longitude":"16.56600000"},"b\u00e9boto":{"id":105128,"name":"B\u00e9boto","latitude":"8.26681000","longitude":"16.93898000"},"doba":{"id":105131,"name":"Doba","latitude":"8.65000000","longitude":"16.85000000"}}},"mandoul":{"id":3589,"name":"Mandoul","state_code":"MA","latitude":"8.60309100","longitude":"17.47951730","type":"province","cities":{"goundi":{"id":105134,"name":"Goundi","latitude":"9.36267000","longitude":"17.36597000"},"koumra":{"id":105141,"name":"Koumra","latitude":"8.91256000","longitude":"17.55392000"},"mo\u00efssala":{"id":105153,"name":"Mo\u00efssala","latitude":"8.34040000","longitude":"17.76630000"}}},"mayo-kebbiest":{"id":3580,"name":"Mayo-Kebbi Est","state_code":"ME","latitude":"9.40460390","longitude":"14.84546190","type":"province","cities":{"bongor":{"id":105127,"name":"Bongor","latitude":"10.28056000","longitude":"15.37222000"},"gounougaya":{"id":105135,"name":"Gounou Gaya","latitude":"9.62940000","longitude":"15.51320000"},"guelendeng":{"id":105138,"name":"Guelendeng","latitude":"10.91762000","longitude":"15.55011000"}}},"mayo-kebbiouest":{"id":3571,"name":"Mayo-Kebbi Ouest","state_code":"MO","latitude":"10.41130140","longitude":"15.59433880","type":"province","cities":{"mboursoul\u00e9r\u00e9":{"id":105148,"name":"Mboursou L\u00e9r\u00e9","latitude":"9.76390000","longitude":"14.15390000"},"pala":{"id":105155,"name":"Pala","latitude":"9.36420000","longitude":"14.90460000"}}},"moyen-chari":{"id":3570,"name":"Moyen-Chari","state_code":"MC","latitude":"9.06399980","longitude":"18.42760470","type":"province","cities":{"kyab\u00e9":{"id":105142,"name":"Kyab\u00e9","latitude":"9.45149000","longitude":"18.94493000"},"sarh":{"id":105156,"name":"Sarh","latitude":"9.14290000","longitude":"18.39230000"}}},"n\u0027djamena":{"id":3586,"name":"N\u0027Djamena","state_code":"ND","latitude":"12.13484570","longitude":"15.05574150","type":"province","cities":{"n\u0027djamena":{"id":153264,"name":"N\u0027Djamena","latitude":"12.11000000","longitude":"15.05000000"}}},"ouadda\u00ef":{"id":3582,"name":"Ouadda\u00ef","state_code":"OD","latitude":"13.74847600","longitude":"20.71224650","type":"province","cities":{"ab\u00e9ch\u00e9":{"id":105116,"name":"Ab\u00e9ch\u00e9","latitude":"13.82916000","longitude":"20.83240000"},"adr\u00e9":{"id":105117,"name":"Adr\u00e9","latitude":"13.46648000","longitude":"22.19875000"},"gozb\u00e9\u00efda":{"id":105137,"name":"Goz B\u00e9\u00efda","latitude":"13.94563000","longitude":"20.54680000"}}},"salamat":{"id":3592,"name":"Salamat","state_code":"SA","latitude":"10.96916010","longitude":"20.71224650","type":"province","cities":{"amtiman":{"id":105118,"name":"Am Timan","latitude":"11.02970000","longitude":"20.28270000"}}},"sila":{"id":3572,"name":"Sila","state_code":"SI","latitude":"12.13074000","longitude":"21.28450250","type":"province","cities":{"gozbe\u00efda":{"id":105136,"name":"Goz Be\u00efda","latitude":"12.22484000","longitude":"21.41034000"},"rey":{"name":"Rey","latitude":"12.800000","longitude":"21.583300","postcode":"-","gmtOffset":3600,"gmtOffsetName":"UTC+01:00","ip2locationv4":["2588504832","2588505087"],"ip2locationv6":["281473270248192","281473270248447"]}}},"tandjil\u00e9":{"id":3579,"name":"Tandjil\u00e9","state_code":"TA","latitude":"9.66257290","longitude":"16.72346390","type":"province","cities":{"b\u00e9r\u00e9":{"id":105130,"name":"B\u00e9r\u00e9","latitude":"9.32020000","longitude":"16.15520000"},"kelo":{"id":105140,"name":"Kelo","latitude":"9.30859000","longitude":"15.80658000"},"la\u00ef":{"id":105144,"name":"La\u00ef","latitude":"9.39720000","longitude":"16.30066000"}}},"tibesti":{"id":3587,"name":"Tibesti","state_code":"TI","latitude":"21.36500310","longitude":"16.91225100","type":"province","cities":{"aozou":{"id":105119,"name":"Aozou","latitude":"21.83750000","longitude":"17.42750000"}}},"wadifira":{"id":3581,"name":"Wadi Fira","state_code":"WF","latitude":"15.08924160","longitude":"21.47528510","type":"province","cities":{"biltine":{"id":105123,"name":"Biltine","latitude":"14.52791000","longitude":"20.92749000"},"iriba":{"id":105139,"name":"Iriba","latitude":"15.11667000","longitude":"22.25000000"}}},"villedendjamena":{"name":"Ville de Ndjamena","cities":{"n\u0027djamena":{"name":"N\u0027Djamena","latitude":"12.106720","longitude":"15.044400","postcode":"-","gmtOffset":3600,"gmtOffsetName":"UTC+01:00","ip2locationv4":["702152960","702154751","703764736","703766527","760449536","760449791","961690112","961690623","1296474368","1296474623","1372022016","1372022271","1712804864","1712805887","1719875584","1719876607","1722086400","1722087167","1725131520","1725131775","1725233152","1725234175","1725591552","1725592575","1725719808","1725720063","1725744384","1725745151","1725902848","1725903871","1725939712","1725939967","2585664000","2585664255","2588180480","2588188671","2588504320","2588504831","2588516352","2588516607","2588516864","2588517119","2588517376","2588517631","2588517888","2588518143","2851043328","2851044351","2852100096","2852101119","3291569152","3291569407","3292293632","3292293887","3301605632","3301605887","3302959616","3302959871","3314909440","3314910207"],"ip2locationv6":["281471383896320","281471383898111","281471385508096","281471385509887","281471442192896","281471442193151","281471643433472","281471643433983","281471978217728","281471978217983","281472053765376","281472053765631","281472394548224","281472394549247","281472401618944","281472401619967","281472403829760","281472403830527","281472406874880","281472406875135","281472406976512","281472406977535","281472407334912","281472407335935","281472407463168","281472407463423","281472407487744","281472407488511","281472407646208","281472407647231","281472407683072","281472407683327","281473267407360","281473267407615","281473269923840","281473269932031","281473270247680","281473270248191","281473270259712","281473270259967","281473270260224","281473270260479","281473270260736","281473270260991","281473270261248","281473270261503","281473532786688","281473532787711","281473533843456","281473533844479","281473973312512","281473973312767","281473974036992","281473974037247","281473983348992","281473983349247","281473984702976","281473984703231","281473996652800","281473996653567","42540578165184217317323757960210415616","42540578165184217335770502033919967231","42540578165184254598193530927214231552","42540578165184254616640275000923783167","42540578165300266522161227697808736256","42540578165300266540607971771518287871","42540578174775846299361271900798976000","42540578174775846317808015974508527615","42541866739005689307232416269934264320","42541866739008107158871645528283676671","42541867138047923845629214256948838400","42541867138049132771448828886123544575","50541822699839794248640603777033830400","50541822699878479874868271910624428031","50543536581710918394250786374529581056","50543536581720589800807703407927230463","55838750790798123158187465536041910272","55838750790798123176634209609751461887","55838750790798766580620756525202276352","55838750790798766599067500598911827967","55838750790799332084007080165216616448","55838750790799332102453824238926168063","55838750790802958861465924052740734976","55838750790802958879912668126450286591","55838750790803602283899215041901101056","55838750790803602302345959115610652671","55838750790804167787285538681915441152","55838750790804167805732282755624992767","55838750790807794564744382569439559680","55838750790807794583191126643149111295","55838750790808437987177673558599925760","55838750790808438005624417632309477375","55838750790809003490563997198614265856","55838750790809003509010741272323817471","55838750790812630268022841086138384384","55838750790812630286469585159847935999","55838750790813273690456132075298750464","55838750790813273708902876149008302079","55838750790813839193842455715313090560","55838750790813839212289199789022642175","55849932188198389353175102359208984576","55849932188198389371621846432918536191","55849932188198619513200910033284497408","55849932188198624235567392902929711103","55849932188274552509914307314145296384","55849932188274552528361051387854847999","55849932188274791284569597410581413888","55849932188274796006936080280226627583","55849932188302357803765443785163538432","55849932188302357822212187858873090047","55849932188302596578420733881599655936","55849932188302601300787216751244869631","55849932188303567412114589141591654400","55849932188303567449008077289010757631","55849932188303918841035937382259490816","55849932188303923563402420251904704511","55849932208022807054466294113441415168","55849932208022882612330020027764834303","55849932208042149867580128180236713984","55849932208042225425443854094560133119","55849932208061492680693962247032012800","55849932208061568238557688161355431935","55849932208080835493807796313827311616","55849932208080911051671522228150730751","55849932208100178306921630380622610432","55849932208100253864785356294946029567","55849932208119521120035464447417909248","55849932208119596677899190361741328383","55849932208138863933149298514213208064","55849932208138939491013024428536627199","55849932208158206746263132581008506880","55849932208158282304126858495331926015","55878094347803533149769965766822592512","55878094347803533168216709840532144127","55878094347842218775997633900413190144","55878094347842218794444377974122741759","55878094347880904402225302034003787776","55878094347880904420672046107713339391","55878094347919590028452970167594385408","55878094347919590046899714241303937023","55878094419662083867663523911357693952","55878094419671755274220440944755343359","55878094498890246381927861504901644288","55878094498899917788484778538299293695","55878094553659421713749021635790241792","55878094553669093120305938669187891199","55878094558611181870890542735386738688","55878094558620853277447459768784388095","55878094657636713607164047693919027200","55878094657646385013720964727316676607","55878094736864876121428385287462977536","55878094736874547527985302320860626943","58564778270828302300107857328808656896","58564778270905673552563193595989852159","58565751825483451298368835323514847232","58565751904711613812633172917058797567","58568694676351881132924409920006127616","58568694755578834721369132884375371775","58568694755578834739815876958084923392","58568694755580043647188747513550077951","58568901303399718334316853882628603904","58568901382627880848581191476172554239"]}}},"bahrelghazal":{"name":"Bahr el Ghazal","cities":{"salal":{"name":"Salal","latitude":"14.843900","longitude":"17.225400","postcode":"-","gmtOffset":3600,"gmtOffsetName":"UTC+01:00","ip2locationv4":["703764480","703764735","1725744128","1725744383","1725939968","1725940735"],"ip2locationv6":["281471385507840","281471385508095","281472407487488","281472407487743","281472407683328","281472407684095","58568694755578834721369132884375371776","58568694755578834739815876958084923391"]},"moussoro":{"name":"Moussoro","latitude":"13.640840","longitude":"16.490070","postcode":"-","gmtOffset":3600,"gmtOffsetName":"UTC+01:00","ip2locationv4":["2588518144","2588518399"],"ip2locationv6":["281473270261504","281473270261759"]}}},"guera":{"name":"Guera","cities":{"mongo":{"name":"Mongo","latitude":"12.184410","longitude":"18.693030","postcode":"-","gmtOffset":3600,"gmtOffsetName":"UTC+01:00","ip2locationv4":["2588517120","2588517375"],"ip2locationv6":["281473270260480","281473270260735"]}}}}}