{"id":17,"name":"The Bahamas","iso3":"BHS","iso2":"BS","numeric_code":"044","phone_code":"+1-242","capital":"Nassau","currency":"BSD","currency_name":"Bahamian dollar","currency_symbol":"B$","tld":".bs","native":"Bahamas","region":"Americas","region_id":"2","subregion":"Caribbean","subregion_id":"7","nationality":"Bahamian","timezones":[{"zoneName":"America/Nassau","gmtOffset":-18000,"gmtOffsetName":"UTC-05:00","abbreviation":"EST","tzName":"Eastern Standard Time (North America)"}],"translations":{"kr":"\ubc14\ud558\ub9c8","pt-BR":"Bahamas","pt":"Baamas","nl":"Bahama\u2019s","hr":"Bahami","fa":"\u0628\u0627\u0647\u0627\u0645\u0627","de":"Bahamas","es":"Bahamas","fr":"Bahamas","ja":"\u30d0\u30cf\u30de","it":"Bahamas","cn":"\u5df4\u54c8\u9a6c","tr":"Bahamalar"},"latitude":"24.25000000","longitude":"-76.00000000","emoji":"\ud83c\udde7\ud83c\uddf8","emojiU":"U+1F1E7 U+1F1F8","states":{"acklins":{"id":3601,"name":"Acklins","state_code":"AK","latitude":"22.36577080","longitude":"-74.05351260","type":null},"acklinsandcrookedislands":{"id":3628,"name":"Acklins and Crooked Islands","state_code":"AC","latitude":"22.36577080","longitude":"-74.05351260","type":null},"berryislands":{"id":3593,"name":"Berry Islands","state_code":"BY","latitude":"25.62500420","longitude":"-77.82522030","type":null},"bimini":{"id":3629,"name":"Bimini","state_code":"BI","latitude":"24.64153250","longitude":"-79.85062260","type":null,"cities":{"alicetown":{"id":15686,"name":"Alice Town","latitude":"25.72800000","longitude":"-79.29721000"}}},"blackpoint":{"id":3605,"name":"Black Point","state_code":"BP","latitude":"41.39510240","longitude":"-71.46505560","type":null,"cities":{"blackpoint":{"name":"Black Point","latitude":"24.134404","longitude":"-76.414967","postcode":"-","gmtOffset":14400,"gmtOffsetName":"UTC-04:00","ip2locationv4":["1095451136","1095451391","1755717888","1755718143","3438040064","3438040319","3438041088","3438041343","3438045952","3438046207"],"ip2locationv6":["281471777194496","281471777194751","281472437461248","281472437461503","281474119783424","281474119783679","281474119784448","281474119784703","281474119789312","281474119789567"]}}},"catisland":{"id":3611,"name":"Cat Island","state_code":"CI","latitude":"30.22801360","longitude":"-89.10149330","type":null,"cities":{"arthur\u2019stown":{"id":15688,"name":"Arthur\u2019s Town","latitude":"24.62240000","longitude":"-75.67151000"}}},"centralabaco":{"id":3603,"name":"Central Abaco","state_code":"CO","latitude":"26.35550290","longitude":"-77.14851630","type":null,"cities":{"marshharbour":{"id":15699,"name":"Marsh Harbour","latitude":"26.541240","longitude":"-77.063600","postcode":"-","gmtOffset":14400,"gmtOffsetName":"UTC-04:00","ip2locationv4":["406016768","406017023","417808128","417808383","418687232","418687487","1083625472","1083625727","1083633152","1083633407","1095453696","1095454207","1157931776","1157932031","3345398784","3345399807"],"ip2locationv6":["281471087760128","281471087760383","281471099551488","281471099551743","281471100430592","281471100430847","281471765368832","281471765369087","281471765376512","281471765376767","281471777197056","281471777197567","281471839675136","281471839675391","281474027142144","281474027143167","55838750794357209072167766995675119616","55838750794357209090614511069384671231","55838750794366880478724684029072769024","55838750794366880497171428102782320639","55838750794371716182003142545771593728","55838750794371716200449886619481145343","55838750794376551885281601062470418432","55838750794376551903728345136179970047","55838750794381387588560059579169243136","55838750794381387607006803652878794751","55838750794386223291838518095868067840","55838750794386223310285262169577619455"]}}},"centralandros":{"id":3631,"name":"Central Andros","state_code":"CS","latitude":"24.46884820","longitude":"-77.97386500","type":null},"centraleleuthera":{"id":3596,"name":"Central Eleuthera","state_code":"CE","latitude":"25.13620370","longitude":"-76.14359150","type":null},"crookedisland":{"id":3621,"name":"Crooked Island","state_code":"CK","latitude":"22.63909820","longitude":"-74.00650900","type":null,"cities":{"colonelhill":{"id":15691,"name":"Colonel Hill","latitude":"22.75450000","longitude":"-74.20415000"}}},"eastgrandbahama":{"id":3614,"name":"East Grand Bahama","state_code":"EG","latitude":"26.65828230","longitude":"-78.22482910","type":null,"cities":{"highrock":{"id":15697,"name":"High Rock","latitude":"26.620830","longitude":"-78.283330","postcode":"-","gmtOffset":14400,"gmtOffsetName":"UTC-04:00","ip2locationv4":["1083635712","1083635967"],"ip2locationv6":["281471765379072","281471765379327"]}}},"exuma":{"id":3612,"name":"Exuma","state_code":"EX","latitude":"23.61925980","longitude":"-75.96954650","type":null,"cities":{"georgetown":{"id":15696,"name":"George Town","latitude":"23.51616000","longitude":"-75.78665000"}}},"freeport":{"id":3626,"name":"Freeport","state_code":"FP","latitude":"42.29668610","longitude":"-89.62122710","type":null,"cities":{"freeport":{"id":15695,"name":"Freeport","latitude":"26.53333000","longitude":"-78.70000000"},"lucaya":{"id":15698,"name":"Lucaya","latitude":"26.53333000","longitude":"-78.66667000"}}},"freshcreek":{"id":3619,"name":"Fresh Creek","state_code":"FC","latitude":"40.65437560","longitude":"-73.89479390","type":null},"governor\u0027sharbour":{"id":3597,"name":"Governor\u0027s Harbour","state_code":"GH","latitude":"25.19480960","longitude":"-76.24396220","type":null},"grandcay":{"id":3632,"name":"Grand Cay","state_code":"GC","latitude":"27.21626150","longitude":"-78.32305590","type":null},"greenturtlecay":{"id":3595,"name":"Green Turtle Cay","state_code":"GT","latitude":"26.77471070","longitude":"-77.32957080","type":null},"harbourisland":{"id":3613,"name":"Harbour Island","state_code":"HI","latitude":"25.50011000","longitude":"-76.63405110","type":null,"cities":{"dunmoretown":{"id":15694,"name":"Dunmore Town","latitude":"25.500000","longitude":"-76.650000","postcode":"-","gmtOffset":14400,"gmtOffsetName":"UTC-04:00","ip2locationv4":["418683648","418683903","1083632384","1083632639","1095452160","1095452415","1095463168","1095463423"],"ip2locationv6":["281471100427008","281471100427263","281471765375744","281471765375999","281471777195520","281471777195775","281471777206528","281471777206783"]}}},"highrock":{"id":3598,"name":"High Rock","state_code":"HR","latitude":"46.68434150","longitude":"-121.90174610","type":null},"hopetown":{"id":3624,"name":"Hope Town","state_code":"HT","latitude":"26.50095040","longitude":"-76.99598720","type":null},"inagua":{"id":3609,"name":"Inagua","state_code":"IN","latitude":"21.06560660","longitude":"-73.32370800","type":null,"cities":{"matthewtown":{"id":15700,"name":"Matthew Town","latitude":"20.94982000","longitude":"-73.67346000"}}},"kempsbay":{"id":3618,"name":"Kemps Bay","state_code":"KB","latitude":"24.02364000","longitude":"-77.54534900","type":null},"longisland":{"id":3610,"name":"Long Island","state_code":"LI","latitude":"40.78914200","longitude":"-73.13496100","type":null,"cities":{"clarencetown":{"id":15689,"name":"Clarence Town","latitude":"23.100000","longitude":"-74.983330","postcode":"-","gmtOffset":14400,"gmtOffsetName":"UTC-04:00","ip2locationv4":["406027776","406028031","1095456256","1095456511","1755718144","1755718655","3438039040","3438039295"],"ip2locationv6":["281471087771136","281471087771391","281471777199616","281471777199871","281472437461504","281472437462015","281474119782400","281474119782655"]}}},"mangrovecay":{"id":3625,"name":"Mangrove Cay","state_code":"MC","latitude":"24.14814250","longitude":"-77.76809520","type":null},"marshharbour":{"id":3604,"name":"Marsh Harbour","state_code":"MH","latitude":"26.52416530","longitude":"-77.09098090","type":null},"mayaguanadistrict":{"id":3633,"name":"Mayaguana District","state_code":"MG","latitude":"22.40177140","longitude":"-73.06413960","type":null,"cities":{"abraham\u2019sbay":{"id":15685,"name":"Abraham\u2019s Bay","latitude":"22.36667000","longitude":"-72.96667000"}}},"newprovidence":{"id":4881,"name":"New Providence","state_code":"NP","latitude":"40.69843480","longitude":"-74.40154050","type":null,"cities":{"nassau":{"id":143913,"name":"Nassau","latitude":"25.058341","longitude":"-77.343091","postcode":"-","gmtOffset":14400,"gmtOffsetName":"UTC-04:00","ip2locationv4":["398012416","398012671","398356480","398356735","406011904","406013695","406013952","406015999","406016256","406016767","406017536","406017791","406018048","406018559","406018816","406019327","406019584","406019839","406020096","406022143","406022400","406027775","406028032","406028287","416153600","416155647","416155904","416161279","416161536","416161791","417800704","417806335","417807104","417807615","418677760","418679551","418679808","418680831","418681856","418683647","418683904","418685951","418686208","418687231","418687488","418687743","418688000","418688767","418689024","418689535","418689792","418690559","418690816","418693119","761241600","761241855","961178112","961178623","1053135104","1053135359","1073049600","1073049855","1073050112","1073051391","1073051648","1073052671","1078067200","1078067711","1078067968","1078068735","1078068992","1078071295","1083621376","1083623679","1083623936","1083624191","1083624448","1083625471","1083625728","1083625983","1083626496","1083626751","1083627520","1083627775","1083628032","1083629311","1083629568","1083630079","1083630336","1083631103","1083631616","1083632383","1083632640","1083633151","1083633408","1083634175","1083634432","1083635711","1083635968","1083636223","1083636736","1083637759","1095450624","1095451135","1095451648","1095452159","1095452416","1095453695","1095454208","1095456255","1095456512","1095457023","1095457536","1095462399","1095462912","1095463167","1095463424","1095465727","1095465984","1095467007","1103548416","1103549695","1103549952","1103550463","1106469888","1106470911","1112867328","1112867583","1120737024","1120737279","1122148352","1122156543","1157931264","1157931775","1157932032","1157932543","1157932800","1157933055","1157933312","1157935103","1162812416","1162813439","1162835968","1162836223","1162836992","1162838015","1211321088","1211321343","1224503552","1224503807","1566322432","1566322687","1605758464","1605758719","1650537984","1650538239","1755717632","1755717887","1755718912","1755719167","1755719680","1755721727","1815929088","1815929599","1815929856","1815930111","1815930368","1815930879","1815931136","1815931647","1815931904","1815933183","1815933952","1815935231","1815935488","1815937023","2178992128","2178992383","2378257408","2378258431","2644996608","2644996863","2777452544","2777453567","2859848448","2859848703","2900478720","2900478975","2900490752","2900491007","2900528640","2900528895","3188671488","3188672511","3236373504","3236373759","3243554560","3243554815","3331427584","3331427839","3331430144","3331430399","3341207040","3341207551","3438034944","3438035199","3438035456","3438039039","3438039296","3438039807","3438040320","3438041087","3438041600","3438043135","3438043392","3438045951","3438046208","3438051327","3459252480","3459252735","3460453632","3460453887","3465154560","3465155583","3465155840","3465158655","3495370752","3495372799","3502545664","3502545919","3505818624","3505819647","3507782656","3507782911","3514715648","3514715903","3632857344","3632857855","3632858368","3632859647","3632859904","3632861183","3635767296","3635767807"],"ip2locationv6":["281471079755776","281471079756031","281471080099840","281471080100095","281471087755264","281471087757055","281471087757312","281471087759359","281471087759616","281471087760127","281471087760896","281471087761151","281471087761408","281471087761919","281471087762176","281471087762687","281471087762944","281471087763199","281471087763456","281471087765503","281471087765760","281471087771135","281471087771392","281471087771647","281471097896960","281471097899007","281471097899264","281471097904639","281471097904896","281471097905151","281471099544064","281471099549695","281471099550464","281471099550975","281471100421120","281471100422911","281471100423168","281471100424191","281471100425216","281471100427007","281471100427264","281471100429311","281471100429568","281471100430591","281471100430848","281471100431103","281471100431360","281471100432127","281471100432384","281471100432895","281471100433152","281471100433919","281471100434176","281471100436479","281471442984960","281471442985215","281471642921472","281471642921983","281471734878464","281471734878719","281471754792960","281471754793215","281471754793472","281471754794751","281471754795008","281471754796031","281471759810560","281471759811071","281471759811328","281471759812095","281471759812352","281471759814655","281471765364736","281471765367039","281471765367296","281471765367551","281471765367808","281471765368831","281471765369088","281471765369343","281471765369856","281471765370111","281471765370880","281471765371135","281471765371392","281471765372671","281471765372928","281471765373439","281471765373696","281471765374463","281471765374976","281471765375743","281471765376000","281471765376511","281471765376768","281471765377535","281471765377792","281471765379071","281471765379328","281471765379583","281471765380096","281471765381119","281471777193984","281471777194495","281471777195008","281471777195519","281471777195776","281471777197055","281471777197568","281471777199615","281471777199872","281471777200383","281471777200896","281471777205759","281471777206272","281471777206527","281471777206784","281471777209087","281471777209344","281471777210367","281471785291776","281471785293055","281471785293312","281471785293823","281471788213248","281471788214271","281471794610688","281471794610943","281471802480384","281471802480639","281471803891712","281471803899903","281471839674624","281471839675135","281471839675392","281471839675903","281471839676160","281471839676415","281471839676672","281471839678463","281471844555776","281471844556799","281471844579328","281471844579583","281471844580352","281471844581375","281471893064448","281471893064703","281471906246912","281471906247167","281472248065792","281472248066047","281472287501824","281472287502079","281472332281344","281472332281599","281472437460992","281472437461247","281472437462272","281472437462527","281472437463040","281472437465087","281472497672448","281472497672959","281472497673216","281472497673471","281472497673728","281472497674239","281472497674496","281472497675007","281472497675264","281472497676543","281472497677312","281472497678591","281472497678848","281472497680383","281472860735488","281472860735743","281473060000768","281473060001791","281473326739968","281473326740223","281473459195904","281473459196927","281473541591808","281473541592063","281473582222080","281473582222335","281473582234112","281473582234367","281473582272000","281473582272255","281473870414848","281473870415871","281473918116864","281473918117119","281473925297920","281473925298175","281474013170944","281474013171199","281474013173504","281474013173759","281474022950400","281474022950911","281474119778304","281474119778559","281474119778816","281474119782399","281474119782656","281474119783167","281474119783680","281474119784447","281474119784960","281474119786495","281474119786752","281474119789311","281474119789568","281474119794687","281474140995840","281474140996095","281474142196992","281474142197247","281474146897920","281474146898943","281474146899200","281474146902015","281474177114112","281474177116159","281474184289024","281474184289279","281474187561984","281474187563007","281474189526016","281474189526271","281474196459008","281474196459263","281474314600704","281474314601215","281474314601728","281474314603007","281474314603264","281474314604543","281474317510656","281474317511167","42540578165184255170042597212210331648","42540578165184255188489341285919883263","42540578165203520433044345404050636800","42540578165203520451491089477760188415","42540578165203523144715724239354724352","42540578165203523163162468313064275967","42540578165214430169530930559648268288","42540578165214430187977674633357819903","42540578165300251469618063550814617600","42540578165300251488064807624524169215","42540578165300297881626153004046483456","42540578165300297900072897077756035071","42540578174770974292890476323702571008","42540578174770974311337220397412122623","42540578174770992462933388927610912768","42540578174770992481380133001320464383","42540578174773413044690741094973964288","42540578174773413063137485168683515903","42540578174783059917078040094667964416","42540578174783059935524784168377516031","42540578174787955609168226314828644352","42540578174787955627614970388538195967","42540578207796392290269302020542300160","42540578207797601216088916649717006335","42540578230622120690413115468169609216","42540578230623329616232730097344315391","42540619686828309486747751673061441545","42540619686828309486747751673061441547","50521102391810450475496277912596774912","50521102391829793288610111979392073727","50521211509861127967316102294743810048","50521211510170612977137447363468591103","50526162690662331102857730138849673216","50526162695614091259999251238446170111","50538445677035332757066789015684907008","50538445677112704009522125282866102271","50538446336315774928987121666649751552","50538446336393146181442457933830946815","50541822695332918793117266213729206272","50541822695371604419344934347319803903","50543536560085653332984299697385504768","50543536560095324739541216730783154175","50547070765065357918755653606711492608","50547070844293520433019991200255442943","50547156965371455432614145357963591680","50547156965372664358433759987138297855","50549190276922132254377999778157953024","50549190276922207812241725692481372159","50549190276922358927969177521128210432","50549190276923341180197614407332659199","50549190277014010616668711595435622400","50549190277015219542488326224610328575","50552169889604775971523174095355117568","50552169968832938485787511688899067903","50593771013177765889906792152797544448","50593771092405928404171129746341494783","55838712767315980734108277567026888706","55838712767315980734108277567026888706","55838712767318398659506054147566731265","55838712767318398659506054147566731268","55838750794357200771132933826376892416","55838750794357200789579677900086444031","55838750794357209035274278848256016384","55838750794357209053721022921965567999","55838750794358409696952548455551598592","55838750794358409715399292529261150207","55838750794359618622772163084726304768","55838750794359618641218907158435856383","55838750794366872177689850859774541824","55838750794366872196136594933484093439","55838750794366880441831195881653665792","55838750794366880460277939955363217407","55838750794368081103509465488949248000","55838750794368081121956209562658799615","55838750794371707880968309376473366528","55838750794371707899415053450182918143","55838750794371716145109654398352490496","55838750794371716163556398472062042111","55838750794372916806787924005648072704","55838750794372916825234668079357624319","55838750794376543584246767893172191232","55838750794376543602693511966881742847","55838750794376551848388112915051315200","55838750794376551866834856988760866815","55838750794381379287525226409871015936","55838750794381379305971970483580567551","55838750794381387551666571431750139904","55838750794381387570113315505459691519","55838750794382588213344841039045722112","55838750794382588231791585112755273727","55838750794386214990803684926569840640","55838750794386215009250429000279392255","55838750794386223254945029948448964608","55838750794386223273391774022158516223","55838750794387423916623299555744546816","55838750794387423935070043629454098431","55849932188182672136928491462526500864","55849932188182672173821979609945604095","55849932188182761806551433764656906240","55849932188182766528917916634302119935","55849932188198388209476969789216784384","55849932188198388246370457936635887615","55849932188198482564572906813573300224","55849932188198487286939389683218513919","55849932188206850727107760340858830848","55849932188206850764001248488277934079","55849932188206959212409657826731884544","55849932188206963934776140696377098239","55849932208008979965404451792255713280","55849932208009055523268177706579132415","55849932208028322778518285859051012096","55849932208028398336382011773374431231","55849932208047665591632119925846310912","55849932208047741149495845840169730047","55849932208067008404745953992641609728","55849932208067083962609679906965028863","55849932208086351217859788059436908544","55849932208086426775723513973760327679","55849932208105694030973622126232207360","55849932208105769588837348040555626495","55849932208125036844087456193027506176","55849932208125112401951182107350925311","55849932208144379657201290259822804992","55849932208144455215065016174146224127","55874402837338183615955447743627919360","55874402837338183634402191817337470975","55878094319330912246206219444142735360","55878094319330912264652963517852286975","55878094319369597872433887577733332992","55878094319369597890880631651442884607","55878094319408283498661555711323930624","55878094319408283517108299785033482239","55878094319446969124889223844914528256","55878094319446969143335967918624079871","55878094398036818806397037234213617664","55878094398046490212953954267611267071","55878094477264981320661374827757568000","55878094477274652727218291861155217407","55878094551899225720390121557418049536","55878094551908897126947038590815698943","55878094556850985877531642657014546432","55878094556860657284088559690412195839","55878094635759991975417718148436066304","55878094635769663381974635181833715711","55878094714988154489682055741980016640","55878094714997825896238972775377666047","55881451173712967765933765882936295424","55881451174022452775755110951661076479","55882404246773477221178787847452229632","55882404246774686146998402476626935807","55909567469738356334895060795414020096","55909567469738356353341804869123571711","55909567469738359304820856662651830272","55909567469738359323267600736361381887","55909567518271889964854210355764658176","55909567518271889983300954429474209791","55909567532781418223718055995584282624","55909567532781418242164800069293834239","55909567612009580092346351009293926400","55909567612009580110793095083003478015"]}}},"nichollstownandberryislands":{"id":3594,"name":"Nichollstown and Berry Islands","state_code":"NB","latitude":"25.72362340","longitude":"-77.83101040","type":null},"northabaco":{"id":3616,"name":"North Abaco","state_code":"NO","latitude":"26.78716970","longitude":"-77.43577390","type":null,"cities":{"cooper\u2019stown":{"id":15692,"name":"Cooper\u2019s Town","latitude":"26.87137000","longitude":"-77.51131000"}}},"northandros":{"id":3617,"name":"North Andros","state_code":"NS","latitude":"24.70638050","longitude":"-78.01953870","type":null,"cities":{"androstown":{"id":15687,"name":"Andros Town","latitude":"24.700000","longitude":"-77.766670","postcode":"-","gmtOffset":14400,"gmtOffsetName":"UTC-04:00","ip2locationv4":["3632857088","3632857343"],"ip2locationv6":["281474314600448","281474314600703"]},"sanandros":{"id":15702,"name":"San Andros","latitude":"25.066670","longitude":"-78.050000","postcode":"-","gmtOffset":14400,"gmtOffsetName":"UTC-04:00","ip2locationv4":["416155648","416155903"],"ip2locationv6":["281471097899008","281471097899263"]}}},"northeleuthera":{"id":3602,"name":"North Eleuthera","state_code":"NE","latitude":"25.46475170","longitude":"-76.67592200","type":null,"cities":{"alicetown":{"name":"Alice Town","latitude":"25.346440","longitude":"-76.485310","postcode":"-","gmtOffset":14400,"gmtOffsetName":"UTC-04:00","ip2locationv4":["418689536","418689791","1815935232","1815935487"],"ip2locationv6":["281471100432896","281471100433151","281472497678592","281472497678847"]},"current":{"name":"Current","latitude":"25.456106","longitude":"-76.745140","postcode":"-","gmtOffset":14400,"gmtOffsetName":"UTC-04:00","ip2locationv4":["418690560","418690815","1083634176","1083634431","1815928832","1815929087"],"ip2locationv6":["281471100433920","281471100434175","281471765377536","281471765377791","281472497672192","281472497672447"]}}},"raggedisland":{"id":3615,"name":"Ragged Island","state_code":"RI","latitude":"41.59743100","longitude":"-71.26020200","type":null,"cities":{"duncantown":{"id":15693,"name":"Duncan Town","latitude":"22.19083000","longitude":"-75.72583000"}}},"rocksound":{"id":3623,"name":"Rock Sound","state_code":"RS","latitude":"39.01424430","longitude":"-95.67089890","type":null},"rumcaydistrict":{"id":3600,"name":"Rum Cay District","state_code":"RC","latitude":"23.68546760","longitude":"-74.83901620","type":null,"cities":{"portnelson":{"id":15701,"name":"Port Nelson","latitude":"23.64967000","longitude":"-74.84157000"}}},"sansalvadorandrumcay":{"id":3620,"name":"San Salvador and Rum Cay","state_code":"SR","latitude":"23.68546760","longitude":"-74.83901620","type":null},"sansalvadorisland":{"id":3627,"name":"San Salvador Island","state_code":"SS","latitude":"24.07755460","longitude":"-74.47600880","type":null,"cities":{"cockburntown":{"id":15690,"name":"Cockburn Town","latitude":"24.05179000","longitude":"-74.53138000"}}},"sandypoint":{"id":3606,"name":"Sandy Point","state_code":"SP","latitude":"39.01454640","longitude":"-76.39989250","type":null},"southabaco":{"id":3608,"name":"South Abaco","state_code":"SO","latitude":"26.06405910","longitude":"-77.26350380","type":null},"southandros":{"id":3622,"name":"South Andros","state_code":"SA","latitude":"23.97135560","longitude":"-77.60778650","type":null},"southeleuthera":{"id":3607,"name":"South Eleuthera","state_code":"SE","latitude":"24.77085620","longitude":"-76.21314740","type":null,"cities":{"rocksound":{"name":"Rock Sound","latitude":"24.900000","longitude":"-76.200000","postcode":"-","gmtOffset":14400,"gmtOffsetName":"UTC-04:00","ip2locationv4":["406013696","406013951","418685952","418686207","1073049856","1073050111","1078067712","1078067967","1095457280","1095457535","1157932544","1157932799"],"ip2locationv6":["281471087757056","281471087757311","281471100429312","281471100429567","281471754793216","281471754793471","281471759811072","281471759811327","281471777200640","281471777200895","281471839675904","281471839676159"]},"tarpumbay":{"name":"Tarpum Bay","latitude":"24.970000","longitude":"-76.181570","postcode":"-","gmtOffset":14400,"gmtOffsetName":"UTC-04:00","ip2locationv4":["1083629312","1083629567","1095451392","1095451647","3465155584","3465155839"],"ip2locationv6":["281471765372672","281471765372927","281471777194752","281471777195007","281474146898944","281474146899199"]}}},"spanishwells":{"id":3630,"name":"Spanish Wells","state_code":"SW","latitude":"26.32505990","longitude":"-81.79803280","type":null,"cities":{"spanishwells":{"id":15703,"name":"Spanish Wells","latitude":"25.54717000","longitude":"-76.76405000"}}},"westgrandbahama":{"id":3599,"name":"West Grand Bahama","state_code":"WG","latitude":"26.65944700","longitude":"-78.52065000","type":null,"cities":{"westend":{"id":15704,"name":"West End","latitude":"26.683330","longitude":"-78.966670","postcode":"-","gmtOffset":14400,"gmtOffsetName":"UTC-04:00","ip2locationv4":["406019328","406019583","406022144","406022399","1755719424","1755719679","3438041344","3438041599"],"ip2locationv6":["281471087762688","281471087762943","281471087765504","281471087765759","281472437462784","281472437463039","281474119784704","281474119784959"]}}},"cityoffreeport":{"name":"City of Freeport","cities":{"freeport":{"name":"Freeport","latitude":"26.533330","longitude":"-78.700000","postcode":"-","gmtOffset":14400,"gmtOffsetName":"UTC-04:00","ip2locationv4":["406016000","406016255","406017024","406017535","416161280","416161535","417800192","417800447","417806336","417807103","417807616","417808127","418676736","418677759","418679552","418679807","418680832","418681087","418681600","418681855","1073051392","1073051647","1083624192","1083624447","1083625984","1083626495","1083626752","1083627007","1083627264","1083627519","1083627776","1083628031","1083636224","1083636735","1095457024","1095457279","1095462656","1095462911","1095465728","1095465983","1157931008","1157931263","1755718656","1755718911","1755719168","1755719423","1815930112","1815930367","1815930880","1815931135","1815933696","1815933951","2714218240","2714218495","3438035200","3438035455","3632858112","3632858367"],"ip2locationv6":["281471087759360","281471087759615","281471087760384","281471087760895","281471097904640","281471097904895","281471099543552","281471099543807","281471099549696","281471099550463","281471099550976","281471099551487","281471100420096","281471100421119","281471100422912","281471100423167","281471100424192","281471100424447","281471100424960","281471100425215","281471754794752","281471754795007","281471765367552","281471765367807","281471765369344","281471765369855","281471765370112","281471765370367","281471765370624","281471765370879","281471765371136","281471765371391","281471765379584","281471765380095","281471777200384","281471777200639","281471777206016","281471777206271","281471777209088","281471777209343","281471839674368","281471839674623","281472437462016","281472437462271","281472437462528","281472437462783","281472497673472","281472497673727","281472497674240","281472497674495","281472497677056","281472497677311","281473395961600","281473395961855","281474119778560","281474119778815","281474314601472","281474314601727","55838750794357209053721022921965568000","55838750794357209072167766995675119615","55838750794366880460277939955363217408","55838750794366880478724684029072769023","55838750794371716163556398472062042112","55838750794371716182003142545771593727","55838750794376551866834856988760866816","55838750794376551885281601062470418431","55838750794381387570113315505459691520","55838750794381387588560059579169243135","55838750794386223273391774022158516224","55838750794386223291838518095868067839"]},"lucaya":{"name":"Lucaya","latitude":"26.533330","longitude":"-78.666670","postcode":"-","gmtOffset":14400,"gmtOffsetName":"UTC-04:00","ip2locationv4":["406017792","406018047","406018560","406018815","406019840","406020095","417800448","417800703","418681088","418681599","418688768","418689023","1078068736","1078068991","1083623680","1083623935","1083627008","1083627263","1083630080","1083630335","1083631104","1083631615","1095462400","1095462655","1157933056","1157933311","1815931648","1815931903","1815933184","1815933439","3438039808","3438040063","3632857856","3632858111","3632859648","3632859903"],"ip2locationv6":["281471087761152","281471087761407","281471087761920","281471087762175","281471087763200","281471087763455","281471099543808","281471099544063","281471100424448","281471100424959","281471100432128","281471100432383","281471759812096","281471759812351","281471765367040","281471765367295","281471765370368","281471765370623","281471765373440","281471765373695","281471765374464","281471765374975","281471777205760","281471777206015","281471839676416","281471839676671","281472497675008","281472497675263","281472497676544","281472497676799","281474119783168","281474119783423","281474314601216","281474314601471","281474314603008","281474314603263"]}}},"moore\u0027sisland":{"name":"Moore\u0027s Island","cities":{"thebight":{"name":"The Bight","latitude":"26.300000","longitude":"-77.550000","postcode":"-","gmtOffset":14400,"gmtOffsetName":"UTC-04:00","ip2locationv4":["1103549696","1103549951","1815929600","1815929855","3438043136","3438043391"],"ip2locationv6":["281471785293056","281471785293311","281472497672960","281472497673215","281474119786496","281474119786751"]}}},"sansalvador":{"name":"San Salvador","cities":{"cockburntown":{"name":"Cockburn Town","latitude":"24.051790","longitude":"-74.531380","postcode":"-","gmtOffset":14400,"gmtOffsetName":"UTC-04:00","ip2locationv4":["1815933440","1815933695"],"ip2locationv6":["281472497676800","281472497677055"]}}}}}