{"id":24,"name":"Benin","iso3":"BEN","iso2":"BJ","numeric_code":"204","phone_code":"229","capital":"Porto-Novo","currency":"XOF","currency_name":"West African CFA franc","currency_symbol":"CFA","tld":".bj","native":"B\u00e9nin","region":"Africa","region_id":"1","subregion":"Western Africa","subregion_id":"3","nationality":"Beninese, Beninois","timezones":[{"zoneName":"Africa/Porto-Novo","gmtOffset":3600,"gmtOffsetName":"UTC+01:00","abbreviation":"WAT","tzName":"West Africa Time"}],"translations":{"kr":"\ubca0\ub0c9","pt-BR":"Benin","pt":"Benim","nl":"Benin","hr":"Benin","fa":"\u0628\u0646\u06cc\u0646","de":"Benin","es":"Ben\u00edn","fr":"B\u00e9nin","ja":"\u30d9\u30ca\u30f3","it":"Benin","cn":"\u8d1d\u5b81","tr":"Benin"},"latitude":"9.50000000","longitude":"2.25000000","emoji":"\ud83c\udde7\ud83c\uddef","emojiU":"U+1F1E7 U+1F1EF","states":{"aliboridepartment":{"id":3077,"name":"Alibori Department","state_code":"AL","latitude":"10.96810930","longitude":"2.77798130","type":null,"cities":{"banikoara":{"id":9782,"name":"Banikoara","latitude":"11.29845000","longitude":"2.43856000"},"kandi":{"id":9800,"name":"Kandi","latitude":"11.13417000","longitude":"2.93861000"},"malanville":{"id":9803,"name":"Malanville","latitude":"11.86819000","longitude":"3.38327000"}}},"atakoradepartment":{"id":3076,"name":"Atakora Department","state_code":"AK","latitude":"10.79549310","longitude":"1.67606910","type":null,"cities":{"guilmaro":{"id":9797,"name":"Guilmaro","latitude":"10.56583000","longitude":"1.72444000"},"natitingou":{"id":9804,"name":"Natitingou","latitude":"10.30416000","longitude":"1.37962000"},"tanguieta":{"id":9813,"name":"Tanguieta","latitude":"11.03621000","longitude":"1.41757000"}}},"atlantiquedepartment":{"id":3079,"name":"Atlantique Department","state_code":"AQ","latitude":"6.65883910","longitude":"2.22366670","type":null,"cities":{"abomey-calavi":{"id":9780,"name":"Abomey-Calavi","latitude":"6.44852000","longitude":"2.35566000"},"allada":{"id":9781,"name":"Allada","latitude":"6.66547000","longitude":"2.15138000"},"h\u00e9vi\u00e9":{"id":9799,"name":"H\u00e9vi\u00e9","latitude":"6.41667000","longitude":"2.25000000"},"hinvi":{"id":9798,"name":"Hinvi","latitude":"6.76667000","longitude":"2.16667000"},"ouidah":{"id":9806,"name":"Ouidah","latitude":"6.36307000","longitude":"2.08506000"}}},"borgoudepartment":{"id":3078,"name":"Borgou Department","state_code":"BO","latitude":"9.53408640","longitude":"2.77798130","type":null,"cities":{"bemb\u00e8r\u00e8k\u00e8":{"id":9784,"name":"Bemb\u00e8r\u00e8k\u00e8","latitude":"10.22827000","longitude":"2.66335000"},"b\u00e9t\u00e9rou":{"id":9786,"name":"B\u00e9t\u00e9rou","latitude":"9.19916000","longitude":"2.25855000"},"nikki":{"id":9805,"name":"Nikki","latitude":"9.94009000","longitude":"3.21075000"},"parakou":{"id":9807,"name":"Parakou","latitude":"9.33716000","longitude":"2.63031000"},"tchaourou":{"id":9815,"name":"Tchaourou","latitude":"8.88649000","longitude":"2.59753000"}}},"collinesdepartment":{"id":3070,"name":"Collines Department","state_code":"CO","latitude":"8.30222970","longitude":"2.30244600","type":null,"cities":{"com\u00e9":{"id":9790,"name":"Com\u00e9","latitude":"6.40764000","longitude":"1.88198000"},"dassa-zoum\u00e9":{"id":9793,"name":"Dassa-Zoum\u00e9","latitude":"7.75000000","longitude":"2.18333000"},"savalou":{"id":9811,"name":"Savalou","latitude":"7.92807000","longitude":"1.97558000"},"sav\u00e9":{"id":9812,"name":"Sav\u00e9","latitude":"8.03424000","longitude":"2.48660000"}}},"dongadepartment":{"id":3072,"name":"Donga Department","state_code":"DO","latitude":"9.71918670","longitude":"1.67606910","type":null,"cities":{"bassila":{"id":9783,"name":"Bassila","latitude":"9.00814000","longitude":"1.66540000"},"communeofdjougou":{"id":9789,"name":"Commune of Djougou","latitude":"9.64300000","longitude":"1.89600000"},"djougou":{"id":9795,"name":"Djougou","latitude":"9.70853000","longitude":"1.66598000"}}},"kouffodepartment":{"id":3071,"name":"Kouffo Department","state_code":"KO","latitude":"7.00358940","longitude":"1.75388170","type":null,"cities":{"djakotomey":{"id":9794,"name":"Djakotomey","latitude":"6.90000000","longitude":"1.71667000"},"dogbo":{"id":9796,"name":"Dogbo","latitude":"6.79911000","longitude":"1.78073000"}}},"littoraldepartment":{"id":3081,"name":"Littoral Department","state_code":"LI","latitude":"6.38069730","longitude":"2.44063870","type":null,"cities":{"cotonou":{"id":9791,"name":"Cotonou","latitude":"6.36536000","longitude":"2.41833000"}}},"monodepartment":{"id":3075,"name":"Mono Department","state_code":"MO","latitude":"37.92186080","longitude":"-118.95286450","type":null,"cities":{"communeofathieme":{"id":9788,"name":"Commune of Athieme","latitude":"6.56924000","longitude":"1.70259000"},"lokossa":{"id":9802,"name":"Lokossa","latitude":"6.63869000","longitude":"1.71674000"}}},"ou\u00e9m\u00e9department":{"id":3080,"name":"Ou\u00e9m\u00e9 Department","state_code":"OU","latitude":"6.61481520","longitude":"2.49999180","type":null,"cities":{"porto-novo":{"id":9809,"name":"Porto-Novo","latitude":"6.49646000","longitude":"2.60359000"}}},"plateaudepartment":{"id":3074,"name":"Plateau Department","state_code":"PL","latitude":"7.34451410","longitude":"2.53960300","type":null,"cities":{"k\u00e9tou":{"id":9801,"name":"K\u00e9tou","latitude":"7.36332000","longitude":"2.59978000"},"pob\u00e9":{"id":9808,"name":"Pob\u00e9","latitude":"6.98008000","longitude":"2.66490000"},"sak\u00e9t\u00e9":{"id":9810,"name":"Sak\u00e9t\u00e9","latitude":"6.73618000","longitude":"2.65866000"}}},"zoudepartment":{"id":3073,"name":"Zou Department","state_code":"ZO","latitude":"7.34692680","longitude":"2.06651970","type":null,"cities":{"abomey":{"id":9779,"name":"Abomey","latitude":"7.18286000","longitude":"1.99119000"},"bohicon":{"id":9785,"name":"Bohicon","latitude":"7.17826000","longitude":"2.06670000"},"communeofagbangnizoun":{"id":9787,"name":"Commune of Agbangnizoun","latitude":"7.07600000","longitude":"1.96100000"},"cov\u00e9":{"id":9792,"name":"Cov\u00e9","latitude":"7.22097000","longitude":"2.34017000"}}},"oueme":{"name":"Oueme","cities":{"porto-novo":{"name":"Porto-Novo","latitude":"6.496460","longitude":"2.603590","postcode":"-","gmtOffset":3600,"gmtOffsetName":"UTC+01:00","ip2locationv4":["692715520","692716799","692717056","692718335","692718592","692719615","693566720","693567231","700404736","700405759","701189888","701190143","702033664","702033919","702543872","702544895","1425968384","1425968639","1489648640","1489648895","1725388800","1725389823","2178993408","2178993663","2592023552","2592024063","2592024320","2592025087","2592025856","2592026367","3291387904","3291388927","3291547648","3291547903","3319270144","3319270399","3519448576","3519449087"],"ip2locationv6":["281471374458880","281471374460159","281471374460416","281471374461695","281471374461952","281471374462975","281471375310080","281471375310591","281471382148096","281471382149119","281471382933248","281471382933503","281471383777024","281471383777279","281471384287232","281471384288255","281472107711744","281472107711999","281472171392000","281472171392255","281472407132160","281472407133183","281472860736768","281472860737023","281473273766912","281473273767423","281473273767680","281473273768447","281473273769216","281473273769727","281473973131264","281473973132287","281473973291008","281473973291263","281474001013504","281474001013759","281474201191936","281474201192447","42540578165300284563076931785750216704","42540578165300284581523675859459768319","42540578174785516322412383405980254208","42540578174785516340859127479689805823","42541866735388583254945445779213385728","42541866735391001106584675037562798079","50541822693911222029250462304274743296","50541822693930564842364296371070042111","50541822697634713553663520162369765376","50541822697654056366777354229165064191","55838750792114100930791565204222115840","55838750792114100949238309277931667455","55838750792116518782430794462571528192","55838750792116518800877538536281079807","55838750792118936634070023720920940544","55838750792118936652516767794630492159","55838750792128608040626940754318589952","55838750792128608059073684828028141567","55849932188200806024222710900147093504","55849932188200806042669454973856645119","55849932188200890971479170332632285184","55849932188200895693845653202277498879","55849932188204432857021787008799866880","55849932188204432875468531082509418495","55849932188204527193670979959446831104","55849932188204531916037462829092044799","55849932188211686301259010341590794240","55849932188211686319705754415300345855","55849932188211761859122736255914213376","55849932188211766581489219125559427071","55849932208008451060358370391991779328","55849932208008526618222096306315198463","55849932208027793873472204458787078144","55849932208027869431335930373110497279","55849932208047136686586038525582376960","55849932208047212244449764439905796095","55849932208066479499699872592377675776","55849932208066555057563598506701094911","55849932208085822312813706659172974592","55849932208085897870677432573496393727","55849932208105165125927540725968273408","55849932208105240683791266640291692543","55849932208124507939041374792763572224","55849932208124583496905100707086991359","55849932208143850752155208859558871040","55849932208143926310018934773882290175","55878094551831525874491702323634503680","55878094551841197281048619357032153087","55878094556783286031633223423231000576","55878094556792957438190140456628649983","58564656575364854108165942171945402368","58564656654593016622430279765489352703","58564778270905673552563193595989852160","58564778270983044805018529863171047423","58564778274928978680240679489412005888","58564778275006349932696015756593201151","58568642068851971661404247806823104512","58568642148080134175668585400367054847","58568682637384999082601236526023049216","58568682637694484092422581594747830271","58568773270703602392982678265701335040","58568773270704811318802292894876041215","58568934896140624382395993545263546368","58568934975368786896660331138807496703"]}}},"zou":{"name":"Zou","cities":{"bohicon":{"name":"Bohicon","latitude":"7.178260","longitude":"2.066700","postcode":"-","gmtOffset":3600,"gmtOffsetName":"UTC+01:00","ip2locationv4":["692716800","692717055"],"ip2locationv6":["281471374460160","281471374460415"]},"abomey":{"name":"Abomey","latitude":"7.182860","longitude":"1.991190","postcode":"-","gmtOffset":3600,"gmtOffsetName":"UTC+01:00","ip2locationv4":["693481472","693481727","1725337344","1725337599"],"ip2locationv6":["281471375224832","281471375225087","281472407080704","281472407080959","42541866734982384179554930376512110592","42541866734983593105374545005686816767"]}}},"littoral":{"name":"Littoral","cities":{"cotonou":{"name":"Cotonou","latitude":"6.365501","longitude":"2.418213","postcode":"-","gmtOffset":3600,"gmtOffsetName":"UTC+01:00","ip2locationv4":["692718336","692718591","693098496","693099519","693477376","693477887","693478144","693480703","693480960","693481471","693481728","693483007","693483264","693485567","693559296","693564671","693564928","693566719","693567232","693567487","696932352","696932863","702029824","702033663","702033920","702035967","702036224","702038015","702464000","702465023","769515520","769523711","961712640","961713151","1364975616","1364978175","1364978432","1364979711","1713799168","1713803519","1713804032","1713807359","1724993536","1724994559","1725363968","1725364223","1725390080","1725390335","1725398016","1725399039","1725401088","1725402111","1725880320","1725881087","2315190272","2315191551","2315192064","2315192831","2315193088","2315197183","2315197440","2315198463","2315198720","2315199487","2315199744","2315200511","2315200768","2315201535","2315202048","2315255807","2587958272","2587959295","2588049408","2588053503","2592022528","2592022783","2592023040","2592023295","2592024064","2592024319","2592025344","2592025855","2617299968","2617300223","2617300480","2617300991","2692190208","2692191231","2761985024","2761986047","3300924160","3300924415","3302959104","3302959359","3304822784","3304823807","3320502272","3320503039","3320503296","3320504319"],"ip2locationv6":["281471374461696","281471374461951","281471374841856","281471374842879","281471375220736","281471375221247","281471375221504","281471375224063","281471375224320","281471375224831","281471375225088","281471375226367","281471375226624","281471375228927","281471375302656","281471375308031","281471375308288","281471375310079","281471375310592","281471375310847","281471378675712","281471378676223","281471383773184","281471383777023","281471383777280","281471383779327","281471383779584","281471383781375","281471384207360","281471384208383","281471451258880","281471451267071","281471643456000","281471643456511","281472046718976","281472046721535","281472046721792","281472046723071","281472395542528","281472395546879","281472395547392","281472395550719","281472406736896","281472406737919","281472407107328","281472407107583","281472407133440","281472407133695","281472407141376","281472407142399","281472407144448","281472407145471","281472407623680","281472407624447","281472996933632","281472996934911","281472996935424","281472996936191","281472996936448","281472996940543","281472996940800","281472996941823","281472996942080","281472996942847","281472996943104","281472996943871","281472996944128","281472996944895","281472996945408","281472996999167","281473269701632","281473269702655","281473269792768","281473269796863","281473273765888","281473273766143","281473273766400","281473273766655","281473273767424","281473273767679","281473273768704","281473273769215","281473299043328","281473299043583","281473299043840","281473299044351","281473373933568","281473373934591","281473443728384","281473443729407","281473982667520","281473982667775","281473984702464","281473984702719","281473986566144","281473986567167","281474002245632","281474002246399","281474002246656","281474002247679","42541849618720487878927563884542820352","42541849697948650393191901478086770687","50543536556758689477404840208594108416","50543536556768360883961757241991757823","50676817341918790990129697580057100562","50676817341918790990129697580057100564","55838750792113434449928182078122229760","55838750792113434468374926151831781375","55838750792114100893898077056803012608","55838750792114100912344821130512564223","55838750792114643375747796707296935936","55838750792114643394194540781006487551","55838750792115852301567411336471642112","55838750792115852320014155410181193727","55838750792116518745537306315152424960","55838750792116518763984050388861976575","55838750792117061227387025965646348288","55838750792117061245833770039355899903","55838750792118270153206640594821054464","55838750792118270171653384668530606079","55838750792118936597176535573501837312","55838750792118936615623279647211388927","55838750792119479079026255223995760640","55838750792119479097472999297705312255","55838750792127941559763557628218703872","55838750792127941578210301701928255487","55838750792128608003733452606899486720","55838750792128608022180196680609038335","55838750792129150485583172257393410048","55838750792129150504029916331102961663","55878094318247714711831511703606001664","55878094318247714730278255777315553279","55878094318286400338059179837196599296","55878094318286400356505923910906150911","55878094318325085964286847970787196928","55878094318325085982733592044496748543","55878094318363771590514516104377794560","55878094318363771608961260178087346175","55878094394709854950817577745422221312","55878094394719526357374494778819870719","55878094473938017465081915338966171648","55878094473947688871638832372363821055","55878094632423356713281341626247020544","55878094632433028119838258659644669951","55878094711651519227545679219790970880","55878094711661190634102596253188620287","58566076344037109725095618479535423488","58566076423265272239359956073079373823","58568785947195097565441317682636914688","58568786026423260079705655276180865023","58568815103158902814717552106810638336","58568815182387065328981889700354588671","58568820807586603841749858841975062528","58568820886814766356014196435519012863","58568948206471926778804709260647202816","58568948285700089293069046854191153151","58568986235989933625686754161743364096","58568986315218096139951091755287314431"]}}},"atlantique":{"name":"Atlantique","cities":{"abomey-calavi":{"name":"Abomey-Calavi","latitude":"6.448520","longitude":"2.355660","postcode":"-","gmtOffset":3600,"gmtOffsetName":"UTC+01:00","ip2locationv4":["693477888","693478143","693480704","693480959","693483008","693483263","693564672","693564927","702035968","702036223","1364978176","1364978431","1713803520","1713804031","2315192832","2315193087","2315197184","2315197439","2315199488","2315199743","2315200512","2315200767","2315201536","2315202047","2592022784","2592023039","2592025088","2592025343","3300921344","3300924159","3300924416","3300925439","3320503040","3320503295"],"ip2locationv6":["281471375221248","281471375221503","281471375224064","281471375224319","281471375226368","281471375226623","281471375308032","281471375308287","281471383779328","281471383779583","281472046721536","281472046721791","281472395546880","281472395547391","281472996936192","281472996936447","281472996940544","281472996940799","281472996942848","281472996943103","281472996943872","281472996944127","281472996944896","281472996945407","281473273766144","281473273766399","281473273768448","281473273768703","281473982664704","281473982667519","281473982667776","281473982668799","281474002246400","281474002246655"]},"allada":{"name":"Allada","latitude":"6.665470","longitude":"2.151380","postcode":"-","gmtOffset":3600,"gmtOffsetName":"UTC+01:00","ip2locationv4":["2315191552","2315191807"],"ip2locationv6":["281472996934912","281472996935167"]},"ouidah":{"name":"Ouidah","latitude":"6.363070","longitude":"2.085060","postcode":"-","gmtOffset":3600,"gmtOffsetName":"UTC+01:00","ip2locationv4":["2315191808","2315192063","2315198464","2315198719","2592023296","2592023551","2592026368","2592026623"],"ip2locationv6":["281472996935168","281472996935423","281472996941824","281472996942079","281473273766656","281473273766911","281473273769728","281473273769983"]}}},"mono":{"name":"Mono","cities":{"grand-popo":{"name":"Grand-Popo","latitude":"6.280360","longitude":"1.822510","postcode":"-","gmtOffset":3600,"gmtOffsetName":"UTC+01:00","ip2locationv4":["696932864","696933375","2617300224","2617300479"],"ip2locationv6":["281471378676224","281471378676735","281473299043584","281473299043839"]}}},"atacora":{"name":"Atacora","cities":{"natitingou":{"name":"Natitingou","latitude":"10.304160","longitude":"1.379620","postcode":"-","gmtOffset":3600,"gmtOffsetName":"UTC+01:00","ip2locationv4":["1725881088","1725881343"],"ip2locationv6":["281472407624448","281472407624703"]}}},"collines":{"name":"Collines","cities":{"save":{"name":"Save","latitude":"8.042530","longitude":"2.485990","postcode":"-","gmtOffset":3600,"gmtOffsetName":"UTC+01:00","ip2locationv6":["50548693358181888517116541619151044609","50548693358181888517116541619151044609"]}}},"borgou":{"name":"Borgou","cities":{"beterou":{"name":"Beterou","latitude":"9.199160","longitude":"2.258550","postcode":"-","gmtOffset":3600,"gmtOffsetName":"UTC+01:00","ip2locationv6":["55827831898324025191439087881378856960","55827831898324100749302813795702276095"]},"de":{"name":"De","latitude":"9.862550","longitude":"3.264480","postcode":"-","gmtOffset":3600,"gmtOffsetName":"UTC+01:00","ip2locationv6":["55838750792114100912344821130512564224","55838750792114100930791565204222115839","55838750792116518763984050388861976576","55838750792116518782430794462571528191","55838750792118936615623279647211388928","55838750792118936634070023720920940543","55838750792128608022180196680609038336","55838750792128608040626940754318589951"]}}}}}