{"id":67,"name":"Equatorial Guinea","iso3":"GNQ","iso2":"GQ","numeric_code":"226","phone_code":"240","capital":"Malabo","currency":"XAF","currency_name":"Central African CFA franc","currency_symbol":"FCFA","tld":".gq","native":"Guinea Ecuatorial","region":"Africa","region_id":"1","subregion":"Middle Africa","subregion_id":"2","nationality":"Equatorial Guinean, Equatoguinean","timezones":[{"zoneName":"Africa/Malabo","gmtOffset":3600,"gmtOffsetName":"UTC+01:00","abbreviation":"WAT","tzName":"West Africa Time"}],"translations":{"kr":"\uc801\ub3c4 \uae30\ub2c8","pt-BR":"Guin\u00e9 Equatorial","pt":"Guin\u00e9 Equatorial","nl":"Equatoriaal-Guinea","hr":"Ekvatorijalna Gvineja","fa":"\u06af\u06cc\u0646\u0647 \u0627\u0633\u062a\u0648\u0627\u06cc\u06cc","de":"\u00c4quatorial-Guinea","es":"Guinea Ecuatorial","fr":"Guin\u00e9e-\u00c9quatoriale","ja":"\u8d64\u9053\u30ae\u30cb\u30a2","it":"Guinea Equatoriale","cn":"\u8d64\u9053\u51e0\u5185\u4e9a","tr":"Ekvator Ginesi"},"latitude":"2.00000000","longitude":"10.00000000","emoji":"\ud83c\uddec\ud83c\uddf6","emojiU":"U+1F1EC U+1F1F6","states":{"annob\u00f3nprovince":{"id":3444,"name":"Annob\u00f3n Province","state_code":"AN","latitude":"-1.42687820","longitude":"5.63528010","type":null,"cities":{"sanantoniodepal\u00e9":{"id":52397,"name":"San Antonio de Pal\u00e9","latitude":"-1.40680000","longitude":"5.63178000"}}},"biokonorteprovince":{"id":3446,"name":"Bioko Norte Province","state_code":"BN","latitude":"3.65950720","longitude":"8.79218360","type":null,"cities":{"malabo":{"id":52387,"name":"Malabo","latitude":"3.75578000","longitude":"8.78166000"},"rebola":{"id":52395,"name":"Rebola","latitude":"3.71667000","longitude":"8.83333000"},"santiagodebaney":{"id":52398,"name":"Santiago de Baney","latitude":"3.69920000","longitude":"8.90840000"}}},"biokosurprovince":{"id":3443,"name":"Bioko Sur Province","state_code":"BS","latitude":"3.42097850","longitude":"8.61606740","type":null,"cities":{"luba":{"id":52385,"name":"Luba","latitude":"3.45683000","longitude":"8.55465000"}}},"centrosurprovince":{"id":3445,"name":"Centro Sur Province","state_code":"CS","latitude":"1.34360840","longitude":"10.43965600","type":null,"cities":{"acurenam":{"id":52376,"name":"Acurenam","latitude":"1.03225000","longitude":"10.64882000"},"bicurga":{"id":52380,"name":"Bicurga","latitude":"1.58113000","longitude":"10.46716000"},"evinayong":{"id":52384,"name":"Evinayong","latitude":"1.43677000","longitude":"10.55124000"}}},"insularregion":{"id":3442,"name":"Insular Region","state_code":"I","latitude":"37.09024000","longitude":"-95.71289100","type":null},"ki\u00e9-ntemprovince":{"id":3439,"name":"Ki\u00e9-Ntem Province","state_code":"KN","latitude":"2.02809300","longitude":"11.07117580","type":null,"cities":{"ebebiyin":{"id":52383,"name":"Ebebiyin","latitude":"2.15106000","longitude":"11.33528000"},"mikomeseng":{"id":52390,"name":"Mikomeseng","latitude":"2.13609000","longitude":"10.61322000"},"ncue":{"id":52392,"name":"Ncue","latitude":"2.01643000","longitude":"10.47066000"},"nsang":{"id":52393,"name":"Nsang","latitude":"2.02475000","longitude":"10.94599000"}}},"litoralprovince":{"id":3441,"name":"Litoral Province","state_code":"LI","latitude":"1.57502440","longitude":"9.81249350","type":null,"cities":{"bata":{"id":52379,"name":"Bata","latitude":"1.86391000","longitude":"9.76582000"},"bitica":{"id":52381,"name":"Bitica","latitude":"1.42610000","longitude":"9.62316000"},"cogo":{"id":52382,"name":"Cogo","latitude":"1.08425000","longitude":"9.69300000"},"machinda":{"id":52386,"name":"Machinda","latitude":"1.88262000","longitude":"9.95133000"},"mbini":{"id":52388,"name":"Mbini","latitude":"1.58267000","longitude":"9.61478000"},"r\u00edocampo":{"id":52396,"name":"R\u00edo Campo","latitude":"2.33812000","longitude":"9.82212000"}}},"r\u00edomuni":{"id":3438,"name":"R\u00edo Muni","state_code":"C","latitude":"1.46106060","longitude":"9.67868940","type":null},"wele-nzasprovince":{"id":3440,"name":"Wele-Nzas Province","state_code":"WN","latitude":"1.41661620","longitude":"11.07117580","type":null,"cities":{"aconibe":{"id":52375,"name":"Aconibe","latitude":"1.29683000","longitude":"10.93691000"},"a\u00f1isoc":{"id":52378,"name":"A\u00f1isoc","latitude":"1.86580000","longitude":"10.76892000"},"ayene":{"id":52377,"name":"Ayene","latitude":"1.85592000","longitude":"10.68994000"},"mengomey\u00e9n":{"id":52389,"name":"Mengomey\u00e9n","latitude":"1.69439000","longitude":"11.03422000"},"mongomo":{"id":52391,"name":"Mongomo","latitude":"1.62742000","longitude":"11.31346000"},"nsok":{"id":52394,"name":"Nsok","latitude":"1.12985000","longitude":"11.26603000"}}},"biokonorte":{"name":"Bioko Norte","cities":{"malabo":{"name":"Malabo","latitude":"3.750000","longitude":"8.783330","postcode":"-","gmtOffset":3600,"gmtOffsetName":"UTC+01:00","ip2locationv4":["693055488","693055999","693056256","693056511","702443520","702445311","961690624","961691135","1425972992","1425973247","1607599360","1607599615","1722087424","1722088191","1725248512","1725249023","1725896704","1725897727","1777066240","1777066495","1777069312","1777069567","2588490240","2588490751","2761970688","2761971455","2851041280","2851042303","3254491392","3254491647","3254508032","3254508543","3254509056","3254509567","3304845312","3304846079","3314919424","3314920191","3319153152","3319156735"],"ip2locationv6":["281471374798848","281471374799359","281471374799616","281471374799871","281471384186880","281471384188671","281471643433984","281471643434495","281472107716352","281472107716607","281472289342720","281472289342975","281472403830784","281472403831551","281472406991872","281472406992383","281472407640064","281472407641087","281472458809600","281472458809855","281472458812672","281472458812927","281473270233600","281473270234111","281473443714048","281473443714815","281473532784640","281473532785663","281473936234752","281473936235007","281473936251392","281473936251903","281473936252416","281473936252927","281473986588672","281473986589439","281473996662784","281473996663551","281474000896512","281474000900095","42540578165318377092770937966556086272","42540578165318377111217682040265637887","42540578182936041735714067671884496896","42540578182937250661533682301059203071","42540680211044196406429021299024789504","42540680211044196406429021299024855039","50541822697035086347134664091715502080","50541822697073771973362332225306099711","55838750791262350672919483139129081856","55838750791262350691366227212838633471","55838750791263020677110984343753326592","55838750791263020695557728417462878207","55838750791263559598739097768303788032","55838750791263559617185841842013339647","55838750791272022079476400172526731264","55838750791272022097923144246236282879","55838750791272692083667901377150976000","55838750791272692102114645450860527615","55838750791273231005296014801701437440","55838750791273231023742758875410989055","55838750791276857782754858689225555968","55838750791276857801201602762935107583","55838750791277527786946359893849800704","55838750791277527805393103967559352319","55838750791278066708574473318400262144","55838750791278066727021217392109813759","55849932188200807075687123101591535616","55849932188200807094133867175301087231","55849932188200947639876964768374849536","55849932188200952362243447638020063231","55849932188211687297383190321906581504","55849932188211687315829934395616133119","55849932188211804360421082082721136640","55849932188211809082787564952366350335","55849932188221358021410576628050821120","55849932188221358039857320701760372735","55849932188221485211710964855409213440","55849932188221489934077447725054427135","55849932208013211205773102994367184896","55849932208013286763636828908690604031","55849932208032554018886937061162483712","55849932208032629576750662975485902847","55849932208051896832000771127957782528","55849932208051972389864497042281201663","55849932208071239645114605194753081344","55849932208071315202978331109076500479","55849932208090582458228439261548380160","55849932208090658016092165175871799295","55849932208109925271342273328343678976","55849932208110000829205999242667098111","55849932208129268084456107395138977792","55849932208129343642319833309462396927","55849932208148610897569941461934276608","55849932208148686455433667376257695743","55874402837338168120690425827604561920","55874402837338168157583913975023665151","55878094552440824487577475427686416384","55878094552450495894134392461084065791","55878094557392584644718996527282913280","55878094557402256051275913560680562687","58568814469333602700602851358459035648","58568814469334811626422465987633741823","58568814469336020552242080616808448000","58568814469337229478061695245983154175","58568951375598427349378213002405216256","58568951454826589863642550595949166591","58568961516803229175213424976030859264","58568961596031391689477762569574809599"]},"rebola":{"name":"Rebola","latitude":"3.716670","longitude":"8.833330","postcode":"-","gmtOffset":3600,"gmtOffsetName":"UTC+01:00","ip2locationv4":["1722088192","1722088447","2761971456","2761971711"],"ip2locationv6":["281472403831552","281472403831807","281473443714816","281473443715071"]}}},"litoral":{"name":"Litoral","cities":{"bata":{"name":"Bata","latitude":"1.863910","longitude":"9.765820","postcode":"-","gmtOffset":3600,"gmtOffsetName":"UTC+01:00","ip2locationv4":["693056000","693056255","1722088448","1722089471","1777065984","1777066239","1777066496","1777069311","1777069568","1777069823","2588489728","2588490239","3304846080","3304846335","3314920192","3314920447","3319152640","3319152895"],"ip2locationv6":["281471374799360","281471374799615","281472403831808","281472403832831","281472458809344","281472458809599","281472458809856","281472458812671","281472458812928","281472458813183","281473270233088","281473270233599","281473986589440","281473986589695","281473996663552","281473996663807","281474000896000","281474000896255","50543536572726181702874862348113281024","50543536572735853109431779381510930431","55838750791263020658664240270043774976","55838750791263020677110984343753326591","55838750791272692065221157303441424384","55838750791272692083667901377150975999","55838750791277527768499615820140249088","55838750791277527786946359893849800703","55878094328151235026114553902798995456","55878094328151235044561297976508547071","55878094328189920652342222036389593088","55878094328189920670788966110099144703","55878094328228606278569890169980190720","55878094328228606297016634243689742335","55878094328267291904797558303570788352","55878094328267291923244302377280339967","55878094410677347176287599884941393920","55878094410687018582844516918339043327","55878094489905509690551937478485344256","55878094489915181097108854511882993663","55878094648487563004320534099742687232","55878094648497234410877451133140336639","55878094727715725518584871693286637568","55878094727725396925141788726684286975","58568814469334811626422465987633741824","58568814469336020552242080616808447999"]}}},"wele-nzas":{"name":"Wele-Nzas","cities":{"mongomo":{"name":"Mongomo","latitude":"1.627420","longitude":"11.313460","postcode":"-","gmtOffset":3600,"gmtOffsetName":"UTC+01:00","ip2locationv4":["702445312","702445567"],"ip2locationv6":["281471384188672","281471384188927","55838750791263020695557728417462878208","55838750791263020714004472491172429823","55838750791272692102114645450860527616","55838750791272692120561389524570079231","55838750791277527805393103967559352320","55838750791277527823839848041268903935"]}}},"kie-ntem":{"name":"Kie-Ntem","cities":{"ncue":{"name":"Ncue","latitude":"2.016430","longitude":"10.470660","postcode":"-","gmtOffset":3600,"gmtOffsetName":"UTC+01:00","ip2locationv4":["1777069824","1777070079"],"ip2locationv6":["281472458813184","281472458813439"]}}},"centrosur":{"name":"Centro Sur","cities":{"evinayong":{"name":"Evinayong","latitude":"1.436770","longitude":"10.551240","postcode":"-","gmtOffset":3600,"gmtOffsetName":"UTC+01:00","ip2locationv4":["3319152896","3319153151"],"ip2locationv6":["281474000896256","281474000896511"]},"bicurga":{"name":"Bicurga","latitude":"1.581130","longitude":"10.467160","postcode":"-","gmtOffset":3600,"gmtOffsetName":"UTC+01:00","ip2locationv6":["55827831898325007443667524767583305728","55827831898325083001531250681906724863"]}}}}}