{"id":185,"name":"Saint Kitts and Nevis","iso3":"KNA","iso2":"KN","numeric_code":"659","phone_code":"+1-869","capital":"Basseterre","currency":"XCD","currency_name":"Eastern Caribbean dollar","currency_symbol":"$","tld":".kn","native":"Saint Kitts and Nevis","region":"Americas","region_id":"2","subregion":"Caribbean","subregion_id":"7","nationality":"Kittitian or Nevisian","timezones":[{"zoneName":"America/St_Kitts","gmtOffset":-14400,"gmtOffsetName":"UTC-04:00","abbreviation":"AST","tzName":"Atlantic Standard Time"}],"translations":{"kr":"\uc138\uc778\ud2b8\ud0a4\uce20 \ub124\ube44\uc2a4","pt-BR":"S\u00e3o Crist\u00f3v\u00e3o e Neves","pt":"S\u00e3o Crist\u00f3v\u00e3o e Neves","nl":"Saint Kitts en Nevis","hr":"Sveti Kristof i Nevis","fa":"\u0633\u0646\u062a \u06a9\u06cc\u062a\u0633 \u0648 \u0646\u0648\u06cc\u0633","de":"St. Kitts und Nevis","es":"San Crist\u00f3bal y Nieves","fr":"Saint-Christophe-et-Ni\u00e9v\u00e8s","ja":"\u30bb\u30f3\u30c8\u30af\u30ea\u30b9\u30c8\u30d5\u30a1\u30fc\u30fb\u30cd\u30a4\u30d3\u30b9","it":"Saint Kitts e Nevis","cn":"\u5723\u57fa\u8328\u548c\u5c3c\u7ef4\u65af","tr":"Saint Kitts Ve Nevis"},"latitude":"17.33333333","longitude":"-62.75000000","emoji":"\ud83c\uddf0\ud83c\uddf3","emojiU":"U+1F1F0 U+1F1F3","states":{"christchurchnicholatownparish":{"id":3833,"name":"Christ Church Nichola Town Parish","state_code":"01","latitude":"17.36048120","longitude":"-62.76178370","type":null,"cities":{"nicolatown":{"id":65176,"name":"Nicola Town","latitude":"17.37956000","longitude":"-62.75318000"}}},"nevis":{"id":3832,"name":"Nevis","state_code":"N","latitude":"17.15535580","longitude":"-62.57960260","type":null},"saintannesandypointparish":{"id":3836,"name":"Saint Anne Sandy Point Parish","state_code":"02","latitude":"17.37253330","longitude":"-62.84411330","type":null,"cities":{"sandypointtown":{"id":65178,"name":"Sandy Point Town","latitude":"17.35908000","longitude":"-62.84858000"}}},"saintgeorgegingerlandparish":{"id":3837,"name":"Saint George Gingerland Parish","state_code":"04","latitude":"17.12577590","longitude":"-62.56198110","type":null,"cities":{"marketshop":{"id":65172,"name":"Market Shop","latitude":"17.13218000","longitude":"-62.57267000"}}},"saintjameswindwardparish":{"id":3835,"name":"Saint James Windward Parish","state_code":"05","latitude":"17.17696330","longitude":"-62.57960260","type":null,"cities":{"newcastle":{"id":65175,"name":"Newcastle","latitude":"17.20000000","longitude":"-62.58333000"}}},"saintjohncapisterreparish":{"id":3845,"name":"Saint John Capisterre Parish","state_code":"06","latitude":"17.38103410","longitude":"-62.79118330","type":null,"cities":{"dieppebaytown":{"id":65170,"name":"Dieppe Bay Town","latitude":"17.41473000","longitude":"-62.81390000"}}},"saintjohnfigtreeparish":{"id":3840,"name":"Saint John Figtree Parish","state_code":"07","latitude":"17.11557480","longitude":"-62.60310040","type":null,"cities":{"figtree":{"id":65171,"name":"Fig Tree","latitude":"17.12623000","longitude":"-62.60265000"}}},"saintkitts":{"id":3841,"name":"Saint Kitts","state_code":"K","latitude":"17.34337960","longitude":"-62.75590430","type":null},"saintmarycayonparish":{"id":3844,"name":"Saint Mary Cayon Parish","state_code":"08","latitude":"17.34620710","longitude":"-62.73826710","type":null,"cities":{"cayon":{"id":65167,"name":"Cayon","latitude":"17.35000000","longitude":"-62.73333000"}}},"saintpaulcapisterreparish":{"id":3834,"name":"Saint Paul Capisterre Parish","state_code":"09","latitude":"17.40166830","longitude":"-62.82573320","type":null,"cities":{"saintpaul\u2019s":{"id":65177,"name":"Saint Paul\u2019s","latitude":"17.40605000","longitude":"-62.83562000"}}},"saintpaulcharlestownparish":{"id":3838,"name":"Saint Paul Charlestown Parish","state_code":"10","latitude":"17.13462970","longitude":"-62.61338160","type":null,"cities":{"charlestown":{"id":65168,"name":"Charlestown","latitude":"17.13333000","longitude":"-62.61667000"}}},"saintpeterbasseterreparish":{"id":3831,"name":"Saint Peter Basseterre Parish","state_code":"11","latitude":"17.31029110","longitude":"-62.71475330","type":null,"cities":{"monkeyhill":{"id":65174,"name":"Monkey Hill","latitude":"17.32327000","longitude":"-62.72914000"}}},"saintthomaslowlandparish":{"id":3839,"name":"Saint Thomas Lowland Parish","state_code":"12","latitude":"17.16505130","longitude":"-62.60897530","type":null,"cities":{"cottonground":{"id":65169,"name":"Cotton Ground","latitude":"17.16667000","longitude":"-62.61667000"}}},"saintthomasmiddleislandparish":{"id":3842,"name":"Saint Thomas Middle Island Parish","state_code":"13","latitude":"17.33488130","longitude":"-62.80882510","type":null,"cities":{"middleisland":{"id":65173,"name":"Middle Island","latitude":"17.32590000","longitude":"-62.81055000"}}},"trinitypalmettopointparish":{"id":3843,"name":"Trinity Palmetto Point Parish","state_code":"15","latitude":"17.30635190","longitude":"-62.76178370","type":null,"cities":{"trinity":{"id":65179,"name":"Trinity","latitude":"17.30037000","longitude":"-62.77584000"}}},"saintgeorgebasseterre":{"name":"Saint George Basseterre","cities":{"basseterre":{"name":"Basseterre","latitude":"17.294840","longitude":"-62.726100","postcode":"-","gmtOffset":14400,"gmtOffsetName":"UTC-04:00","ip2locationv4":["394514432","394514687","394864640","394864895","641297408","641298431","643293440","643293695","961178624","961179135","1161424384","1161424639","1161428224","1161428479","1280092160","1280092415","2507152896","2507153151","2644999168","2644999423","2900509440","2900509695","3423602688","3423603199","3423849216","3423849471","3453607936","3453608191","3453608448","3453608959","3453612544","3453613055","3495399424","3495399935","3510321920","3510322175","3510323456","3510323711","3510323968","3510324223","3510328320","3510328575","3637757184","3637757439"],"ip2locationv6":["281471076257792","281471076258047","281471076608000","281471076608255","281471323040768","281471323041791","281471325036800","281471325037055","281471642921984","281471642922495","281471843167744","281471843167999","281471843171584","281471843171839","281471961835520","281471961835775","281473188896256","281473188896511","281473326742528","281473326742783","281473582252800","281473582253055","281474105346048","281474105346559","281474105592576","281474105592831","281474135351296","281474135351551","281474135351808","281474135352319","281474135355904","281474135356415","281474177142784","281474177143295","281474192065280","281474192065535","281474192066816","281474192067071","281474192067328","281474192067583","281474192071680","281474192071935","281474319500544","281474319500799","42540578165174516100828417812177354752","42540578165174516119275161885886906367","42540578165174518351331194804742651904","42540578165174518369777938878452203519","42540578165214434965684389724131688448","42540578165214434984131133797841240063","42540578232341213205905118154601791488","42540578232342422131724732783776497663","42540589574049786810893430513779867648","42540589574049786829340174587489419263","50526148825733891106598651268658364416","50526148826043376116419996337383145471","50534708656218972854198342155438653440","50534708661170733011339863255035150335","50534708676026013482764426553824641024","50534708685929533797047468753017634815","50541822695487661298027938748091596800","50541822695526346924255606881682194431","50543536576991271994475274076476669952","50543536577000943401032191109874319359","50676825826616826995024808881583816704","50676825826618035920844423510758522879","55838750789637554371357421528323981312","55838750789637554389804165602033532927","55838750789638211370594350767714336768","55838750789638211389041094841423888383","55838750789638763297177036157498687488","55838750789638763315623780231208239103","55838750789647225777914338561721630720","55838750789647225796361082635431182335","55838750789647882777151267801111986176","55838750789647882795598011874821537791","55838750789648434703733953190896336896","55838750789648434722180697264605888511","55838750789652061481192797078420455424","55838750789652061499639541152130007039","55838750789652718480429726317810810880","55838750789652718498876470391520362495","55838750789653270407012411707595161600","55838750789653270425459155781304713215","55838750789656897184471255595119280128","55838750789656897202917999668828831743","55838750789657554183708184834509635584","55838750789657554202154928908219187199","55838750789658106110290870224293986304","55838750789658106128737614298003537919","55849932188186299098854776087146135552","55849932188186299117301520160855687167","55849932188186416918209174870052306944","55849932188186421640575657739697520639","55849932188206851206723106257307172864","55849932188206851225169850331016724479","55849932188207034770273383741055303680","55849932188207039492639866610700517375","55849932188222566725869262372710907904","55849932188222566744316006446420459519","55849932188222656358598716527422210048","55849932188222661080965199397067423743","55849932208015629057412332252716597248","55849932208015704615276058167040016383","55849932208034971870526166319511896064","55849932208035047428389892233835315199","55849932208054314683640000386307194880","55849932208054390241503726300630614015","55849932208073657496753834453102493696","55849932208073733054617560367425912831","55849932208093000309867668519897792512","55849932208093075867731394434221211647","55849932208112343122981502586693091328","55849932208112418680845228501016510463","55849932208131685936095336653488390144","55849932208131761493959062567811809279","55849932208151028749209170720283688960","55849932208151104307072896634607108095","55878094333102995183256075002395492352","55878094333102995201702819076105043967","55878094333141680809483743135986089984","55878094333141680827930487209695641599","55878094333180366435711411269576687616","55878094333180366454158155343286239231","55878094333219052061939079403167285248","55878094333219052080385823476876836863","55878094414942437467888011613304782848","55878094414952108874444928646702432255","55878094494170599982152349206848733184","55878094494180271388709266240246382591","55878094552750309497398820496411197440","55878094552759980903955737529808846847","55878094557702069654540341596007694336","55878094557711741061097258629405343743","55878094652830024548376282095287271424","55878094652839695954933199128684920831","55878094732058187062640619688831221760","55878094732067858469197536722228871167"]}}},"saintmarycayon":{"name":"Saint Mary Cayon","cities":{"dalzells":{"name":"Dalzells","latitude":"17.305800","longitude":"-62.691800","postcode":"-","gmtOffset":14400,"gmtOffsetName":"UTC-04:00","ip2locationv4":["1161428480","1161428991","1759162368","1759162879","3358739712","3358739967","3453608192","3453608447","3495010304","3495010559","3510332672","3510332927"],"ip2locationv6":["281471843171840","281471843172351","281472440905728","281472440906239","281474040483072","281474040483327","281474135351552","281474135351807","281474176753664","281474176753919","281474192076032","281474192076287"]},"cayon":{"name":"Cayon","latitude":"17.352326","longitude":"-62.733858","postcode":"-","gmtOffset":14400,"gmtOffsetName":"UTC-04:00","ip2locationv4":["3453405952","3453406207","3453409024","3453409535"],"ip2locationv6":["281474135149312","281474135149567","281474135152384","281474135152895"]}}},"saintthomasmiddleisland":{"name":"Saint Thomas Middle Island","cities":{"halfwaytree":{"name":"Half Way Tree","latitude":"17.332900","longitude":"-62.824700","postcode":"-","gmtOffset":14400,"gmtOffsetName":"UTC-04:00","ip2locationv4":["1280092416","1280092671"],"ip2locationv6":["281471961835776","281471961836031"]},"middleisland":{"name":"Middle Island","latitude":"17.311300","longitude":"-62.785000","postcode":"-","gmtOffset":14400,"gmtOffsetName":"UTC-04:00","ip2locationv4":["3494272768","3494273023"],"ip2locationv6":["281474176016128","281474176016383"]}}},"saintannesandypoint":{"name":"Saint Anne Sandy Point","cities":{"sandypointtown":{"name":"Sandy Point Town","latitude":"17.359100","longitude":"-62.848600","postcode":"-","gmtOffset":14400,"gmtOffsetName":"UTC-04:00","ip2locationv4":["1280092672","1280092927","3340084992","3340085247","3494272000","3494272255","3510333440","3510333695"],"ip2locationv6":["281471961836032","281471961836287","281474021828352","281474021828607","281474176015360","281474176015615","281474192076800","281474192077055"]},"figtree":{"name":"Fig Tree","latitude":"17.367300","longitude":"-62.857600","postcode":"-","gmtOffset":14400,"gmtOffsetName":"UTC-04:00","ip2locationv4":["3423603456","3423603711"],"ip2locationv6":["281474105346816","281474105347071"]}}},"saintjohnfigtree":{"name":"Saint John Figtree","cities":{"figtree":{"name":"Fig Tree","latitude":"17.121770","longitude":"-62.601035","postcode":"-","gmtOffset":14400,"gmtOffsetName":"UTC-04:00","ip2locationv4":["1280092928","1280093183"],"ip2locationv6":["281471961836288","281471961836543"]},"brumaire":{"name":"Brumaire","latitude":"17.300000","longitude":"-62.733300","postcode":"-","gmtOffset":14400,"gmtOffsetName":"UTC-04:00","ip2locationv4":["3494272512","3494272767","3495011072","3495011327"],"ip2locationv6":["281474176015872","281474176016127","281474176754432","281474176754687"]}}},"christchurchnicholatown":{"name":"Christ Church Nichola Town","cities":{"mansion":{"name":"Mansion","latitude":"17.382490","longitude":"-62.759579","postcode":"-","gmtOffset":14400,"gmtOffsetName":"UTC-04:00","ip2locationv4":["1280095232","1280095487","3340084224","3340084479","3495400192","3495400447","3510323200","3510323455"],"ip2locationv6":["281471961838592","281471961838847","281474021827584","281474021827839","281474177143552","281474177143807","281474192066560","281474192066815"]},"bourryau":{"name":"Bourryau","latitude":"17.339100","longitude":"-62.725200","postcode":"-","gmtOffset":14400,"gmtOffsetName":"UTC-04:00","ip2locationv4":["3423848448","3423848703","3423848960","3423849215"],"ip2locationv6":["281474105591808","281474105592063","281474105592320","281474105592575"]}}},"saintthomaslowland":{"name":"Saint Thomas Lowland","cities":{"cottonground":{"name":"Cotton Ground","latitude":"17.166700","longitude":"-62.616700","postcode":"-","gmtOffset":14400,"gmtOffsetName":"UTC-04:00","ip2locationv4":["1759162880","1759163391"],"ip2locationv6":["281472440906240","281472440906751"]}}},"saintjohncapisterre":{"name":"Saint John Capisterre","cities":{"tabernacle":{"name":"Tabernacle","latitude":"17.388089","longitude":"-62.774107","postcode":"-","gmtOffset":14400,"gmtOffsetName":"UTC-04:00","ip2locationv4":["3288442880","3288443135","3340084480","3340084991","3494272256","3494272511"],"ip2locationv6":["281473970186240","281473970186495","281474021827840","281474021828351","281474176015616","281474176015871"]},"sadlers":{"name":"Sadlers","latitude":"17.404500","longitude":"-62.793000","postcode":"-","gmtOffset":14400,"gmtOffsetName":"UTC-04:00","ip2locationv4":["3423603200","3423603455"],"ip2locationv6":["281474105346560","281474105346815"]},"lucas":{"name":"Lucas","latitude":"17.300000","longitude":"-62.700000","postcode":"-","gmtOffset":14400,"gmtOffsetName":"UTC-04:00","ip2locationv4":["3510333696","3510333951"],"ip2locationv6":["281474192077056","281474192077311"]}}},"saintpaulcharlestown":{"name":"Saint Paul Charlestown","cities":{"charlestown":{"name":"Charlestown","latitude":"17.133330","longitude":"-62.616670","postcode":"-","gmtOffset":14400,"gmtOffsetName":"UTC-04:00","ip2locationv4":["3332882432","3332890623","3427584768","3427585023","3483851776","3483852799"],"ip2locationv6":["281474014625792","281474014633983","281474109328128","281474109328383","281474165595136","281474165596159","50526101051151895005203082361656311808","50526101051461380015024427430381092863","50676819300196939882499999613400907776","50676819300198148808319614242575613951","55838750789638211389041094841423888384","55838750789638211407487838915133439999","55838750789647882795598011874821537792","55838750789647882814044755948531089407","55838750789652718498876470391520362496","55838750789652718517323214465229914111","55838750789657554202154928908219187200","55838750789657554220601672981928738815"]}}},"saintjameswindward":{"name":"Saint James Windward","cities":{"rawlins":{"name":"Rawlins","latitude":"17.186357","longitude":"-62.588414","postcode":"-","gmtOffset":14400,"gmtOffsetName":"UTC-04:00","ip2locationv4":["3423534592","3423534847"],"ip2locationv6":["281474105277952","281474105278207"]},"newcastle":{"name":"Newcastle","latitude":"17.200000","longitude":"-62.583300","postcode":"-","gmtOffset":14400,"gmtOffsetName":"UTC-04:00","ip2locationv4":["3453615360","3453615615"],"ip2locationv6":["281474135358720","281474135358975"]},"mannings":{"name":"Mannings","latitude":"17.145659","longitude":"-62.550234","postcode":"-","gmtOffset":14400,"gmtOffsetName":"UTC-04:00","ip2locationv4":["3510332416","3510332671"],"ip2locationv6":["281474192075776","281474192076031"]}}},"trinitypalmettopoint":{"name":"Trinity Palmetto Point","cities":{"challengers":{"name":"Challengers","latitude":"17.294700","longitude":"-62.751600","postcode":"-","gmtOffset":14400,"gmtOffsetName":"UTC-04:00","ip2locationv4":["3423848704","3423848959","3494438400","3494438655"],"ip2locationv6":["281474105592064","281474105592319","281474176181760","281474176182015"]},"boyd\u0027s":{"name":"Boyd\u0027s","latitude":"17.316900","longitude":"-62.711500","postcode":"-","gmtOffset":14400,"gmtOffsetName":"UTC-04:00","ip2locationv4":["3495399936","3495400191"],"ip2locationv6":["281474177143296","281474177143551"]}}},"saintpaulcapisterre":{"name":"Saint Paul Capisterre","cities":{"heldens":{"name":"Heldens","latitude":"17.405500","longitude":"-62.836800","postcode":"-","gmtOffset":14400,"gmtOffsetName":"UTC-04:00","ip2locationv4":["3495010560","3495011071","3510334976","3510335231"],"ip2locationv6":["281474176753920","281474176754431","281474192078336","281474192078591"]}}},"saintpeterbasseterre":{"name":"Saint Peter Basseterre","cities":{"canada":{"name":"Canada","latitude":"17.324877","longitude":"-62.708141","postcode":"-","gmtOffset":14400,"gmtOffsetName":"UTC-04:00","ip2locationv4":["3510323712","3510323967"],"ip2locationv6":["281474192067072","281474192067327"]}}}}}