{"id":100,"name":"Iceland","iso3":"ISL","iso2":"IS","numeric_code":"352","phone_code":"354","capital":"Reykjavik","currency":"ISK","currency_name":"Icelandic kr\u00f3na","currency_symbol":"kr","tld":".is","native":"\u00cdsland","region":"Europe","region_id":"4","subregion":"Northern Europe","subregion_id":"18","nationality":"Icelandic","timezones":[{"zoneName":"Atlantic/Reykjavik","gmtOffset":0,"gmtOffsetName":"UTC\u00b100","abbreviation":"GMT","tzName":"Greenwich Mean Time"}],"translations":{"kr":"\uc544\uc774\uc2ac\ub780\ub4dc","pt-BR":"Isl\u00e2ndia","pt":"Isl\u00e2ndia","nl":"IJsland","hr":"Island","fa":"\u0627\u06cc\u0633\u0644\u0646\u062f","de":"Island","es":"Islandia","fr":"Islande","ja":"\u30a2\u30a4\u30b9\u30e9\u30f3\u30c9","it":"Islanda","cn":"\u51b0\u5c9b","tr":"\u0130zlanda"},"latitude":"65.00000000","longitude":"-18.00000000","emoji":"\ud83c\uddee\ud83c\uddf8","emojiU":"U+1F1EE U+1F1F8","states":{"capitalregion":{"id":3431,"name":"Capital Region","state_code":"1","latitude":"38.56569570","longitude":"-92.18169490","type":null,"cities":{"\u00c1lftanes":{"id":135228,"name":"\u00c1lftanes","latitude":"64.10000000","longitude":"-22.01667000"},"gar\u00f0ab\u00e6r":{"id":135181,"name":"Gar\u00f0ab\u00e6r","latitude":"64.08865000","longitude":"-21.92298000"},"hafnarfj\u00f6r\u00f0ur":{"id":135186,"name":"Hafnarfj\u00f6r\u00f0ur","latitude":"64.06710000","longitude":"-21.93774000"},"kj\u00f3sarhreppur":{"id":135196,"name":"Kj\u00f3sarhreppur","latitude":"64.30644000","longitude":"-21.49919000"},"k\u00f3pavogur":{"id":135197,"name":"K\u00f3pavogur","latitude":"64.11234000","longitude":"-21.91298000"},"mosfellsbaer":{"id":135200,"name":"Mosfellsbaer","latitude":"64.15000000","longitude":"-21.65000000"},"mosfellsb\u00e6r":{"id":135201,"name":"Mosfellsb\u00e6r","latitude":"64.16667000","longitude":"-21.70000000"},"reykjav\u00edk":{"id":135206,"name":"Reykjav\u00edk","latitude":"64.13548000","longitude":"-21.89541000"},"seltjarnarnes":{"id":135211,"name":"Seltjarnarnes","latitude":"64.15309000","longitude":"-21.99499000"}}},"easternregion":{"id":3433,"name":"Eastern Region","state_code":"7","latitude":null,"longitude":null,"type":null,"cities":{"borgarfjar\u00f0arhreppur":{"id":135166,"name":"Borgarfjar\u00f0arhreppur","latitude":"65.43401000","longitude":"-13.82933000"},"brei\u00f0dalshreppur":{"id":135168,"name":"Brei\u00f0dalshreppur","latitude":"64.83333000","longitude":"-14.25000000"},"egilssta\u00f0ir":{"id":135172,"name":"Egilssta\u00f0ir","latitude":"65.26687000","longitude":"-14.39485000"},"eskifj\u00f6r\u00f0ur":{"id":135173,"name":"Eskifj\u00f6r\u00f0ur","latitude":"65.07306000","longitude":"-14.01525000"},"fjar\u00f0abygg\u00f0":{"id":135177,"name":"Fjar\u00f0abygg\u00f0","latitude":"65.08333000","longitude":"-14.00000000"},"flj\u00f3tsdalsh\u00e9ra\u00f0":{"id":135179,"name":"Flj\u00f3tsdalsh\u00e9ra\u00f0","latitude":"65.25020000","longitude":"-15.37211000"},"flj\u00f3tsdalshreppur":{"id":135178,"name":"Flj\u00f3tsdalshreppur","latitude":"64.85275000","longitude":"-15.25680000"},"h\u00f6fn":{"id":135191,"name":"H\u00f6fn","latitude":"64.25388000","longitude":"-15.21212000"},"neskaupsta\u00f0ur":{"id":135203,"name":"Neskaupsta\u00f0ur","latitude":"65.14819000","longitude":"-13.68368000"},"rey\u00f0arfj\u00f6r\u00f0ur":{"id":135207,"name":"Rey\u00f0arfj\u00f6r\u00f0ur","latitude":"65.03164000","longitude":"-14.21832000"}}},"northeasternregion":{"id":3437,"name":"Northeastern Region","state_code":"6","latitude":"43.29942850","longitude":"-74.21793260","type":null,"cities":{"akureyri":{"id":135163,"name":"Akureyri","latitude":"65.68353000","longitude":"-18.08780000"},"dalv\u00edk":{"id":135170,"name":"Dalv\u00edk","latitude":"65.97018000","longitude":"-18.52861000"},"dalv\u00edkurbygg\u00f0":{"id":135171,"name":"Dalv\u00edkurbygg\u00f0","latitude":"65.87318000","longitude":"-18.60844000"},"eyjafjar\u00f0arsveit":{"id":135175,"name":"Eyjafjar\u00f0arsveit","latitude":"65.33333000","longitude":"-18.16667000"},"fjallabygg\u00f0":{"id":135176,"name":"Fjallabygg\u00f0","latitude":"66.05962000","longitude":"-18.78220000"},"gr\u00fdtubakkahreppur":{"id":135185,"name":"Gr\u00fdtubakkahreppur","latitude":"65.98333000","longitude":"-18.11667000"},"h\u00f6rg\u00e1rsveit":{"id":135192,"name":"H\u00f6rg\u00e1rsveit","latitude":"65.64828000","longitude":"-18.49599000"},"h\u00fasav\u00edk":{"id":135194,"name":"H\u00fasav\u00edk","latitude":"66.04148000","longitude":"-17.33834000"},"langanesbygg\u00f0":{"id":135198,"name":"Langanesbygg\u00f0","latitude":"66.05186000","longitude":"-15.18969000"},"laugar":{"id":135199,"name":"Laugar","latitude":"65.72159000","longitude":"-17.37352000"},"siglufj\u00f6r\u00f0ur":{"id":135212,"name":"Siglufj\u00f6r\u00f0ur","latitude":"66.15198000","longitude":"-18.90815000"},"sk\u00fatusta\u00f0ahreppur":{"id":135217,"name":"Sk\u00fatusta\u00f0ahreppur","latitude":"65.17177000","longitude":"-16.77890000"},"svalbar\u00f0sstrandarhreppur":{"id":135221,"name":"Svalbar\u00f0sstrandarhreppur","latitude":"65.74138000","longitude":"-18.03513000"},"tj\u00f6rneshreppur":{"id":135223,"name":"Tj\u00f6rneshreppur","latitude":"66.11667000","longitude":"-17.20000000"},"\u00deingeyjarsveit":{"id":135233,"name":"\u00deingeyjarsveit","latitude":"65.37229000","longitude":"-17.59927000"}}},"northwesternregion":{"id":3435,"name":"Northwestern Region","state_code":"5","latitude":"41.91339320","longitude":"-73.04716880","type":null,"cities":{"akrahreppur":{"id":135161,"name":"Akrahreppur","latitude":"65.35505000","longitude":"-18.79572000"},"h\u00fana\u00feingvestra":{"id":135193,"name":"H\u00fana\u00feing Vestra","latitude":"65.25000000","longitude":"-20.91667000"},"sau\u00f0\u00e1rkr\u00f3kur":{"id":135209,"name":"Sau\u00f0\u00e1rkr\u00f3kur","latitude":"65.74611000","longitude":"-19.63944000"},"skagabygg\u00f0":{"id":135214,"name":"Skagabygg\u00f0","latitude":"65.95000000","longitude":"-20.25000000"},"sveitarf\u00e9lagi\u00f0skagafj\u00f6r\u00f0ur":{"id":135222,"name":"Sveitarf\u00e9lagi\u00f0 Skagafj\u00f6r\u00f0ur","latitude":"65.50018000","longitude":"-19.44566000"}}},"southernpeninsularegion":{"id":3430,"name":"Southern Peninsula Region","state_code":"2","latitude":"63.91548030","longitude":"-22.36496670","type":null,"cities":{"gar\u00f0ur":{"id":135182,"name":"Gar\u00f0ur","latitude":"64.06558000","longitude":"-22.64656000"},"grindav\u00edk":{"id":135183,"name":"Grindav\u00edk","latitude":"63.83849000","longitude":"-22.43931000"},"keflav\u00edk":{"id":135195,"name":"Keflav\u00edk","latitude":"64.00492000","longitude":"-22.56242000"},"reykjanesb\u00e6r":{"id":135205,"name":"Reykjanesb\u00e6r","latitude":"63.99813000","longitude":"-22.56111000"},"sandger\u00f0i":{"id":135208,"name":"Sandger\u00f0i","latitude":"64.03762000","longitude":"-22.70799000"},"vogar":{"id":135227,"name":"Vogar","latitude":"63.98160000","longitude":"-22.38473000"}}},"southernregion":{"id":3434,"name":"Southern Region","state_code":"8","latitude":null,"longitude":null,"type":null,"cities":{"\u00c1sahreppur":{"id":135229,"name":"\u00c1sahreppur","latitude":"63.87589000","longitude":"-20.59484000"},"bl\u00e1sk\u00f3gabygg\u00f0":{"id":135164,"name":"Bl\u00e1sk\u00f3gabygg\u00f0","latitude":"64.41667000","longitude":"-20.33333000"},"fl\u00f3ahreppur":{"id":135180,"name":"Fl\u00f3ahreppur","latitude":"63.89569000","longitude":"-20.80159000"},"gr\u00edmsnes-oggrafningshreppur":{"id":135184,"name":"Gr\u00edmsnes- og Grafningshreppur","latitude":"64.08533000","longitude":"-20.96710000"},"hrunamannahreppur":{"id":135188,"name":"Hrunamannahreppur","latitude":"64.40944000","longitude":"-19.72237000"},"hverager\u00f0i":{"id":135190,"name":"Hverager\u00f0i","latitude":"64.00039000","longitude":"-21.18602000"},"m\u00fdrdalshreppur":{"id":135202,"name":"M\u00fdrdalshreppur","latitude":"63.50000000","longitude":"-19.00000000"},"selfoss":{"id":135210,"name":"Selfoss","latitude":"63.93311000","longitude":"-20.99712000"},"skaft\u00e1rhreppur":{"id":135213,"name":"Skaft\u00e1rhreppur","latitude":"63.95948000","longitude":"-18.14491000"},"skei\u00f0a-oggn\u00fapverjahreppur":{"id":135215,"name":"Skei\u00f0a- og Gn\u00fapverjahreppur","latitude":"64.34738000","longitude":"-19.37757000"},"vestmannaeyjab\u00e6r":{"id":135225,"name":"Vestmannaeyjab\u00e6r","latitude":"63.43877000","longitude":"-20.26900000"},"vestmannaeyjar":{"id":135226,"name":"Vestmannaeyjar","latitude":"63.44273000","longitude":"-20.27339000"},"\u00deorl\u00e1ksh\u00f6fn":{"id":135234,"name":"\u00deorl\u00e1ksh\u00f6fn","latitude":"63.85591000","longitude":"-21.38337000"}}},"westernregion":{"id":3436,"name":"Western Region","state_code":"3","latitude":null,"longitude":null,"type":null,"cities":{"akranes":{"id":135162,"name":"Akranes","latitude":"64.32179000","longitude":"-22.07490000"},"borgarbygg\u00f0":{"id":135165,"name":"Borgarbygg\u00f0","latitude":"64.71446000","longitude":"-21.23788000"},"borgarnes":{"id":135167,"name":"Borgarnes","latitude":"64.53834000","longitude":"-21.92064000"},"dalabygg\u00f0":{"id":135169,"name":"Dalabygg\u00f0","latitude":"65.10121000","longitude":"-21.72871000"},"eyja-ogmiklaholtshreppur":{"id":135174,"name":"Eyja- og Miklaholtshreppur","latitude":"64.85846000","longitude":"-22.54557000"},"helgafellssveit":{"id":135187,"name":"Helgafellssveit","latitude":"64.99069000","longitude":"-22.78948000"},"hvalfjar\u00f0arsveit":{"id":135189,"name":"Hvalfjar\u00f0arsveit","latitude":"64.44265000","longitude":"-21.61086000"},"\u00d3lafsv\u00edk":{"id":135232,"name":"\u00d3lafsv\u00edk","latitude":"64.89429000","longitude":"-23.70918000"},"skorradalshreppur":{"id":135216,"name":"Skorradalshreppur","latitude":"64.51667000","longitude":"-21.50000000"},"sn\u00e6fellsb\u00e6r":{"id":135218,"name":"Sn\u00e6fellsb\u00e6r","latitude":"64.86667000","longitude":"-23.50000000"},"stykkish\u00f3lmur":{"id":135220,"name":"Stykkish\u00f3lmur","latitude":"65.07537000","longitude":"-22.72977000"}}},"westfjords":{"id":3432,"name":"Westfjords","state_code":"4","latitude":"65.91961500","longitude":"-21.88117640","type":null,"cities":{"\u00cdsafjar\u00f0arb\u00e6r":{"id":135230,"name":"\u00cdsafjar\u00f0arb\u00e6r","latitude":"66.07586000","longitude":"-23.12794000"},"\u00cdsafj\u00f6r\u00f0ur":{"id":135231,"name":"\u00cdsafj\u00f6r\u00f0ur","latitude":"66.07475000","longitude":"-23.13498000"},"reykh\u00f3lahreppur":{"id":135204,"name":"Reykh\u00f3lahreppur","latitude":"65.60990000","longitude":"-22.33324000"},"strandabygg\u00f0":{"id":135219,"name":"Strandabygg\u00f0","latitude":"65.77455000","longitude":"-21.95725000"},"t\u00e1lknafjar\u00f0arhreppur":{"id":135224,"name":"T\u00e1lknafjar\u00f0arhreppur","latitude":"65.61667000","longitude":"-23.88333000"}}},"hofudborgarsvaedi":{"name":"Hofudborgarsvaedi","cities":{"reykjavik":{"name":"Reykjavik","latitude":"64.135548","longitude":"-21.895985","postcode":"108","gmtOffset":0,"gmtOffsetName":"UTC+00:00","ip2locationv4":["37286656","37286911","85409792","85417983","94175232","94175487","94184960","94185215","136828160","136828415","533826048","533826303","533826560","533826815","533827328","533827583","533827584","533827839","533828352","533828607","533829376","533829887","533830144","533830655","533830912","533831679","533839872","533855231","533855488","533856255","630734848","630736895","630998016","630998271","634201344","634201599","635731968","635732223","760662272","760662527","761083648","761083903","763525376","763525631","764148736","764148991","765143552","765143807","773218560","773219327","773219840","773220607","773221120","773222399","773625856","773626879","783727360","783727871","783728128","783728639","787464192","787472127","787472384","787480575","961957888","961958911","1049722880","1049724927","1049724928","1049725439","1049725440","1049731071","1066218240","1066218495","1311307776","1311308799","1311309312","1311309823","1334239232","1334239487","1334240000","1334240255","1336631552","1336633343","1358434304","1358438399","1359937536","1359942655","1359944704","1359948287","1359948544","1359964671","1359965952","1359970303","1383088128","1383096063","1385447424","1385447935","1385448192","1385448447","1385448960","1385449471","1385449728","1385455615","1390215168","1390229247","1390229504","1390242303","1390242304","1390257151","1390257920","1390280703","1403846656","1403863039","1439023104","1439039231","1439039232","1439039487","1440481280","1440481791","1440482048","1440482815","1440483072","1440483327","1440484608","1440485119","1440485888","1440486143","1440486656","1440486911","1440487424","1440488447","1440489984","1440490239","1440490752","1440491007","1440491520","1440491775","1440492288","1440493055","1440493568","1440494335","1440494848","1440495103","1440495616","1440496383","1440496640","1440497919","1440498176","1440498943","1440499456","1440500479","1440500736","1440500991","1440502784","1440503807","1440504064","1440504319","1440504576","1440505343","1440505856","1440507391","1440507648","1440508671","1440509184","1440510463","1440510720","1440510975","1440511232","1440511487","1440512000","1440512511","1440512768","1440513023","1440513280","1440513535","1440513792","1440514047","1442780672","1442780927","1467553536","1467553791","1475158016","1475158527","1475159552","1475160063","1485260288","1485260543","1486159872","1486166527","1486167552","1486175231","1486175488","1486175999","1486176512","1486176767","1486177024","1486177279","1486177792","1486178047","1486178304","1486180863","1486181120","1486181887","1486182144","1486185983","1486186240","1486187263","1486187520","1486190591","1486190848","1486192639","1494319104","1494319615","1494320384","1494323455","1494323712","1494324479","1494324736","1494325759","1494326272","1494326527","1500020736","1500028927","1502833664","1502834687","1503690752","1503696639","1503696896","1503702527","1503702784","1503703551","1503703808","1503704319","1503704576","1503706623","1503707648","1503708415","1503708672","1503709695","1503710464","1503710975","1503711488","1503714559","1503715072","1503720703","1503720960","1503723519","1507713024","1507713279","1539481856","1539482111","1540363776","1540364031","1541172736","1541172991","1541179904","1541180159","1542129152","1542129407","1546371072","1546373119","1566525440","1566527487","1566564352","1566565887","1566566144","1566566399","1586403328","1586405375","1586487296","1586487551","1590046720","1590047231","1604612864","1604613119","1842278400","1842278655","2156718080","2156720127","2194669568","2194681855","2194682368","2194719743","2194720000","2194725375","2194725888","2194726911","2194728192","2194728959","2194730240","2194730495","2194731008","2194735103","2468089856","2468093951","2508083712","2508083967","2508084224","2508084991","2508084992","2508085247","2509222656","2509222911","2572976128","2572976639","2572977152","2572979711","2572979968","2572980735","2572980992","2572981759","2572982016","2572983551","2572983808","2572984319","2598227456","2598228223","2640380160","2640380671","2640380928","2640382975","2640383488","2640383743","2640384000","2640386303","2640386560","2640388095","2644312064","2644316671","2644316928","2644319231","2644319744","2644319999","2644320256","2644321791","2644322304","2644323071","2644323328","2644323583","2644324096","2644326143","2644326400","2644326655","2644327168","2644328703","2644328960","2644329215","2644329472","2644331007","2644331264","2644331775","2644332032","2644333311","2644333824","2644335615","2644335872","2644336127","2644336384","2644336895","2644337152","2644337407","2644337920","2644338175","2644338432","2644338687","2644338944","2644339199","2644339712","2644340991","2644341504","2644344319","2644344576","2644348159","2644348416","2644350719","2644350976","2644351231","2644351488","2644352255","2644352512","2644353023","2644353536","2644354047","2644354304","2644355071","2644355328","2644356607","2644357632","2644358399","2644358656","2644359423","2644359680","2644360191","2644360704","2644362239","2644362496","2644362751","2644363008","2644365311","2644365568","2644366591","2644367104","2644369151","2644369408","2644369919","2644370176","2644370431","2644370688","2644370943","2644371200","2644371455","2644371968","2644372223","2644372480","2644373503","2644374016","2644374271","2644374528","2644376319","2644376832","2644377343","2644978432","2644978687","2645869056","2645869311","2685720064","2685720575","2698117120","2698182655","2709253120","2709253375","2785098752","2785099007","2890240000","2890240255","2953453568","2953455615","2956582912","2956587007","2987602176","2987603455","2987605248","2987605503","3002601472","3002603519","3103901696","3103901951","3104457728","3104457983","3105165312","3105166335","3105357824","3105358847","3105487872","3105488895","3105563648","3105564671","3105735680","3105736703","3105798144","3105799167","3106437376","3106437887","3106729984","3106731007","3107458048","3107458559","3107863552","3107864575","3108221952","3108222975","3109919744","3109920767","3110953984","3110955007","3111068672","3111068927","3111161856","3111162879","3112057856","3112058879","3112307712","3112308735","3112872960","3112873983","3113412864","3113413631","3113453568","3113454591","3113776128","3113777151","3114013696","3114014719","3114245632","3114245887","3114641920","3114642175","3114908672","3114909695","3115418624","3115419647","3115535872","3115536383","3115543552","3115544575","3116362496","3116362751","3116797952","3116798975","3118175232","3118176255","3118327808","3118328831","3119137792","3119138047","3119284736","3119284991","3119885312","3119886335","3119955456","3119955967","3120030208","3120030719","3120068608","3120069631","3169904384","3169904639","3230867968","3230868223","3238264832","3238265855","3238266112","3238279679","3238279680","3238280191","3238280192","3238285311","3238285568","3238286847","3238287360","3238289919","3238289920","3238294783","3238294784","3238308607","3238308864","3238323199","3238323456","3238326783","3238327040","3238327295","3238327552","3238329599","3238329856","3238330367","3245036544","3245037567","3253976064","3253976319","3258782720","3258783743","3261718528","3261722111","3261722624","3261725183","3261725440","3261726719","3264217088","3264217855","3264218624","3264219391","3264219648","3264220159","3264220416","3264221439","3264221696","3264223487","3264223744","3264224255","3264224512","3264230911","3264231168","3264231935","3264232192","3264233983","3264234240","3264236031","3264236288","3264238591","3264238848","3264239359","3264239872","3264240383","3264240640","3264244223","3264244480","3264244735","3264244992","3264246015","3264246272","3264248063","3264248064","3264253695","3264253952","3264256255","3264256512","3264257535","3264258048","3264258815","3264258816","3264265215","3264265472","3264265727","3264265984","3264269311","3264269568","3264275711","3264275968","3264276735","3264276992","3264278015","3264278272","3264280831","3264280832","3264282623","3271013888","3271014399","3280126208","3280126463","3280130816","3280131071","3282191360","3282191615","3285498880","3285499391","3287737856","3287738367","3558785280","3558788095","3558788352","3558789631","3558789888","3558790399","3558790656","3558792191","3558792704","3558793215","3558793216","3558801407","3559799808","3559800063","3565084672","3565092863","3565494272","3565494527","3580718080","3580718335","3584524288","3584527103","3584527360","3584529663","3584529920","3584531967","3584532224","3584532479","3585114112","3585119231","3585119232","3585122303","3585433600","3585433855","3585434368","3585437951","3585438464","3585438975","3585439232","3585439743","3585527040","3585527295","3586023424","3586025471","3586025728","3586027007","3586027264","3586031615","3587538944","3587540223","3587540224","3587540735","3587540736","3587542527","3587543040","3587543551","3587544064","3587545599","3587545856","3587547135","3587981312","3587986175","3587986176","3587986431","3587986688","3587988479","3587989504","3587990527","3587990784","3587991295","3587991552","3587992063","3587992320","3587994111","3587994368","3587995903","3587996160","3587997183","3587997440","3587997695","3632270592","3632270847","3641278464","3641282559","3642535936","3642540031","3644618752","3644619775","3650592768","3650596607","3650596864","3650600959"],"ip2locationv6":["281470719030016","281470719030271","281470767153152","281470767161343","281470775918592","281470775918847","281470775928320","281470775928575","281470818571520","281470818571775","281471215569408","281471215569663","281471215569920","281471215570175","281471215570688","281471215570943","281471215570944","281471215571199","281471215571712","281471215571967","281471215572736","281471215573247","281471215573504","281471215574015","281471215574272","281471215575039","281471215583232","281471215598591","281471215598848","281471215599615","281471312478208","281471312480255","281471312741376","281471312741631","281471315944704","281471315944959","281471317475328","281471317475583","281471442405632","281471442405887","281471442827008","281471442827263","281471445268736","281471445268991","281471445892096","281471445892351","281471446886912","281471446887167","281471454961920","281471454962687","281471454963200","281471454963967","281471454964480","281471454965759","281471455369216","281471455370239","281471465470720","281471465471231","281471465471488","281471465471999","281471469207552","281471469215487","281471469215744","281471469223935","281471643701248","281471643702271","281471731466240","281471731468287","281471731468288","281471731468799","281471731468800","281471731474431","281471747961600","281471747961855","281471993051136","281471993052159","281471993052672","281471993053183","281472015982592","281472015982847","281472015983360","281472015983615","281472018374912","281472018376703","281472040177664","281472040181759","281472041680896","281472041686015","281472041688064","281472041691647","281472041691904","281472041708031","281472041709312","281472041713663","281472064831488","281472064839423","281472067190784","281472067191295","281472067191552","281472067191807","281472067192320","281472067192831","281472067193088","281472067198975","281472071958528","281472071972607","281472071972864","281472071985663","281472071985664","281472072000511","281472072001280","281472072024063","281472085590016","281472085606399","281472120766464","281472120782591","281472120782592","281472120782847","281472122224640","281472122225151","281472122225408","281472122226175","281472122226432","281472122226687","281472122227968","281472122228479","281472122229248","281472122229503","281472122230016","281472122230271","281472122230784","281472122231807","281472122233344","281472122233599","281472122234112","281472122234367","281472122234880","281472122235135","281472122235648","281472122236415","281472122236928","281472122237695","281472122238208","281472122238463","281472122238976","281472122239743","281472122240000","281472122241279","281472122241536","281472122242303","281472122242816","281472122243839","281472122244096","281472122244351","281472122246144","281472122247167","281472122247424","281472122247679","281472122247936","281472122248703","281472122249216","281472122250751","281472122251008","281472122252031","281472122252544","281472122253823","281472122254080","281472122254335","281472122254592","281472122254847","281472122255360","281472122255871","281472122256128","281472122256383","281472122256640","281472122256895","281472122257152","281472122257407","281472124524032","281472124524287","281472149296896","281472149297151","281472156901376","281472156901887","281472156902912","281472156903423","281472167003648","281472167003903","281472167903232","281472167909887","281472167910912","281472167918591","281472167918848","281472167919359","281472167919872","281472167920127","281472167920384","281472167920639","281472167921152","281472167921407","281472167921664","281472167924223","281472167924480","281472167925247","281472167925504","281472167929343","281472167929600","281472167930623","281472167930880","281472167933951","281472167934208","281472167935999","281472176062464","281472176062975","281472176063744","281472176066815","281472176067072","281472176067839","281472176068096","281472176069119","281472176069632","281472176069887","281472181764096","281472181772287","281472184577024","281472184578047","281472185434112","281472185439999","281472185440256","281472185445887","281472185446144","281472185446911","281472185447168","281472185447679","281472185447936","281472185449983","281472185451008","281472185451775","281472185452032","281472185453055","281472185453824","281472185454335","281472185454848","281472185457919","281472185458432","281472185464063","281472185464320","281472185466879","281472189456384","281472189456639","281472221225216","281472221225471","281472222107136","281472222107391","281472222916096","281472222916351","281472222923264","281472222923519","281472223872512","281472223872767","281472228114432","281472228116479","281472248268800","281472248270847","281472248307712","281472248309247","281472248309504","281472248309759","281472268146688","281472268148735","281472268230656","281472268230911","281472271790080","281472271790591","281472286356224","281472286356479","281472524021760","281472524022015","281472838461440","281472838463487","281472876412928","281472876425215","281472876425728","281472876463103","281472876463360","281472876468735","281472876469248","281472876470271","281472876471552","281472876472319","281472876473600","281472876473855","281472876474368","281472876478463","281473149833216","281473149837311","281473189827072","281473189827327","281473189827584","281473189828351","281473189828352","281473189828607","281473190966016","281473190966271","281473254719488","281473254719999","281473254720512","281473254723071","281473254723328","281473254724095","281473254724352","281473254725119","281473254725376","281473254726911","281473254727168","281473254727679","281473279970816","281473279971583","281473322123520","281473322124031","281473322124288","281473322126335","281473322126848","281473322127103","281473322127360","281473322129663","281473322129920","281473322131455","281473326055424","281473326060031","281473326060288","281473326062591","281473326063104","281473326063359","281473326063616","281473326065151","281473326065664","281473326066431","281473326066688","281473326066943","281473326067456","281473326069503","281473326069760","281473326070015","281473326070528","281473326072063","281473326072320","281473326072575","281473326072832","281473326074367","281473326074624","281473326075135","281473326075392","281473326076671","281473326077184","281473326078975","281473326079232","281473326079487","281473326079744","281473326080255","281473326080512","281473326080767","281473326081280","281473326081535","281473326081792","281473326082047","281473326082304","281473326082559","281473326083072","281473326084351","281473326084864","281473326087679","281473326087936","281473326091519","281473326091776","281473326094079","281473326094336","281473326094591","281473326094848","281473326095615","281473326095872","281473326096383","281473326096896","281473326097407","281473326097664","281473326098431","281473326098688","281473326099967","281473326100992","281473326101759","281473326102016","281473326102783","281473326103040","281473326103551","281473326104064","281473326105599","281473326105856","281473326106111","281473326106368","281473326108671","281473326108928","281473326109951","281473326110464","281473326112511","281473326112768","281473326113279","281473326113536","281473326113791","281473326114048","281473326114303","281473326114560","281473326114815","281473326115328","281473326115583","281473326115840","281473326116863","281473326117376","281473326117631","281473326117888","281473326119679","281473326120192","281473326120703","281473326721792","281473326722047","281473327612416","281473327612671","281473367463424","281473367463935","281473379860480","281473379926015","281473390996480","281473390996735","281473466842112","281473466842367","281473571983360","281473571983615","281473635196928","281473635198975","281473638326272","281473638330367","281473669345536","281473669346815","281473669348608","281473669348863","281473684344832","281473684346879","281473785645056","281473785645311","281473786201088","281473786201343","281473786908672","281473786909695","281473787101184","281473787102207","281473787231232","281473787232255","281473787307008","281473787308031","281473787479040","281473787480063","281473787541504","281473787542527","281473788180736","281473788181247","281473788473344","281473788474367","281473789201408","281473789201919","281473789606912","281473789607935","281473789965312","281473789966335","281473791663104","281473791664127","281473792697344","281473792698367","281473792812032","281473792812287","281473792905216","281473792906239","281473793801216","281473793802239","281473794051072","281473794052095","281473794616320","281473794617343","281473795156224","281473795156991","281473795196928","281473795197951","281473795519488","281473795520511","281473795757056","281473795758079","281473795988992","281473795989247","281473796385280","281473796385535","281473796652032","281473796653055","281473797161984","281473797163007","281473797279232","281473797279743","281473797286912","281473797287935","281473798105856","281473798106111","281473798541312","281473798542335","281473799918592","281473799919615","281473800071168","281473800072191","281473800881152","281473800881407","281473801028096","281473801028351","281473801628672","281473801629695","281473801698816","281473801699327","281473801773568","281473801774079","281473801811968","281473801812991","281473851647744","281473851647999","281473912611328","281473912611583","281473920008192","281473920009215","281473920009472","281473920023039","281473920023040","281473920023551","281473920023552","281473920028671","281473920028928","281473920030207","281473920030720","281473920033279","281473920033280","281473920038143","281473920038144","281473920051967","281473920052224","281473920066559","281473920066816","281473920070143","281473920070400","281473920070655","281473920070912","281473920072959","281473920073216","281473920073727","281473926779904","281473926780927","281473935719424","281473935719679","281473940526080","281473940527103","281473943461888","281473943465471","281473943465984","281473943468543","281473943468800","281473943470079","281473945960448","281473945961215","281473945961984","281473945962751","281473945963008","281473945963519","281473945963776","281473945964799","281473945965056","281473945966847","281473945967104","281473945967615","281473945967872","281473945974271","281473945974528","281473945975295","281473945975552","281473945977343","281473945977600","281473945979391","281473945979648","281473945981951","281473945982208","281473945982719","281473945983232","281473945983743","281473945984000","281473945987583","281473945987840","281473945988095","281473945988352","281473945989375","281473945989632","281473945991423","281473945991424","281473945997055","281473945997312","281473945999615","281473945999872","281473946000895","281473946001408","281473946002175","281473946002176","281473946008575","281473946008832","281473946009087","281473946009344","281473946012671","281473946012928","281473946019071","281473946019328","281473946020095","281473946020352","281473946021375","281473946021632","281473946024191","281473946024192","281473946025983","281473952757248","281473952757759","281473961869568","281473961869823","281473961874176","281473961874431","281473963934720","281473963934975","281473967242240","281473967242751","281473969481216","281473969481727","281474240528640","281474240531455","281474240531712","281474240532991","281474240533248","281474240533759","281474240534016","281474240535551","281474240536064","281474240536575","281474240536576","281474240544767","281474241543168","281474241543423","281474246828032","281474246836223","281474247237632","281474247237887","281474262461440","281474262461695","281474266267648","281474266270463","281474266270720","281474266273023","281474266273280","281474266275327","281474266275584","281474266275839","281474266857472","281474266862591","281474266862592","281474266865663","281474267176960","281474267177215","281474267177728","281474267181311","281474267181824","281474267182335","281474267182592","281474267183103","281474267270400","281474267270655","281474267766784","281474267768831","281474267769088","281474267770367","281474267770624","281474267774975","281474269282304","281474269283583","281474269283584","281474269284095","281474269284096","281474269285887","281474269286400","281474269286911","281474269287424","281474269288959","281474269289216","281474269290495","281474269724672","281474269729535","281474269729536","281474269729791","281474269730048","281474269731839","281474269732864","281474269733887","281474269734144","281474269734655","281474269734912","281474269735423","281474269735680","281474269737471","281474269737728","281474269739263","281474269739520","281474269740543","281474269740800","281474269741055","281474314013952","281474314014207","281474323021824","281474323025919","281474324279296","281474324283391","281474326362112","281474326363135","281474332336128","281474332339967","281474332340224","281474332344319","42540578165198723652395882414505721856","42540578165198723670842626488215273471","42540578165214398846959493400829624320","42540578165214398865406237474539175935","42540578165233772982644764626443567104","42540578165233773001091508700153118719","42540578165300282054319737761251196928","42540578165300282091213225908670300159","42540578165300303766137512517393448960","42540578165300303784584256591103000575","42540578165300304706921460276580581376","42540578165300304725368204350290132991","42540578165305067914495709114741555200","42540578165305067932942453188451106815","42540578165305091304967194578453004288","42540578165305091323413938652162555903","42540578165305097558413435565991002112","42540578165305097576860179639700553727","42540578165305099476874819231784370176","42540578165305099495321563305493921791","42540578173118355154623664144095641600","42540578173119564080443278773270347775","42540578173508838194359189367525736448","42540578173510047120178803996700442623","42540578174773404356274282377775153152","42540578174773404374721026451484704767","42540578174773412140800281483205935104","42540578174773412159247025556915486719","42540578174773435771079439905141555200","42540578174773435789526183978851106815","42540578174773437578860359128677613568","42540578174773437597307103202387165183","42540578174775860614034673099411030016","42540578174775860632481417173120581631","42540578174780631144966319200263995392","42540578174780631163413063273973547007","42540578174780640534359052718425767936","42540578174780640552805796792135319551","42540578174783099337770125611979767808","42540578174783099356216869685689319423","42540578174785493448449732006136250368","42540578174785493466896476079845801983","42540578174787891894114195722037362688","42540578174787891912560939795746914303","42540578174787900545637166291817070592","42540578174787900564083910365526622207","42540578174787940316817389209610354688","42540578174787940335264133283319906303","42540578174787967230616992751846162432","42540578174787967249063736825555714047","42540578174787967470424665710070333440","42540578174787967488871409783779885055","42540578174795141630555860239208415232","42540578174795141649002604312917966847","42540578174795147146132338278364348416","42540578174795147164579082352073900031","42540578174795168876396857108216152064","42540578174795168894843601181925703679","42540578174795170905538705216266829824","42540578174795170923985449289976381439","42540578174797565200685752347518828544","42540578174797565219132496421228380159","42540578174797567543422249708631883776","42540578174797567561868993782341435391","42540578174797568133718060067337535488","42540578174797568152164804141047087103","42540578174797568613333405983785877504","42540578174797568631780150057495429119","42540578174797586894056783029951528960","42540578174797586912503527103661080575","42540578174802397011701211311502262272","42540578174802397030147955385211813887","42540578174812060523051664797211820032","42540578174812060541498408870921371647","42540578198276101460804097269731164160","42540578198277310386623711898905870335","42540619365529641046146184762164772864","42540619365529641058120043409998613587","42540619365529641058120043409998613589","42540619365530849971965799391339479039","42540619366453260409225249599059394560","42540619366454469298151376080814997503","42540619367212465787049748573355769856","42540619367213674712869363202530476031","42540619367860450026363189810998280192","42540619367861658952182804440172986367","42540619680856180427869141659126071296","42540619680857389353688756288300777471","42540619683245017847427648908345475072","42540619683246226773247263537520181247","42540619684395915227700775882665754624","42540619684397124153520390511840460799","42540619684603850468674492100715216896","42540619684605059394494106729889923071","42540619688196778004569170007941971968","42540619688197986930388784637116678143","42540619690962800279847441559669702656","42540619690964009205667056188844408831","42540619691020828719188943760055599104","42540619691022037645008558389230305279","42540619693931922092820970812748070912","42540619693933131018640585441922777087","42540649787514414518811300555537776640","42540649787515623444630915184712482815","42540649787751363979455767873780187136","42540649787752572905275382502954893311","42540676408091111809906542550404038657","42540676408091111809906542550404038657","42540676408091185762903534051996467203","42540676408091185762903534051996467203","42540676408091185781350278125706018819","42540676408091185781350278125706018819","42540676408093604038817877005665566721","42540676408093604038817877005665566721","42540676486985684566486793256225996800","42540676486986893492306407885400702975","42540680211044196000600651677411377152","42540680211044196000600651677411442687","42541027547306239872160693272514134016","42541027579017573046472031156876214257","42541027579017573046472031156876214259","42541027579017573046472031156876214259","42541027579017573046472031156876214261","42541028181131539986275394020865736703","42541956101379379326155695151606923264","42541956101379379344602439225316474879","42541956101379398215621626630187778048","42541956101379398234068370703897329663","42542032818991021643783685656138481664","42542032818992230569603300285313187839","47856325177799413605007869943882973184","47856325177800622530827484573057679359","50521102391384908586991928443100200960","50521102391404251400105762509895499775","50535530074472361187934132998865158144","50535530074472965650843940313452511231","50535530074491704001047967065660456960","50535530074492308463957774380247810047","50535530074511046814161801132455755776","50535530074511651277071608447043108863","50535530074530389627275635199251054592","50535530074530994090185442513838407679","50541822692130474296958113529932546048","50541822692131683222777728159107252223","50541822692148608184252332967553138688","50541822692149817110071947596727844863","50541822692151026035891562225902551040","50541822692170368849005396292697849855","50541822738509704440653747188360282112","50541822738512122292292976446709694463","50541822739284625891026724489346940928","50541822739287043742665953747696353279","50541822740022070640991648285917708288","50541822740024488492630877544267120639","50541822740740172577842738015693176832","50541822740742590429481967274042589183","50543536575395489912583963565864517632","50543536575414832725697797632659816447","50547156965419812465398730524951838720","50547156965421021391218345154126544895","50547156965430692797775262187524194304","50547156965433110649414491445873606655","50549190276964444658064511799272669184","50549190276965653583884126428447375359","55827829986911812421954896620767150080","55827830006718958418323130048135364624","55827830006718958418323130048135364626","55827830028382803738015135829887811583","55827830028384012663834750459062517760","55827830046332934307653149815925112831","55827830046334143233472764445099819008","55827830066139974936219234214311100415","55829145174409549209958949450342727680","55829145253637711724223287043886678015","55829170527421553774546979384406835200","55829170606649716288811316977950785535","55829198415734758795593812311877353472","55829199049560058909708513060228956159","55829269404168371576440296127256854528","55829269410115077683124657037636534271","55829269410115077683124657037636534273","55829269410115077683124657037636534273","55829269410115077683124657037636599807","55829269410115077683124657037636599807","55829269410116286608944271666811240448","55829270037993671690554996875608457215","55829500116577613114191368527240232960","55829500195805775628455706120784183295","55829885482360082495929423525014667264","55829885561588245010193761118558617599","55830521842961397067088974870023766016","55830521922189559581353312463567716351","55830544660672201175218201810681462784","55830545294497501289332902559033065471","55830547195973401631677004804087873536","55830547275201564145941342397631823871","55830552266575802544594610790900695040","55830552900401102658709311539252297727","55831221586092723049718601050193133568","55831221665320885563982938643737083903","55832894884885024312528576698424229888","55832895518710324426643277446775832575","55834162535485252541930073401629605888","55834162614713415056194410995173556223","55835019467291006825005485172996440064","55835019488131679029342077517067516253","55835019488131679029342077517067516255","55835019551470929496411343866136887295","55835019551474556273870187753661005824","55835019601918195023110204697450905599","55835019601919403948929819326625611776","55835019626060443640814349316333240319","55835019626061652566633963945507946496","55835019626062861492453578574682652671","55835019626065279344092807833032065024","55835019626078577528108568753953832959","55835019626079786453928183383128539136","55835019626153530928924675762785615871","55835019626154739854744290391960322048","55835019626681831512096268712132214783","55835019626683040437915883341306920960","55835019626684249363735497970481627135","55835019626685458289555112599656333312","55835019626686667215374727228831039487","55835019626689085067013956487180451840","55835019626697547547751258891403395071","55835019626699965399390488149752807424","55835019626701174325210102778927513599","55835019626702383251029717408102219776","55835019626733815322339697766644580351","55835019626735024248159312395819286528","55835019626985271892819540634983464959","55835019626986480818639155264158171136","55835019626987689744458769893332877311","55835019626988898670278384522507583488","55835019626990107596097999151682289663","55835019626991316521917613780856995840","55835019626993734373556843039206408191","55835019626996152225196072297555820544","55835019626998570076835301555905232895","55835019626999779002654916185079939072","55835019627011868260851062476827000831","55835019627014286112490291735176413184","55835019627021539667407979510224650239","55835019627022748593227594139399356416","55835019627023957519047208768574062591","55835019627025166444866823397748768768","55835020101116306939120185921348042751","55835414974278278032578752144396517376","55835415053506440546843089737940467711","55835777522349943306187580201513254912","55835777601578105820451917795057205247","55836535577408879787369675230030069760","55836535656637042301634012823574020095","55836957546602430759231698445109559296","55836957551554190916373219544706056191","55837966121111237344249264259597336576","55837966127155866442322410133128216575","55837966127155866460769154206837768192","55837966754936537458363965007948939263","55838037109544850125095748074976837632","55838037188773012639360085668520787967","55838161973128972605691795500242567168","55838162052357135119956133093786517503","55838270357255292119305623468366626816","55838270357256501045125238097541332991","55838270357257709970944852726716039168","55838270357261336748403696614240157696","55838270357261336748403696614240157698","55838270991080592233420324216718229503","55838345782466005698955012522207346688","55838345861694168213219350115751297023","55838750795053542043230960231007649792","55838750795053542061677704304717201407","55838750795053578641571202470758055936","55838750795053578660017946544467607551","55838750795054750969050574860182355968","55838750795054750987497318933891907583","55838750795058377746509418747706474496","55838750795058377764956162821416026111","55838750795058414344849660987456880640","55838750795058414363296405061166432255","55838750795059586672329033376881180672","55838750795059586690775777450590732287","55838750795063213449787877264405299200","55838750795063213468234621338114850815","55838750795063250048128119504155705344","55838750795063250066574863577865256959","55838750795064422375607491893580005376","55838750795064422394054235967289556991","55839575403548227081474464324316561408","55839575482776389595738801917860511743","55840140775715928871787531853946159104","55840140854944091386051869447490109439","55846659035450473063419041104143581184","55846659035452890915058270362492993535","55846659035759958073240386172868362240","55846659035762375924879615431217774591","55846659036069443083061731241593143296","55846659036071860934700960499942555647","55847929221003731113230327598439989248","55847929221003731113230327598439989251","55847929221003731113230327598439989253","55847929221003740557963293337730416640","55847929221003740557963293337730416642","55847929300231893627494665191983939583","55849795202687267066909330745558302720","55849795836512567181024031493909905407","55849932188200807241707819764977500160","55849932188200807278601307912396603391","55849932188200975974075861986246131712","55849932188200980696442344855891345407","55849932188204433945379687357663412224","55849932188204433982273175505082515455","55849932188204574417335808655898968064","55849932188204579139702291525544181759","55849932188211687371170166616744787968","55849932188211687408063654764163891199","55849932188211823249887013561301991424","55849932188211827972253496430947205119","55849932208014797920911347195158986752","55849932208014873478775073109482405887","55849932208034140734025181261954285568","55849932208034216291888907176277704703","55849932208053483547139015328749584384","55849932208053559105002741243073003519","55849932208072826360252849395544883200","55849932208072901918116575309868302335","55849932208092169173366683462340182016","55849932208092244731230409376663601151","55849932208111511986480517529135480832","55849932208111587544344243443458899967","55849932208130854799594351595930779648","55849932208130930357458077510254198783","55849932208150197612708185662726078464","55849932208150273170571911577049497599","55851433007262761939296064486099648512","55851433641088062053410765234451251199","55859196099540977467790059554878783488","55859196099542186393609674184053489663","55859196099544604245248903442402902016","55859196733363859730265531044880973823","55860093596163521202567089962398777344","55860094229988821316681790710750380031","55861975187099503425684783917183270912","55861975187100712351504398546357977087","55861995072063863546669335017206841344","55861995705889163660784035765558444031","55862603544351973096782053434745421824","55862604178177273210896754183097024511","55863090322182460736872228168776286208","55863090956007760850986928917127888895","55864241348927467969168787175286767616","55864241982752768083283487923638370303","55865047574709213123068139078525386752","55865048208534513237182839826876989439","55865615482178115369840009601561395200","55865615482184159998938082747434926079","55865615482185368924757697376609632256","55865616116003415483954710349912997887","55865641152123321730418838605771309056","55865641152124530656238453234946015231","55866507908200676043338663280617979904","55866508542025976157453364028969582591","55868642631811460381650783728815833088","55868642711039622895915121322359783423","55876578283025214126232828277969387520","55876578441481539154761503465057288191","55876578599937864183290178652145188864","55876578679166026697554516245689139199","55876578684117786854696037345285636096","55876578758394189211818853839233089535","55878094235079662951443097629694623744","55878094235080871877262712258869329919","55878094331400827629238677124409196544","55878094331400827647685421198118748159","55878094331400827776812629714085609472","55878094331400827795259373787795161087","55878094331400827924386582303762022400","55878094331400827942833326377471574015","55878094331439513255466345257999794176","55878094331439513273913089331709345791","55878094331439513403040297847676207104","55878094331439513421487041921385758719","55878094331439513550614250437352620032","55878094331439513569060994511062171647","55878094331478198881694013391590391808","55878094331478198900140757465299943423","55878094331478199029267965981266804736","55878094331478199047714710054976356351","55878094331478199176841918570943217664","55878094331478199195288662644652769279","55878094331516884507921681525180989440","55878094331516884526368425598890541055","55878094331516884655495634114857402368","55878094331516884673942378188566953983","55878094331516884803069586704533815296","55878094331516884821516330778243366911","55878094413346655385996701102692630528","55878094413365998199110535169487929343","55878094492574817900261038696236580864","55878094492594160713374872763031879679","55878094552643924025272733129037053952","55878094552653595431829650162434703359","55878094557595684182414254228633550848","55878094557605355588971171262031200255","55878094651214899653371137517879820288","55878094651243913873041888618072768511","55878094730443062167635475111423770624","55878094730472076387306226211616718847","55880269523116753701721311490615541760","55880270156942053815836012238967144447","55881451029491744263367349228013617152","55881451029492953189186963857188323327","55881451162880992422186688477568958464","55881451163190477432008033546293739519","55881451340296190658723826309321981952","55881451340296190677170570383031533567","55882292693474717955846100228931321856","55882293327300018069960800977282924543","55888854132259227744096784554429251584","55888854132260436669916399183603957759","55892155015144493580589744579869147136","55892155648969793694704445328220749823","55893894231768006711328598056666923008","55893894865593306825443298805018525695","55894416503815300741842014698387537920","55894417137640600855956715446739140607","55896115477406645530983555487273844736","55896115477484016783438891754455039999","55896115479495669347277634701166116864","55896115479573040599732970968347312127","55899284282120177142743762038696181760","55899284915945477256858462787047784447","55904329531509085495761718917453578240","55904330165334385609876419665805180927","55908173128362966283490765988481204224","55908173128362966283490765988481269759","55908446860684014227069687422133469184","55908446860685223152889302051308175359","55909567465672748838559838978873229312","55909567465672748857006583052582780927","55909567469738356390235293016542674944","55909567469738356408682037090252226559","55909567469738356445575525237671329792","55909567469738356464022269311380881407","55909567518271888987176774449158422528","55909567518271889005623518522867974143","55909567518271889319218167775930351616","55909567518271889337664911849639903231","55909567518271889632812817028992729088","55909567518271889651259561102702280703","55909567522881503915860030686960287744","55909567522881503934306774760669839359","55909567597500055430597599742836867072","55909567597500055449044343816546418687","55909567597500056150020618617509380096","55909567597500056168467362691218931711","55909567597500056500508756017990860800","55909567597500056518955500091700412415","55909567597500056537402244165409964032","55909567597500056555848988239119515647","55909567597500057017017590081858306048","55909567597500057035464334155567857663","55909567597500057109251310450406064128","55909567597500057127698054524115615743","55909567612009579040881938807849484288","55909567612009579059328682881559035903","55909567612009579520497284724297826304","55909567612009579538944028798007377919","55909567612009580166133327304132132864","55909567612009580184580071377841684479","55911605846335207165704918183884881920","55911605846336416091524532813059588095","55913076320650660278632046169570672640","55913076954475960392746746917922275327","55913497180649936050793343075034857472","55913497814475236164908043823386460159","55916590248114492930532995030855974912","55916590881939793044647695779207577599","55926275098700236603160429843345047552","55926275098701445528980044472519753727","55926275098709908009717346876742696960","55926275118507277231726514241731035135","55926275119435732261190549447905378304","55926275119745217271011894516630159359","55926275121292642320118619860254064640","55926275732525536717275130591696650239","55926447499181867642359033394980978688","55926448133007167756473734143332581375","55927157700430645507881221922951790592","55927157779658808022145559516495740927","55928237738742039959331297114082770944","55928237817970202473595634707626721279","55928384469299016376884520357478793216","55928384786211666433941870731654594559","55930645957969823538136790475997184000","55930646591795123652251491224348786687","55930763037033972652934197616555589632","55930763037035181578753812245730295807","55931842699674086510777486026091790336","55931842699675295436597100655266496511","55933196470977482735692601842846400512","55933197104802782849807302591198003199"]},"kopavogur":{"name":"Kopavogur","latitude":"64.112340","longitude":"-21.912980","postcode":"200","gmtOffset":0,"gmtOffsetName":"UTC+00:00","ip2locationv4":["521105408","521107455","533829888","533830143","773626880","773627903","787472128","787472383","1296638208","1296638463","1359942656","1359944703","1359948288","1359948543","1370179584","1370179839","1566513408","1566513663","3107458560","3107459071","3108197376","3108198399","3111615488","3111616511","3111896064","3111897087","3112709632","3112709887","3256827136","3256827391","3264269312","3264269567","3587991296","3587991551","3587992064","3587992319","3651915776","3651919871"],"ip2locationv6":["281471202848768","281471202850815","281471215573248","281471215573503","281471455370240","281471455371263","281471469215488","281471469215743","281471978381568","281471978381823","281472041686016","281472041688063","281472041691648","281472041691903","281472051922944","281472051923199","281472248256768","281472248257023","281473789201920","281473789202431","281473789940736","281473789941759","281473793358848","281473793359871","281473793639424","281473793640447","281473794452992","281473794453247","281473938570496","281473938570751","281473946012672","281473946012927","281474269734656","281474269734911","281474269735424","281474269735679","281474333659136","281474333663231","42540619366453260372331761451640291328","42540619366453260409225249599059394559","42540676408091111809906542550404038658","42540676408091111809906542550404038658","42540676408091111828353286624113590274","42540676408091111828353286624113590274","42540676408091185762903534051996467202","42540676408091185762903534051996467202","42540676408091185836690510346834673679","42540676408091185836690510346834673679","55830014782721305775328376188741615616","55830014861949468289592713782285565951","55835019488131679029342077517067516254","55835019488131679029342077517067516254","55838270357261336748403696614240157697","55838270357261336748403696614240157697","55856549245085283073160505180236546048","55856549245086491998980119809411252223","55856549245086492017426863883120803840","55856549245104625886274339247031844863","55856549245104625904721083320741396480","55856549878910583187275205928588148735","55924916177256791941242025377508884480","55924916811082092055356726125860487167"]},"mosfellsbaer":{"name":"Mosfellsbaer","latitude":"64.166670","longitude":"-21.700000","postcode":"108","gmtOffset":0,"gmtOffsetName":"UTC+00:00","ip2locationv4":["533825536","533826047","533826816","533827071","533829120","533829375","773218304","773218559","773219328","773219583","773220608","773220863","1440483328","1440483583","1440485376","1440485887","1440490240","1440490495","1440502528","1440502783","1440503808","1440504063","1440504320","1440504575","1494319616","1494319871","1494320128","1494320383","1494324480","1494324735","1494325760","1494326015","1503703552","1503703807","1503704320","1503704575","1503706624","1503707391","1503709952","1503710463","1503714560","1503715071","1503720704","1503720959","2572976896","2572977151","2572979712","2572979967","2640379904","2640380159","2640382976","2640383487","2640386304","2640386559","2644322048","2644322303","2644326912","2644327167","2644351232","2644351487","2644360448","2644360703","3116362240","3116362495","3238308608","3238308863","3264219392","3264219647","3264257536","3264258047"],"ip2locationv6":["281471215568896","281471215569407","281471215570176","281471215570431","281471215572480","281471215572735","281471454961664","281471454961919","281471454962688","281471454962943","281471454963968","281471454964223","281472122226688","281472122226943","281472122228736","281472122229247","281472122233600","281472122233855","281472122245888","281472122246143","281472122247168","281472122247423","281472122247680","281472122247935","281472176062976","281472176063231","281472176063488","281472176063743","281472176067840","281472176068095","281472176069120","281472176069375","281472185446912","281472185447167","281472185447680","281472185447935","281472185449984","281472185450751","281472185453312","281472185453823","281472185457920","281472185458431","281472185464064","281472185464319","281473254720256","281473254720511","281473254723072","281473254723327","281473322123264","281473322123519","281473322126336","281473322126847","281473322129664","281473322129919","281473326065408","281473326065663","281473326070272","281473326070527","281473326094592","281473326094847","281473326103808","281473326104063","281473798105600","281473798105855","281473920051968","281473920052223","281473945962752","281473945963007","281473946000896","281473946001407"]},"hafnarfjordur":{"name":"Hafnarfjordur","latitude":"64.067100","longitude":"-21.937740","postcode":"110","gmtOffset":0,"gmtOffsetName":"UTC+00:00","ip2locationv4":["636170496","636170751","1336631296","1336631551","1486303232","1486305279","1540947712","1540947967","2478686208","2478686719","2548832256","2548832511","3113907200","3113908223","3115233280","3115234303","3119523840","3119524863","3225934336","3225934591","3264265216","3264265471","3584529664","3584529919","3584531968","3584532223"],"ip2locationv6":["281471317913856","281471317914111","281472018374656","281472018374911","281472168046592","281472168048639","281472222691072","281472222691327","281473160429568","281473160430079","281473230575616","281473230575871","281473795650560","281473795651583","281473796976640","281473796977663","281473801267200","281473801268223","281473907677696","281473907677951","281473946008576","281473946008831","281474266273024","281474266273279","281474266275328","281474266275583","42540619365529641058120043409998613588","42540619365529641058120043409998613588","55837966127155866442322410133128216576","55837966127155866460769154206837768191","55838270357256501045125238097541332992","55838270357257709970944852726716039167","55843467091920932544048723260006727680","55843467091922141469868337889181433855","55843467135457979100560321458101223424","55843467135457979100560321458101288959"]},"gardabar":{"name":"Gardabar","latitude":"64.088650","longitude":"-21.922980","postcode":"210","gmtOffset":0,"gmtOffsetName":"UTC+00:00","ip2locationv4":["1385448448","1385448703","3115535360","3115535615","3238285312","3238285567","3238326784","3238327039","3587994112","3587994367"],"ip2locationv6":["281472067191808","281472067192063","281473797278720","281473797278975","281473920028672","281473920028927","281473920070144","281473920070399","281474269737472","281474269737727"]},"seltjarnarnes":{"name":"Seltjarnarnes","latitude":"64.150000","longitude":"-22.000000","postcode":"155","gmtOffset":0,"gmtOffsetName":"UTC+00:00","ip2locationv6":["55829269410115077683124657037636534272","55829269410115077683124657037636534272","55829269410115077683124657037636534274","55829269410115077683124657037636599806","55829269410115077683124657037636599808","55829269410116286608944271666811240447","55905257451881434399841223713417592832","55905257451882643325660838342592299007"]}}},"sudurnes":{"name":"Sudurnes","cities":{"njardvik":{"name":"Njardvik","latitude":"63.980900","longitude":"-22.514500","postcode":"245","gmtOffset":0,"gmtOffsetName":"UTC+00:00","ip2locationv4":["522955776","522956287","1440482816","1440483071","1440483584","1440483839","1440484352","1440484607","1440488704","1440488959","1486175232","1486175487","1486176000","1486176255","3111526400","3111527423","3650596608","3650596863"],"ip2locationv6":["281471204699136","281471204699647","281472122226176","281472122226431","281472122226944","281472122227199","281472122227712","281472122227967","281472122232064","281472122232319","281472167918592","281472167918847","281472167919360","281472167919615","281473793269760","281473793270783","281474332339968","281474332340223","55835019626062861492453578574682652672","55835019626064070418273193203857358847","55835019626078577528108568753953832960","55835019626079786453928183383128539135","55835019626993734373556843039206408192","55835019626994943299376457668381114367","55913740569565179870838430442050289664","55913741203390479984953131190401892351"]},"alftanes":{"name":"Alftanes","latitude":"64.100000","longitude":"-22.016670","postcode":"110","gmtOffset":0,"gmtOffsetName":"UTC+00:00","ip2locationv4":["533826304","533826559","533828096","533828351","1359964672","1359964927","1503711232","1503711487","2478686976","2478687231","3264231936","3264232191","3586027008","3586027263"],"ip2locationv6":["281471215569664","281471215569919","281471215571456","281471215571711","281472041708032","281472041708287","281472185454592","281472185454847","281473160430336","281473160430591","281473945975296","281473945975551","281474267770368","281474267770623"]},"keflavik":{"name":"Keflavik","latitude":"64.004920","longitude":"-22.562420","postcode":"245","gmtOffset":0,"gmtOffsetName":"UTC+00:00","ip2locationv4":["533828608","533828863","634201600","634201855","763740160","763740671","773220864","773221119","783726592","783727103","783727872","783728127","1359965696","1359965951","1440481792","1440482047","1440485120","1440485375","1440491776","1440492287","1440494336","1440494847","1440495104","1440495359","1440499200","1440499455","1440505344","1440505599","1440508672","1440508927","1440511488","1440511743","1494326016","1494326271","1494327040","1494327295","2508083200","2508083711","2508083968","2508084223","2572983552","2572983807","2644323072","2644323327","2644329216","2644329471","2644331008","2644331263","2644333312","2644333567","2644338176","2644338431","2644341248","2644341503","2644365312","2644365567","2987601920","2987602175","2987603456","2987604479","2987604736","2987605247","2987605760","2987606015","3106753536","3106754559","3109477376","3109478399","3111068928","3111069695","3116361728","3116361983","3238323200","3238323455","3264218112","3264218623","3264275712","3264275967","3264276736","3264276991","3264278016","3264278271","3558788096","3558788351","3558790400","3558790655","3585438976","3585439231","3585440000","3585441791","3586025472","3586025727"],"ip2locationv6":["281471215571968","281471215572223","281471315944960","281471315945215","281471445483520","281471445484031","281471454964224","281471454964479","281471465469952","281471465470463","281471465471232","281471465471487","281472041709056","281472041709311","281472122225152","281472122225407","281472122228480","281472122228735","281472122235136","281472122235647","281472122237696","281472122238207","281472122238464","281472122238719","281472122242560","281472122242815","281472122248704","281472122248959","281472122252032","281472122252287","281472122254848","281472122255103","281472176069376","281472176069631","281472176070400","281472176070655","281473189826560","281473189827071","281473189827328","281473189827583","281473254726912","281473254727167","281473326066432","281473326066687","281473326072576","281473326072831","281473326074368","281473326074623","281473326076672","281473326076927","281473326081536","281473326081791","281473326084608","281473326084863","281473326108672","281473326108927","281473669345280","281473669345535","281473669346816","281473669347839","281473669348096","281473669348607","281473669349120","281473669349375","281473788496896","281473788497919","281473791220736","281473791221759","281473792812288","281473792813055","281473798105088","281473798105343","281473920066560","281473920066815","281473945961472","281473945961983","281473946019072","281473946019327","281473946020096","281473946020351","281473946021376","281473946021631","281474240531456","281474240531711","281474240533760","281474240534015","281474267182336","281474267182591","281474267183360","281474267185151","281474267768832","281474267769087","50543536575414832725697797632659816448","50543536575424504132254714666057465855","55834261412232070343823390144479625216","55834261491460232858087727738023575551","55835019601918195023110204697450905600","55835019601919403948929819326625611775","55835019626687876141194341858005745664","55835019626689085067013956487180451839","55835019626697547547751258891403395072","55835019626699965399390488149752807423","55835019626990107596097999151682289664","55835019626991316521917613780856995839","55835019627021539667407979510224650240","55835019627022748593227594139399356415","55838750795053578696911434691886710784","55838750795053578715358178765596262399","55838750795058414400189893208585535488","55838750795058414418636637282295087103","55838750795063250103468351725284360192","55838750795063250121915095798993911807","55845033907032809837277309128318910464","55845033986260972351541646721862860799","55845523220164497933826286855756185600","55845523299392660448090624449300135935","55861974790246633546610079365561581568","55861974790247842472429693994736287743","55878094239638531643496085913092489216","55878094239638531661942829986802040831","55878094331400828219534487483114848256","55878094331400828237981231556824399871","55878094331439513845762155616705445888","55878094331439513864208899690414997503","55878094331478199471989823750296043520","55878094331478199490436567824005595135","55878094331516885098217491883886641152","55878094331516885116664235957596192767","55878094413365998199110535169487929344","55878094413375669605667452202885578751","55878094492594160713374872763031879680","55878094492603832119931789796429529087","55878094651243913873041888618072768512","55878094651253585279598805651470417919","55878094730472076387306226211616718848","55878094730481747793863143245014368255"]},"sandgerdi":{"name":"Sandgerdi","latitude":"64.036610","longitude":"-22.706600","postcode":"245","gmtOffset":0,"gmtOffsetName":"UTC+00:00","ip2locationv4":["1440493312","1440493567","2644336896","2644337151","3264239360","3264239615"],"ip2locationv6":["281472122236672","281472122236927","281473326080256","281473326080511","281473945982720","281473945982975","55835019626701174325210102778927513600","55835019626702383251029717408102219775"]},"grindavik":{"name":"Grindavik","latitude":"63.842400","longitude":"-22.433750","postcode":"240","gmtOffset":0,"gmtOffsetName":"UTC+00:00","ip2locationv4":["2644316672","2644316927"],"ip2locationv6":["281473326060032","281473326060287","55856549245086491998980119809411252224","55856549245086492017426863883120803839","55856549245104625886274339247031844864","55856549245104625904721083320741396479"]}}},"austurland":{"name":"Austurland","cities":{"hofn":{"name":"Hofn","latitude":"64.253870","longitude":"-15.208200","postcode":"765","gmtOffset":0,"gmtOffsetName":"UTC+00:00","ip2locationv4":["533827072","533827327","533855232","533855487","1503702528","1503702783","2644362240","2644362495","2644369152","2644369407","2644369920","2644370175","3238327296","3238327551","3264236032","3264236287","3264244224","3264244479","3264244736","3264244991","3558785024","3558785279","3584527104","3584527359","3587543552","3587543807","3587545600","3587545855"],"ip2locationv6":["281471215570432","281471215570687","281471215598592","281471215598847","281472185445888","281472185446143","281473326105600","281473326105855","281473326112512","281473326112767","281473326113280","281473326113535","281473920070656","281473920070911","281473945979392","281473945979647","281473945987584","281473945987839","281473945988096","281473945988351","281474240528384","281474240528639","281474266270464","281474266270719","281474269286912","281474269287167","281474269288960","281474269289215"]},"neskaupstadur":{"name":"Neskaupstadur","latitude":"65.148820","longitude":"-13.679510","postcode":"640","gmtOffset":0,"gmtOffsetName":"UTC+00:00","ip2locationv4":["1311308800","1311309311","2644319232","2644319743","2644370944","2644371199","3264224256","3264224511"],"ip2locationv6":["281471993052160","281471993052671","281473326062592","281473326063103","281473326114304","281473326114559","281473945967616","281473945967871"]},"egilsstadir":{"name":"Egilsstadir","latitude":"65.265330","longitude":"-14.394840","postcode":"640","gmtOffset":0,"gmtOffsetName":"UTC+00:00","ip2locationv4":["1385449472","1385449727","2644320000","2644320255","2644333568","2644333823","2644355072","2644355327","2644370432","2644370687","3106720768","3106721023","3264217856","3264218111","3558792448","3558792703","3587986432","3587986687"],"ip2locationv6":["281472067192832","281472067193087","281473326063360","281473326063615","281473326076928","281473326077183","281473326098432","281473326098687","281473326113792","281473326114047","281473788464128","281473788464383","281473945961216","281473945961471","281474240535808","281474240536063","281474269729792","281474269730047","55929332671947987092476839891476414464","55929332751176149606741177485020364799"]}}},"sudurland":{"name":"Sudurland","cities":{"hella":{"name":"Hella","latitude":"63.834800","longitude":"-20.400840","postcode":"825","gmtOffset":0,"gmtOffsetName":"UTC+00:00","ip2locationv4":["533827840","533828095","634200320","634200575","1440500480","1440500735","1440500992","1440501247","1440501760","1440502015","1486177280","1486177791","2194719744","2194719999","2644326656","2644326911","2644331776","2644332031","2644340992","2644341247","2987605504","2987605759","3264265728","3264265983","3585433856","3585434111","3585439744","3585439999"],"ip2locationv6":["281471215571200","281471215571455","281471315943680","281471315943935","281472122243840","281472122244095","281472122244352","281472122244607","281472122245120","281472122245375","281472167920640","281472167921151","281472876463104","281472876463359","281473326070016","281473326070271","281473326075136","281473326075391","281473326084352","281473326084607","281473669348864","281473669349119","281473946009088","281473946009343","281474267177216","281474267177471","281474267183104","281474267183359","55827830028382803738015135829887811584","55827830028384012663834750459062517759","55835019626064070418273193203857358848","55835019626065279344092807833032065023","55835019626994943299376457668381114368","55835019626996152225196072297555820543"]},"selfoss":{"name":"Selfoss","latitude":"63.933110","longitude":"-20.997120","postcode":"825","gmtOffset":0,"gmtOffsetName":"UTC+00:00","ip2locationv4":["634200064","634200319","634200576","634201343","634201856","634202111","1359965184","1359965439","1440497920","1440498175","1440501504","1440501759","1440502272","1440502527","1440508928","1440509183","1440511744","1440511999","1440512512","1440512767","1440513536","1440513791","1486166528","1486167039","1486185984","1486186239","1494326784","1494327039","1503707392","1503707647","2572981760","2572982015","2644337664","2644337919","2644376576","2644376831","3111177216","3111178239","3112038400","3112039423","3115535616","3115535871","3264240384","3264240639","3585438208","3585438463","3587543808","3587544063","3587995904","3587996159","3587997184","3587997439"],"ip2locationv6":["281471315943424","281471315943679","281471315943936","281471315944703","281471315945216","281471315945471","281472041708544","281472041708799","281472122241280","281472122241535","281472122244864","281472122245119","281472122245632","281472122245887","281472122252288","281472122252543","281472122255104","281472122255359","281472122255872","281472122256127","281472122256896","281472122257151","281472167909888","281472167910399","281472167929344","281472167929599","281472176070144","281472176070399","281472185450752","281472185451007","281473254725120","281473254725375","281473326081024","281473326081279","281473326119936","281473326120191","281473792920576","281473792921599","281473793781760","281473793782783","281473797278976","281473797279231","281473945983744","281473945983999","281474267181568","281474267181823","281474269287168","281474269287423","281474269739264","281474269739519","281474269740544","281474269740799","55835019551472138422230958495311593472","55835019551473347348050573124486299647","55835019626987689744458769893332877312","55835019626988898670278384522507583487","55835019626998570076835301555905232896","55835019626999779002654916185079939071","55838750795053578715358178765596262400","55838750795053578733804922839305814015","55838750795058414418636637282295087104","55838750795058414437083381356004638719","55838750795063250121915095798993911808","55838750795063250140361839872703463423","55855788654725146135519607158313320448","55855789288550446249634307906664923135","55862573120737567619276417513868492800","55862573754562867733391118262220095487","55923953288232420688544322198093955072","55923953288233629614363936827268661247"]},"kirkjubaejarklaustur":{"name":"Kirkjubaejarklaustur","latitude":"63.789350","longitude":"-18.052730","postcode":"825","gmtOffset":0,"gmtOffsetName":"UTC+00:00","ip2locationv4":["773219584","773219839","1440501248","1440501503","1440507392","1440507647","2644335616","2644335871","2644336128","2644336383","3106437888","3106438143","3264230912","3264231167","3585437952","3585438207"],"ip2locationv6":["281471454962944","281471454963199","281472122244608","281472122244863","281472122250752","281472122251007","281473326078976","281473326079231","281473326079488","281473326079743","281473788181248","281473788181503","281473945974272","281473945974527","281474267181312","281474267181567"]},"vestmannaeyjar":{"name":"Vestmannaeyjar","latitude":"63.442730","longitude":"-20.273390","postcode":"825","gmtOffset":0,"gmtOffsetName":"UTC+00:00","ip2locationv4":["1359965440","1359965695","1433681920","1433690111","1440498944","1440499199","1440502016","1440502271","1440510464","1440510719","1440510976","1440511231","1440513024","1440513279","1486178048","1486178303","1486190592","1486190847","1503696640","1503696895","2640383744","2640383999","2644362752","2644363007","3264220160","3264220415","3264221440","3264221695","3264256256","3264256511","3587542528","3587543039"],"ip2locationv6":["281472041708800","281472041709055","281472115425280","281472115433471","281472122242304","281472122242559","281472122245376","281472122245631","281472122253824","281472122254079","281472122254336","281472122254591","281472122256384","281472122256639","281472167921408","281472167921663","281472167933952","281472167934207","281472185440000","281472185440255","281473322127104","281473322127359","281473326106112","281473326106367","281473945963520","281473945963775","281473945964800","281473945965055","281473945999616","281473945999871","281474269285888","281474269286399","55835019551473347348050573124486299648","55835019551474556273870187753661005823"]},"torlakshofn":{"name":"Torlakshofn","latitude":"63.860930","longitude":"-21.378440","postcode":"815","gmtOffset":0,"gmtOffsetName":"UTC+00:00","ip2locationv4":["1440505600","1440505855","3587990528","3587990783"],"ip2locationv6":["281472122248960","281472122249215","281474269733888","281474269734143"]},"hveragerdi":{"name":"Hveragerdi","latitude":"64.000570","longitude":"-21.188740","postcode":"810","gmtOffset":0,"gmtOffsetName":"UTC+00:00","ip2locationv4":["1494326528","1494326783","2644350720","2644350975"],"ip2locationv6":["281472176069888","281472176070143","281473326094080","281473326094335"]}}},"vesturland":{"name":"Vesturland","cities":{"akranes":{"name":"Akranes","latitude":"64.321790","longitude":"-22.074900","postcode":"300","gmtOffset":0,"gmtOffsetName":"UTC+00:00","ip2locationv4":["533828864","533829119","1440486144","1440486399","1440486912","1440487167","1440489472","1440489727","1440491008","1440491263","1494323456","1494323711","1503708416","1503708671","1503709696","1503709951","1503710976","1503711231","2572976640","2572976895","2572980736","2572980991","2640380672","2640380927","3118313472","3118314495","3264253696","3264253951","3587988480","3587989503"],"ip2locationv6":["281471215572224","281471215572479","281472122229504","281472122229759","281472122230272","281472122230527","281472122232832","281472122233087","281472122234368","281472122234623","281472176066816","281472176067071","281472185451776","281472185452031","281472185453056","281472185453311","281472185454336","281472185454591","281473254720000","281473254720255","281473254724096","281473254724351","281473322124032","281473322124287","281473800056832","281473800057855","281473945997056","281473945997311","281474269731840","281474269732863"]},"borgarnes":{"name":"Borgarnes","latitude":"64.538340","longitude":"-21.920640","postcode":"310","gmtOffset":0,"gmtOffsetName":"UTC+00:00","ip2locationv4":["1440483840","1440484095","1440487168","1440487423","1440491264","1440491519","1486167040","1486167551","1494319872","1494320127","2194728960","2194730239","2194730496","2194731007","2644358400","2644358655","3106610688","3106610943","3261725184","3261725439","3558789632","3558789887","3585434112","3585434367"],"ip2locationv6":["281472122227200","281472122227455","281472122230528","281472122230783","281472122234624","281472122234879","281472167910400","281472167910911","281472176063232","281472176063487","281472876472320","281472876473599","281472876473856","281472876474367","281473326101760","281473326102015","281473788354048","281473788354303","281473943468544","281473943468799","281474240532992","281474240533247","281474267177472","281474267177727","55835019626733815322339697766644580352","55835019626735024248159312395819286527"]},"olafsvik":{"name":"Olafsvik","latitude":"64.894290","longitude":"-23.709180","postcode":"356","gmtOffset":0,"gmtOffsetName":"UTC+00:00","ip2locationv4":["1440484096","1440484351","1440490496","1440490751","1440493056","1440493311"],"ip2locationv6":["281472122227456","281472122227711","281472122233856","281472122234111","281472122236416","281472122236671"]},"stykkisholmur":{"name":"Stykkisholmur","latitude":"65.075730","longitude":"-22.729670","postcode":"356","gmtOffset":0,"gmtOffsetName":"UTC+00:00","ip2locationv4":["1440486400","1440486655","1440488960","1440489215","1440496384","1440496639","2644321792","2644322047","2644337408","2644337663","2644359424","2644359679","3245150720","3245150975","3264239616","3264239871"],"ip2locationv6":["281472122229760","281472122230015","281472122232320","281472122232575","281472122239744","281472122239999","281473326065152","281473326065407","281473326080768","281473326081023","281473326102784","281473326103039","281473926894080","281473926894335","281473945982976","281473945983231"]}}},"nordurlandvestra":{"name":"Nordurland vestra","cities":{"saudarkrokur":{"name":"Saudarkrokur","latitude":"65.746110","longitude":"-19.639440","postcode":"566","gmtOffset":0,"gmtOffsetName":"UTC+00:00","ip2locationv4":["533830656","533830911","2644372224","2644372479","2644373504","2644373759","3558792192","3558792447"],"ip2locationv6":["281471215574016","281471215574271","281473326115584","281473326115839","281473326116864","281473326117119","281474240535552","281474240535807"]},"holar":{"name":"Holar","latitude":"65.730790","longitude":"-19.111640","postcode":"566","gmtOffset":0,"gmtOffsetName":"UTC+00:00","ip2locationv4":["2194681856","2194682367"],"ip2locationv6":["281472876425216","281472876425727","55838750795053578678464690618177159168","55838750795053578696911434691886710783","55838750795058414381743149134875983872","55838750795058414400189893208585535487","55838750795063250085021607651574808576","55838750795063250103468351725284360191"]}}},"nordurlandeystra":{"name":"Nordurland eystra","cities":{"akureyri":{"name":"Akureyri","latitude":"65.683530","longitude":"-18.087800","postcode":"603","gmtOffset":0,"gmtOffsetName":"UTC+00:00","ip2locationv4":["783727104","783727359","1385447936","1385448191","1385448704","1385448959","1486176256","1486176511","1486176768","1486177023","1486187264","1486187519","1566565888","1566566143","2194725376","2194725887","2194726912","2194728191","2644323584","2644324095","2644338688","2644338943","2644339200","2644339455","2644344320","2644344575","2644352256","2644352511","2644353280","2644353535","2644356608","2644357119","2644357376","2644357631","2644366592","2644367103","2644371456","2644371967","2644373760","2644374015","2644374272","2644374527","2644376320","2644376575","2987604480","2987604735","3116361984","3116362239","3261722112","3261722623","3264233984","3264234239","3264238592","3264238847","3264246016","3264246271"],"ip2locationv6":["281471465470464","281471465470719","281472067191296","281472067191551","281472067192064","281472067192319","281472167919616","281472167919871","281472167920128","281472167920383","281472167930624","281472167930879","281472248309248","281472248309503","281472876468736","281472876469247","281472876470272","281472876471551","281473326066944","281473326067455","281473326082048","281473326082303","281473326082560","281473326082815","281473326087680","281473326087935","281473326095616","281473326095871","281473326096640","281473326096895","281473326099968","281473326100479","281473326100736","281473326100991","281473326109952","281473326110463","281473326114816","281473326115327","281473326117120","281473326117375","281473326117632","281473326117887","281473326119680","281473326119935","281473669347840","281473669348095","281473798105344","281473798105599","281473943465472","281473943465983","281473945977344","281473945977599","281473945981952","281473945982207","281473945989376","281473945989631","55827830046332934307653149815925112832","55827830046334143233472764445099819007","55835019551470929496411343866136887296","55835019551472138422230958495311593471","55835019626060443640814349316333240320","55835019626061652566633963945507946495","55835019626681831512096268712132214784","55835019626683040437915883341306920959","55835019626684249363735497970481627136","55835019626685458289555112599656333311","55835019626985271892819540634983464960","55835019626986480818639155264158171135","55835019627013077186670677106001707008","55835019627014286112490291735176413183","55835019627023957519047208768574062592","55835019627025166444866823397748768767","55838750795053578660017946544467607552","55838750795053578678464690618177159167","55838750795058414363296405061166432256","55838750795058414381743149134875983871","55838750795063250066574863577865256960","55838750795063250085021607651574808575"]},"husavik":{"name":"Husavik","latitude":"66.044890","longitude":"-17.338850","postcode":"641","gmtOffset":0,"gmtOffsetName":"UTC+00:00","ip2locationv4":["1486180864","1486181119","1486181888","1486182143","2644339456","2644339711","2644348160","2644348415","2644353024","2644353279"],"ip2locationv6":["281472167924224","281472167924479","281472167925248","281472167925503","281473326082816","281473326083071","281473326091520","281473326091775","281473326096384","281473326096639","55835019626153530928924675762785615872","55835019626154739854744290391960322047"]},"siglufjordur":{"name":"Siglufjordur","latitude":"66.151340","longitude":"-18.905120","postcode":"871","gmtOffset":0,"gmtOffsetName":"UTC+00:00","ip2locationv4":["2644328704","2644328959","2644354048","2644354303","2644357120","2644357375"],"ip2locationv6":["281473326072064","281473326072319","281473326097408","281473326097663","281473326100480","281473326100735"]},"dalvik":{"name":"Dalvik","latitude":"65.970180","longitude":"-18.528610","postcode":"625","gmtOffset":0,"gmtOffsetName":"UTC+00:00","ip2locationv4":["3264223488","3264223743"],"ip2locationv6":["281473945966848","281473945967103","55835019627011868260851062476827000832","55835019627013077186670677106001707007"]}}},"vestfirdir":{"name":"Vestfirdir","cities":{"holmavik":{"name":"Holmavik","latitude":"65.707670","longitude":"-21.670650","postcode":"420","gmtOffset":0,"gmtOffsetName":"UTC+00:00","ip2locationv4":["1359964928","1359965183","3106437120","3106437375"],"ip2locationv6":["281472041708288","281472041708543","281473788180480","281473788180735"]},"thingeyri":{"name":"THingeyri","latitude":"65.878990","longitude":"-23.492890","postcode":"420","gmtOffset":0,"gmtOffsetName":"UTC+00:00","ip2locationv4":["1440488448","1440488703","3245151744","3245151999","3245152768","3245153023"],"ip2locationv6":["281472122231808","281472122232063","281473926895104","281473926895359","281473926896128","281473926896383"]},"isafjoerdur":{"name":"Isafjoerdur","latitude":"66.075490","longitude":"-23.124000","postcode":"400","gmtOffset":0,"gmtOffsetName":"UTC+00:00","ip2locationv4":["1440489216","1440489471","1440489728","1440489983","1440495360","1440495615","2644360192","2644360447","3245150208","3245150463","3245150976","3245151743","3245152000","3245152767","3245153024","3245154303"],"ip2locationv6":["281472122232576","281472122232831","281472122233088","281472122233343","281472122238720","281472122238975","281473326103552","281473326103807","281473926893568","281473926893823","281473926894336","281473926895103","281473926895360","281473926896127","281473926896384","281473926897663"]},"bildudalur":{"name":"Bildudalur","latitude":"65.685300","longitude":"-23.599920","postcode":"420","gmtOffset":0,"gmtOffsetName":"UTC+00:00","ip2locationv4":["3245150464","3245150719"],"ip2locationv6":["281473926893824","281473926894079","55835019626686667215374727228831039488","55835019626687876141194341858005745663"]}}}}}