{"id":152,"name":"Namibia","iso3":"NAM","iso2":"NA","numeric_code":"516","phone_code":"264","capital":"Windhoek","currency":"NAD","currency_name":"Namibian dollar","currency_symbol":"$","tld":".na","native":"Namibia","region":"Africa","region_id":"1","subregion":"Southern Africa","subregion_id":"5","nationality":"Namibian","timezones":[{"zoneName":"Africa/Windhoek","gmtOffset":7200,"gmtOffsetName":"UTC+02:00","abbreviation":"WAST","tzName":"West Africa Summer Time"}],"translations":{"kr":"\ub098\ubbf8\ube44\uc544","pt-BR":"Nam\u00edbia","pt":"Nam\u00edbia","nl":"Namibi\u00eb","hr":"Namibija","fa":"\u0646\u0627\u0645\u06cc\u0628\u06cc\u0627","de":"Namibia","es":"Namibia","fr":"Namibie","ja":"\u30ca\u30df\u30d3\u30a2","it":"Namibia","cn":"\u7eb3\u7c73\u6bd4\u4e9a","tr":"Namibya"},"latitude":"-22.00000000","longitude":"17.00000000","emoji":"\ud83c\uddf3\ud83c\udde6","emojiU":"U+1F1F3 U+1F1E6","states":{"erongoregion":{"id":43,"name":"Erongo Region","state_code":"ER","latitude":"-22.25656820","longitude":"15.40680790","type":null,"cities":{"arandis":{"id":76626,"name":"Arandis","latitude":"-22.41667000","longitude":"14.96667000"},"hentiesbaai":{"id":76633,"name":"Hentiesbaai","latitude":"-22.11667000","longitude":"14.28333000"},"karibib":{"id":76636,"name":"Karibib","latitude":"-21.93333000","longitude":"15.83333000"},"omaruru":{"id":76648,"name":"Omaruru","latitude":"-21.43333000","longitude":"15.93333000"},"otjimbingwe":{"id":76659,"name":"Otjimbingwe","latitude":"-22.35000000","longitude":"16.13333000"},"swakopmund":{"id":76666,"name":"Swakopmund","latitude":"-22.67842000","longitude":"14.52663000"},"swakopmundconstituency":{"id":76667,"name":"Swakopmund Constituency","latitude":"-22.63199000","longitude":"14.60119000"},"usakos":{"id":76670,"name":"Usakos","latitude":"-22.00000000","longitude":"15.60000000"},"walvisbay":{"id":76671,"name":"Walvis Bay","latitude":"-22.95750000","longitude":"14.50528000"}}},"hardapregion":{"id":38,"name":"Hardap Region","state_code":"HA","latitude":"-24.23101340","longitude":"17.66888700","type":null,"cities":{"aranos":{"id":76627,"name":"Aranos","latitude":"-24.13333000","longitude":"19.11667000"},"hoachanas":{"id":76634,"name":"Hoachanas","latitude":"-23.91667000","longitude":"18.05000000"},"maltah\u00f6he":{"id":76643,"name":"Maltah\u00f6he","latitude":"-24.83333000","longitude":"16.98333000"},"mariental":{"id":76644,"name":"Mariental","latitude":"-24.63333000","longitude":"17.96667000"},"rehoboth":{"id":76663,"name":"Rehoboth","latitude":"-23.31700000","longitude":"17.09000000"}}},"karasregion":{"id":45,"name":"Karas Region","state_code":"KA","latitude":"-26.84296450","longitude":"17.29028390","type":null,"cities":{"bethanie":{"id":76629,"name":"Bethanie","latitude":"-26.48333000","longitude":"17.15000000"},"karasburg":{"id":76635,"name":"Karasburg","latitude":"-28.01667000","longitude":"18.75000000"},"keetmanshoop":{"id":76639,"name":"Keetmanshoop","latitude":"-26.58333000","longitude":"18.13333000"},"l\u00fcderitz":{"id":76642,"name":"L\u00fcderitz","latitude":"-26.64807000","longitude":"15.15383000"},"oranjemund":{"id":76655,"name":"Oranjemund","latitude":"-28.55000000","longitude":"16.43333000"},"tses":{"id":76668,"name":"Tses","latitude":"-25.88333000","longitude":"18.00000000"},"warmbad":{"id":76672,"name":"Warmbad","latitude":"-28.45000000","longitude":"18.73333000"}}},"kavangoeastregion":{"id":36,"name":"Kavango East Region","state_code":"KE","latitude":"-18.27104800","longitude":"18.42760470","type":null,"cities":{"rundu":{"id":76664,"name":"Rundu","latitude":"-17.93333000","longitude":"19.76667000"}}},"kavangowestregion":{"id":35,"name":"Kavango West Region","state_code":"KW","latitude":"-18.27104800","longitude":"18.42760470","type":null},"khomasregion":{"id":44,"name":"Khomas Region","state_code":"KH","latitude":"-22.63778540","longitude":"17.10119310","type":null,"cities":{"katutura":{"id":76638,"name":"Katutura","latitude":"-22.52306000","longitude":"17.06028000"},"windhoek":{"id":76673,"name":"Windhoek","latitude":"-22.55941000","longitude":"17.08323000"}}},"kuneneregion":{"id":34,"name":"Kunene Region","state_code":"KU","latitude":"-19.40863170","longitude":"13.91439900","type":null,"cities":{"epupaconstituency":{"id":76630,"name":"Epupa Constituency","latitude":"-17.00388000","longitude":"13.24825000"},"khorixas":{"id":76640,"name":"Khorixas","latitude":"-20.36667000","longitude":"14.96667000"},"khorixasconstituency":{"id":76641,"name":"Khorixas Constituency","latitude":"-20.36792000","longitude":"14.95996000"},"opuwo":{"id":76653,"name":"Opuwo","latitude":"-18.06068000","longitude":"13.83998000"},"opuwoconstituency":{"id":76654,"name":"Opuwo Constituency","latitude":"-18.54247000","longitude":"13.51617000"},"outjo":{"id":76662,"name":"Outjo","latitude":"-20.11667000","longitude":"16.15000000"},"sesfonteinconstituency":{"id":76665,"name":"Sesfontein Constituency","latitude":"-19.56106000","longitude":"13.76530000"}}},"ohangwenaregion":{"id":40,"name":"Ohangwena Region","state_code":"OW","latitude":"-17.59792910","longitude":"16.81783770","type":null,"cities":{"oshikango":{"id":76657,"name":"Oshikango","latitude":"-17.40000000","longitude":"15.88333000"}}},"omahekeregion":{"id":41,"name":"Omaheke Region","state_code":"OH","latitude":"-21.84666510","longitude":"19.18800470","type":null,"cities":{"gobabis":{"id":76631,"name":"Gobabis","latitude":"-22.45000000","longitude":"18.96667000"}}},"omusatiregion":{"id":39,"name":"Omusati Region","state_code":"OS","latitude":"-18.40702940","longitude":"14.84546190","type":null,"cities":{"okahao":{"id":76646,"name":"Okahao","latitude":"-17.88758000","longitude":"15.06677000"},"ongandjera":{"id":76651,"name":"Ongandjera","latitude":"-17.88333000","longitude":"15.06667000"},"outapi":{"id":76661,"name":"Outapi","latitude":"-17.50000000","longitude":"14.98333000"}}},"oshanaregion":{"id":37,"name":"Oshana Region","state_code":"ON","latitude":"-18.43050640","longitude":"15.68817880","type":null,"cities":{"ondangwa":{"id":76650,"name":"Ondangwa","latitude":"-17.91667000","longitude":"15.95000000"},"ongwediva":{"id":76652,"name":"Ongwediva","latitude":"-17.78333000","longitude":"15.76667000"},"oshakati":{"id":76656,"name":"Oshakati","latitude":"-17.78833000","longitude":"15.70436000"}}},"oshikotoregion":{"id":42,"name":"Oshikoto Region","state_code":"OT","latitude":"-18.41525750","longitude":"16.91225100","type":null,"cities":{"omuthiya":{"id":76649,"name":"Omuthiya","latitude":"-18.36463000","longitude":"16.58146000"},"tsumeb":{"id":76669,"name":"Tsumeb","latitude":"-19.23333000","longitude":"17.71667000"}}},"otjozondjuparegion":{"id":46,"name":"Otjozondjupa Region","state_code":"OD","latitude":"-20.54869160","longitude":"17.66888700","type":null,"cities":{"grootfontein":{"id":76632,"name":"Grootfontein","latitude":"-19.56667000","longitude":"18.11667000"},"okahandja":{"id":76645,"name":"Okahandja","latitude":"-21.98333000","longitude":"16.91667000"},"okakarara":{"id":76647,"name":"Okakarara","latitude":"-20.58333000","longitude":"17.43333000"},"otavi":{"id":76658,"name":"Otavi","latitude":"-19.65000000","longitude":"17.33333000"},"otjiwarongo":{"id":76660,"name":"Otjiwarongo","latitude":"-20.46369000","longitude":"16.64772000"}}},"zambeziregion":{"id":47,"name":"Zambezi Region","state_code":"CA","latitude":"-17.81934190","longitude":"23.95364660","type":null,"cities":{"bagani":{"id":76628,"name":"Bagani","latitude":"-18.11065000","longitude":"21.61645000"},"katimamulilo":{"id":76637,"name":"Katima Mulilo","latitude":"-17.50000000","longitude":"24.26667000"}}},"khomas":{"name":"Khomas","cities":{"windhoek":{"name":"Windhoek","latitude":"-22.559367","longitude":"17.083261","postcode":"-","gmtOffset":7200,"gmtOffsetName":"UTC+02:00","ip2locationv4":["692043776","692057855","692058112","692058367","692058624","692060159","699793408","699793919","699794176","699795711","699795968","699796735","699796992","699798015","699798272","699799295","699799552","699800319","699801088","699803903","699804160","699806207","699806464","699806975","699807488","699807743","699808256","699809279","699809536","699810303","699810560","699811071","699811328","699814655","699814912","699822591","699822848","699824639","699824896","699826175","699828224","699830271","699833088","699833599","699833856","699834111","699834368","699834879","699835648","699836927","699837184","699837951","699838464","699840767","699841024","699842303","699848448","699848703","699850752","699858687","700339200","700340223","700342272","700350463","700846080","700858367","701333504","701334015","701334272","701335295","701335552","701341695","702169088","702177279","702177536","702180351","702180608","702184447","702185216","702185471","702234624","702250751","702500864","702501887","961698816","961699327","1306263552","1306267647","1425976064","1425976319","1607613184","1607613439","1715852288","1715853311","1725023232","1725024255","1725035520","1725036543","1725282304","1725283327","1725334528","1725335551","1725355008","1725356031","1725392896","1725393919","1725807872","1725808127","1776814592","1776815359","1776816640","1776816895","1776817408","1776817663","1776818176","1776819199","1776819456","1776819967","1776820736","1776821503","1776822016","1776822271","1776822784","1776823295","1776824064","1776824575","1776825088","1776827135","1776827904","1776828415","1776828672","1776828927","1776829952","1776830207","1776830464","1776830719","1776831232","1776831487","1776831744","1776831999","1776832512","1776832767","1776833024","1776833279","1776833536","1776834047","1776834304","1776834559","1776835072","1776835327","1776835840","1776836095","1776836864","1776837119","1776837632","1776838655","1776839424","1776839679","1776840192","1776841471","1776841728","1776841983","1776842240","1776842495","1776843008","1776843263","1776843776","1776844031","1776844288","1776844543","1776844800","1776873727","1776873984","1776874239","1776874496","1776875007","1776875264","1776875775","1776876288","1776876543","1776877056","1776877567","2583740416","2583743999","2583744256","2583756799","2700214272","2700216319","2700216576","2700217087","2700217344","2700218623","2700222720","2700226559","2700232704","2700233727","2700233984","2700234239","2700234496","2700234751","2700238848","2700241151","2700241408","2700242687","2700243200","2700243967","2700244992","2700246271","2700246528","2700247039","2728272640","2728272895","3288407040","3288408063","3288555008","3288555263","3288913152","3288913663","3289070592","3289070847","3289123328","3289123583","3289645312","3289648639","3289648896","3289653247","3291250688","3291252991","3291253248","3291258879","3291356160","3291356415","3291426816","3291428351","3291428608","3291428863","3291429120","3291430399","3291430912","3291439103","3291546112","3291546367","3301541376","3301541887","3301542656","3301542911","3301545216","3301545727","3302498560","3302502143","3302502400","3302506495","3302532096","3302533119","3302543104","3302543359","3302953472","3302953727","3302957824","3302958079","3317432320","3317438463","3317440768","3317441023","3317442304","3317442559","3317443840","3317444095","3317445632","3317445887","3317446656","3317446911","3317447424","3317447679","3317448192","3317448703","3317449984","3317450239","3317451008","3317451775","3317452288","3317457407","3317457664","3317457919","3317458176","3317458943","3317459200","3317459711","3317459968","3317460991","3317461504","3317462015","3317462272","3317462527","3317465088","3317467135","3317471232","3317473279","3317477376","3317479423","3317479680","3317479935","3317480448","3317480703","3317480960","3317481215","3317483776","3317484031","3317485056","3317485311","3317487616","3317488639","3317489664","3317490175","3317490944","3317491967","3317492480","3317497855","3320381440","3320382975","3320383232","3320384255","3320384512","3320385023","3320385280","3320386047","3320386304","3320386559","3320386816","3320388095","3320388352","3320388607","3320388864","3320389119","3320389376","3320389631","3320389888","3320392191","3320392448","3320392959","3320393216","3320395775","3320396032","3320396287","3320396800","3320397823","3320398080","3320398847","3320399360","3320400127","3320400384","3320401407","3320401664","3320403199","3320403456","3320404991","3320405248","3320405759","3320406016","3320407551","3320407808","3320409087","3320409344","3320409599","3320409856","3320410111","3320410368","3320410623","3320411392","3320413183","3320413440","3320414975","3320415488","3320416767","3320417024","3320417279","3320417792","3320418047","3320418304","3320419327","3320419840","3320420351","3320421376","3320421631","3320421888","3320423167","3320423424","3320423935","3320424448","3320425727","3320426240","3320426751","3320427008","3320427519","3320428032","3320428543","3320429056","3320429823","3320430592","3320431103","3320432128","3320432383","3320432640","3320434175","3320434432","3320435711","3320436224","3320436735","3320436992","3320438527","3320438784","3320441343","3320441600","3320442111","3320442368","3320443135","3320443392","3320444927","3320445184","3320446975","3320463360","3320463871","3320464128","3320464383","3320464640","3320466943","3320467200","3320469503","3320471552","3320476415","3320476672","3320476927","3320477952","3320478207","3320478720","3320479231","3321069568","3321095423","3321095680","3321095935","3321096192","3321102335","3325464064","3325465087","3432517120","3432517631"],"ip2locationv6":["281471373787136","281471373801215","281471373801472","281471373801727","281471373801984","281471373803519","281471381536768","281471381537279","281471381537536","281471381539071","281471381539328","281471381540095","281471381540352","281471381541375","281471381541632","281471381542655","281471381542912","281471381543679","281471381544448","281471381547263","281471381547520","281471381549567","281471381549824","281471381550335","281471381550848","281471381551103","281471381551616","281471381552639","281471381552896","281471381553663","281471381553920","281471381554431","281471381554688","281471381558015","281471381558272","281471381565951","281471381566208","281471381567999","281471381568256","281471381569535","281471381571584","281471381573631","281471381576448","281471381576959","281471381577216","281471381577471","281471381577728","281471381578239","281471381579008","281471381580287","281471381580544","281471381581311","281471381581824","281471381584127","281471381584384","281471381585663","281471381591808","281471381592063","281471381594112","281471381602047","281471382082560","281471382083583","281471382085632","281471382093823","281471382589440","281471382601727","281471383076864","281471383077375","281471383077632","281471383078655","281471383078912","281471383085055","281471383912448","281471383920639","281471383920896","281471383923711","281471383923968","281471383927807","281471383928576","281471383928831","281471383977984","281471383994111","281471384244224","281471384245247","281471643442176","281471643442687","281471988006912","281471988011007","281472107719424","281472107719679","281472289356544","281472289356799","281472397595648","281472397596671","281472406766592","281472406767615","281472406778880","281472406779903","281472407025664","281472407026687","281472407077888","281472407078911","281472407098368","281472407099391","281472407136256","281472407137279","281472407551232","281472407551487","281472458557952","281472458558719","281472458560000","281472458560255","281472458560768","281472458561023","281472458561536","281472458562559","281472458562816","281472458563327","281472458564096","281472458564863","281472458565376","281472458565631","281472458566144","281472458566655","281472458567424","281472458567935","281472458568448","281472458570495","281472458571264","281472458571775","281472458572032","281472458572287","281472458573312","281472458573567","281472458573824","281472458574079","281472458574592","281472458574847","281472458575104","281472458575359","281472458575872","281472458576127","281472458576384","281472458576639","281472458576896","281472458577407","281472458577664","281472458577919","281472458578432","281472458578687","281472458579200","281472458579455","281472458580224","281472458580479","281472458580992","281472458582015","281472458582784","281472458583039","281472458583552","281472458584831","281472458585088","281472458585343","281472458585600","281472458585855","281472458586368","281472458586623","281472458587136","281472458587391","281472458587648","281472458587903","281472458588160","281472458617087","281472458617344","281472458617599","281472458617856","281472458618367","281472458618624","281472458619135","281472458619648","281472458619903","281472458620416","281472458620927","281473265483776","281473265487359","281473265487616","281473265500159","281473381957632","281473381959679","281473381959936","281473381960447","281473381960704","281473381961983","281473381966080","281473381969919","281473381976064","281473381977087","281473381977344","281473381977599","281473381977856","281473381978111","281473381982208","281473381984511","281473381984768","281473381986047","281473381986560","281473381987327","281473381988352","281473381989631","281473381989888","281473381990399","281473410016000","281473410016255","281473970150400","281473970151423","281473970298368","281473970298623","281473970656512","281473970657023","281473970813952","281473970814207","281473970866688","281473970866943","281473971388672","281473971391999","281473971392256","281473971396607","281473972994048","281473972996351","281473972996608","281473973002239","281473973099520","281473973099775","281473973170176","281473973171711","281473973171968","281473973172223","281473973172480","281473973173759","281473973174272","281473973182463","281473973289472","281473973289727","281473983284736","281473983285247","281473983286016","281473983286271","281473983288576","281473983289087","281473984241920","281473984245503","281473984245760","281473984249855","281473984275456","281473984276479","281473984286464","281473984286719","281473984696832","281473984697087","281473984701184","281473984701439","281473999175680","281473999181823","281473999184128","281473999184383","281473999185664","281473999185919","281473999187200","281473999187455","281473999188992","281473999189247","281473999190016","281473999190271","281473999190784","281473999191039","281473999191552","281473999192063","281473999193344","281473999193599","281473999194368","281473999195135","281473999195648","281473999200767","281473999201024","281473999201279","281473999201536","281473999202303","281473999202560","281473999203071","281473999203328","281473999204351","281473999204864","281473999205375","281473999205632","281473999205887","281473999208448","281473999210495","281473999214592","281473999216639","281473999220736","281473999222783","281473999223040","281473999223295","281473999223808","281473999224063","281473999224320","281473999224575","281473999227136","281473999227391","281473999228416","281473999228671","281473999230976","281473999231999","281473999233024","281473999233535","281473999234304","281473999235327","281473999235840","281473999241215","281474002124800","281474002126335","281474002126592","281474002127615","281474002127872","281474002128383","281474002128640","281474002129407","281474002129664","281474002129919","281474002130176","281474002131455","281474002131712","281474002131967","281474002132224","281474002132479","281474002132736","281474002132991","281474002133248","281474002135551","281474002135808","281474002136319","281474002136576","281474002139135","281474002139392","281474002139647","281474002140160","281474002141183","281474002141440","281474002142207","281474002142720","281474002143487","281474002143744","281474002144767","281474002145024","281474002146559","281474002146816","281474002148351","281474002148608","281474002149119","281474002149376","281474002150911","281474002151168","281474002152447","281474002152704","281474002152959","281474002153216","281474002153471","281474002153728","281474002153983","281474002154752","281474002156543","281474002156800","281474002158335","281474002158848","281474002160127","281474002160384","281474002160639","281474002161152","281474002161407","281474002161664","281474002162687","281474002163200","281474002163711","281474002164736","281474002164991","281474002165248","281474002166527","281474002166784","281474002167295","281474002167808","281474002169087","281474002169600","281474002170111","281474002170368","281474002170879","281474002171392","281474002171903","281474002172416","281474002173183","281474002173952","281474002174463","281474002175488","281474002175743","281474002176000","281474002177535","281474002177792","281474002179071","281474002179584","281474002180095","281474002180352","281474002181887","281474002182144","281474002184703","281474002184960","281474002185471","281474002185728","281474002186495","281474002186752","281474002188287","281474002188544","281474002190335","281474002206720","281474002207231","281474002207488","281474002207743","281474002208000","281474002210303","281474002210560","281474002212863","281474002214912","281474002219775","281474002220032","281474002220287","281474002221312","281474002221567","281474002222080","281474002222591","281474002812928","281474002838783","281474002839040","281474002839295","281474002839552","281474002845695","281474007207424","281474007208447","281474114260480","281474114260991","42540578165233772503029418709995225088","42540578165233772521476162783704776703","42540578165233772798177323889348050944","42540578165233772816624067963057602559","42540578165305075533001011556786372608","42540578165305075551447755630495924223","42540578174770961214148928063630475264","42540578174770961232595672137340026879","42540578174804808222512574034413092864","42540578174804808259406062181832196095","42540578174804808277852806255541747712","42540578174804808296299550329251299327","42540578174804808406980014771508609024","42540578174804808425426758845218160639","42540578238905680406412554573256327168","42540578238906889332232169202431033343","42541866732158333464935156624398483456","42541866732159542390754771253573189631","42541866733144816933740694030958723072","42541866733146025859560308660133429247","42541866734943698553327262242921512960","42541866734946116404966491501270925311","50512955744718225496339502297545441280","50512955744719434422159116926720147455","50512955744724270125437575443418972160","50512955744726687977076804701768384511","50521102391036737950942915240784822272","50521102391056080764056749307580121087","50543536578906210492744846689211252736","50543536578915881899301763722608902143","50676817341918495012121034910301421568","50676817341918495030567778984010973183","50676817341918842936161009146154450944","50676817341918842936161009146154451219","50676817341918842936161009146154451221","50676817341918842954607753219864002559","55838750780507746581627742000942940160","55838750780507746600074486074652491775","55838750780508424315005010089869312000","55838750780508424333451754163578863615","55838750780508955507447356630117646336","55838750780508955525894100703827197951","55838750780512582284906200517641764864","55838750780512582303352944591351316479","55838750780513260018283468606568136704","55838750780513260036730212680277688319","55838750780513791210725815146816471040","55838750780513791229172559220526022655","55838750780517417988184659034340589568","55838750780517418006631403108050141183","55838750780518095721561927123266961408","55838750780518095740008671196976513023","55838750780518626914004273663515295744","55838750780518626932451017737224847359","55849932188204434129847128094758928384","55849932188204434148293872168468479999","55849932188204612196267671613060677632","55849932188204616918634154482705891327","55849932188221358150537785144017682432","55849932188221358168984529217727234047","55849932188221508823543379203635281920","55849932188221513545909862073280495615","55849932188272132592239741800326103040","55849932188272132610686485874035654655","55849932188272208150103467714649522176","55849932188272212872469950584294735871","55849932208018651371961368825653362688","55849932208018726929825094739976781823","55849932208037994185075202892448661504","55849932208038069742938928806772080639","55849932208057336998189036959243960320","55849932208057412556052762873567379455","55849932208076679811302871026039259136","55849932208076755369166596940362678271","55849932208096022624416705092834557952","55849932208096098182280431007157977087","55849932208115365437530539159629856768","55849932208115440995394265073953275903","55849932208134708250644373226425155584","55849932208134783808508099140748574719","55849932208154051063758207293220454400","55849932208154126621621933207543873535","55878094339292695379682976376891113472","55878094339292695398129720450600665087","55878094339331381005910644510481711104","55878094339331381024357388584191262719","55878094339370066632138312644072308736","55878094339370066650585056717781860351","55878094339408752258365980777662906368","55878094339408752276812724851372457983","55878094416857375966157584226039365632","55878094416867047372714501259437015039","55878094496085538480421921819583315968","55878094496095209886978838852980965375","55878094553127494353118584798919524352","55878094553137165759675501832317173759","55878094558079254510260105898516021248","55878094558088925916817022931913670655","55878094654754634453202771741419503616","55878094654764305859759688774817153023","55878094733982796967467109334963453952","55878094733992468374024026368361103359","55886055238924609627506622143984238596","55886055238924609627506622143984304127","55886055238924609627506622143984304130","55886055238929445330713022439578664959","55886055238951205995466085764723376128","55886055238956041698744544281422200831","55902808828633666784636708984669077504","55902808828943151794458054053393858559","58564834046448886060282151710394155008","58564834125677048574546489303938105343","58566091555844312463848436439973888000","58566091635072474978112774033517838335","58568935529965924496510694293615149056","58568935609194087010775031887159099391"]},"gollschau":{"name":"Gollschau","latitude":"-23.283330","longitude":"16.533330","postcode":"-","gmtOffset":7200,"gmtOffsetName":"UTC+02:00","ip2locationv6":["55838750780508424241218033795031105536","55838750780508424259664777868740657151","55838750780513259944496492311729930240","55838750780513259962943236385439481855","55838750780518095647774950828428754944","55838750780518095666221694902138306559"]}}},"omaheke":{"name":"Omaheke","cities":{"leonardville":{"name":"Leonardville","latitude":"-23.500000","longitude":"18.800000","postcode":"-","gmtOffset":7200,"gmtOffsetName":"UTC+02:00","ip2locationv4":["692057856","692058111"],"ip2locationv6":["281471373801216","281471373801471"]},"gobabis":{"name":"Gobabis","latitude":"-22.450000","longitude":"18.966670","postcode":"-","gmtOffset":7200,"gmtOffsetName":"UTC+02:00","ip2locationv4":["699800832","699801087","699808000","699808255","699811072","699811327"],"ip2locationv6":["281471381544192","281471381544447","281471381551360","281471381551615","281471381554432","281471381554687","58568976728610431913966242936469323776","58568976748417472542532327334855311359","58568976763272753013956890633644802048","58568976807838594428230580530013274111"]}}},"hardap":{"name":"Hardap","cities":{"aranos":{"name":"Aranos","latitude":"-24.133330","longitude":"19.116670","postcode":"-","gmtOffset":7200,"gmtOffsetName":"UTC+02:00","ip2locationv4":["692058368","692058623","699807232","699807487","699847424","699847679","699848192","699848447","699849216","699849471","699849984","699850239","3317480192","3317480447","3317480704","3317480959","3317481216","3317481471","3317481728","3317482239","3317484032","3317485055","3317485312","3317485567","3317488896","3317489151"],"ip2locationv6":["281471373801728","281471373801983","281471381550592","281471381550847","281471381590784","281471381591039","281471381591552","281471381591807","281471381592576","281471381592831","281471381593344","281471381593599","281473999223552","281473999223807","281473999224064","281473999224319","281473999224576","281473999224831","281473999225088","281473999225599","281473999227392","281473999228415","281473999228672","281473999228927","281473999232256","281473999232511"]},"rehoboth":{"name":"Rehoboth","latitude":"-23.316670","longitude":"17.083330","postcode":"-","gmtOffset":7200,"gmtOffsetName":"UTC+02:00","ip2locationv4":["699803904","699804159","699806208","699806463","699807744","699807999","699810304","699810559","699814656","699814911","1776814336","1776814591","1776816384","1776816639","1776817664","1776817919","3317444608","3317445631","3317445888","3317446655","3317446912","3317447423","3317447680","3317448191","3317448704","3317449983","3317450240","3317451007","3317451776","3317452287","3320386048","3320386303","3320388096","3320388351","3320396544","3320396799","3320397824","3320398079","3320409088","3320409343","3320414976","3320415231","3320417280","3320417791","3320419328","3320419839","3320421120","3320421375","3320423936","3320424191","3320425728","3320425983","3320427520","3320428031","3320428544","3320429055","3320430336","3320430591","3320431872","3320432127","3320434176","3320434431","3320438528","3320438783","3320441344","3320441599"],"ip2locationv6":["281471381547264","281471381547519","281471381549568","281471381549823","281471381551104","281471381551359","281471381553664","281471381553919","281471381558016","281471381558271","281472458557696","281472458557951","281472458559744","281472458559999","281472458561024","281472458561279","281473999187968","281473999188991","281473999189248","281473999190015","281473999190272","281473999190783","281473999191040","281473999191551","281473999192064","281473999193343","281473999193600","281473999194367","281473999195136","281473999195647","281474002129408","281474002129663","281474002131456","281474002131711","281474002139904","281474002140159","281474002141184","281474002141439","281474002152448","281474002152703","281474002158336","281474002158591","281474002160640","281474002161151","281474002162688","281474002163199","281474002164480","281474002164735","281474002167296","281474002167551","281474002169088","281474002169343","281474002170880","281474002171391","281474002171904","281474002172415","281474002173696","281474002173951","281474002175232","281474002175487","281474002177536","281474002177791","281474002181888","281474002182143","281474002184704","281474002184959","55827831898325611906577332082170658816","55827831898325687464441057996494077951"]},"mariental":{"name":"Mariental","latitude":"-24.633330","longitude":"17.966670","postcode":"-","gmtOffset":7200,"gmtOffsetName":"UTC+02:00","ip2locationv4":["699847680","699848191","699848960","699849215","699849728","699849983","3317458944","3317459199","3317483520","3317483775","3321095936","3321096191"],"ip2locationv6":["281471381591040","281471381591551","281471381592320","281471381592575","281471381593088","281471381593343","281473999202304","281473999202559","281473999226880","281473999227135","281474002839296","281474002839551"]},"maltahohe":{"name":"Maltahohe","latitude":"-24.833330","longitude":"16.983330","postcode":"-","gmtOffset":7200,"gmtOffsetName":"UTC+02:00","ip2locationv4":["701335296","701335551","1776875776","1776876031","2700246272","2700246527","3317479424","3317479679"],"ip2locationv6":["281471383078656","281471383078911","281472458619136","281472458619391","281473381989632","281473381989887","281473999222784","281473999223039"]},"hardap":{"name":"Hardap","latitude":"-24.533330","longitude":"17.933330","postcode":"-","gmtOffset":7200,"gmtOffsetName":"UTC+02:00","ip2locationv4":["3317459712","3317459967","3317482496","3317482751","3317483008","3317483263","3317489408","3317489663","3317492224","3317492479"],"ip2locationv6":["281473999203072","281473999203327","281473999225856","281473999226111","281473999226368","281473999226623","281473999232768","281473999233023","281473999235584","281473999235839"]}}},"otjozondjupa":{"name":"Otjozondjupa","cities":{"otjiwarongo":{"name":"Otjiwarongo","latitude":"-20.463690","longitude":"16.647720","postcode":"-","gmtOffset":7200,"gmtOffsetName":"UTC+02:00","ip2locationv4":["699793920","699794175","699795712","699795967","699798016","699798271","699800320","699800831","2700217088","2700217343","3317489152","3317489407","3320388608","3320388863"],"ip2locationv6":["281471381537280","281471381537535","281471381539072","281471381539327","281471381541376","281471381541631","281471381543680","281471381544191","281473381960448","281473381960703","281473999232512","281473999232767","281474002131968","281474002132223"]},"otavi":{"name":"Otavi","latitude":"-19.650000","longitude":"17.333330","postcode":"-","gmtOffset":7200,"gmtOffsetName":"UTC+02:00","ip2locationv4":["699796736","699796991","1776873728","1776873983","3317463040","3317463295","3320382976","3320383231","3320385024","3320385279","3320425984","3320426239","3320435712","3320435967"],"ip2locationv6":["281471381540096","281471381540351","281472458617088","281472458617343","281473999206400","281473999206655","281474002126336","281474002126591","281474002128384","281474002128639","281474002169344","281474002169599","281474002179072","281474002179327"]},"okahandja":{"name":"Okahandja","latitude":"-21.983330","longitude":"16.916670","postcode":"-","gmtOffset":7200,"gmtOffsetName":"UTC+02:00","ip2locationv4":["699799296","699799551","699822592","699822847","699824640","699824895","3320386560","3320386815","3320392192","3320392447","3320399104","3320399359","3320400128","3320400383","3320407552","3320407807","3320409600","3320409855","3320430080","3320430335"],"ip2locationv6":["281471381542656","281471381542911","281471381565952","281471381566207","281471381568000","281471381568255","281474002129920","281474002130175","281474002135552","281474002135807","281474002142464","281474002142719","281474002143488","281474002143743","281474002150912","281474002151167","281474002152960","281474002153215","281474002173440","281474002173695"]},"grootfontein":{"name":"Grootfontein","latitude":"-19.566670","longitude":"18.116670","postcode":"-","gmtOffset":7200,"gmtOffsetName":"UTC+02:00","ip2locationv4":["3317457920","3317458175"],"ip2locationv6":["281473999201280","281473999201535"]}}},"erongo":{"name":"Erongo","cities":{"swakopmund":{"name":"Swakopmund","latitude":"-22.683330","longitude":"14.533330","postcode":"-","gmtOffset":7200,"gmtOffsetName":"UTC+02:00","ip2locationv4":["699806976","699807231","699826176","699826431","699827200","699827455","699827712","699827967","699831296","699831551","1776812544","1776813823","1776814080","1776814335","1776815360","1776815615","1776815872","1776816383","1776816896","1776817407","1776817920","1776818175","1776819200","1776819455","1776819968","1776820735","1776821760","1776822015","1776822272","1776822527","1776823296","1776824063","1776824576","1776825087","1776827136","1776827903","1776829184","1776829951","1776830720","1776831231","1776832768","1776833023","1776833280","1776833535","1776834560","1776835071","1776835328","1776835583","1776836608","1776836863","1776837120","1776837631","1776839168","1776839423","1776841472","1776841727","1776841984","1776842239","1776842496","1776842751","1776843520","1776843775","1776844544","1776844799","1776876800","1776877055","2700234240","2700234495","3289645056","3289645311","3289648640","3289648895","3291252992","3291253247","3302498304","3302498559","3317438464","3317438719","3317439232","3317439487","3317439744","3317440511","3317469184","3317469439","3317470208","3317470463","3317474816","3317475071","3317486080","3317486335","3317486592","3317486847","3317488640","3317488895","3317491968","3317492223","3320396288","3320396543","3320403200","3320403455","3320405760","3320406015","3320410624","3320410879","3320411136","3320411391","3320413184","3320413439","3320423168","3320423423","3320444928","3320445183","3320464384","3320464639","3321095424","3321095679"],"ip2locationv6":["281471381550336","281471381550591","281471381569536","281471381569791","281471381570560","281471381570815","281471381571072","281471381571327","281471381574656","281471381574911","281472458555904","281472458557183","281472458557440","281472458557695","281472458558720","281472458558975","281472458559232","281472458559743","281472458560256","281472458560767","281472458561280","281472458561535","281472458562560","281472458562815","281472458563328","281472458564095","281472458565120","281472458565375","281472458565632","281472458565887","281472458566656","281472458567423","281472458567936","281472458568447","281472458570496","281472458571263","281472458572544","281472458573311","281472458574080","281472458574591","281472458576128","281472458576383","281472458576640","281472458576895","281472458577920","281472458578431","281472458578688","281472458578943","281472458579968","281472458580223","281472458580480","281472458580991","281472458582528","281472458582783","281472458584832","281472458585087","281472458585344","281472458585599","281472458585856","281472458586111","281472458586880","281472458587135","281472458587904","281472458588159","281472458620160","281472458620415","281473381977600","281473381977855","281473971388416","281473971388671","281473971392000","281473971392255","281473972996352","281473972996607","281473984241664","281473984241919","281473999181824","281473999182079","281473999182592","281473999182847","281473999183104","281473999183871","281473999212544","281473999212799","281473999213568","281473999213823","281473999218176","281473999218431","281473999229440","281473999229695","281473999229952","281473999230207","281473999232000","281473999232255","281473999235328","281473999235583","281474002139648","281474002139903","281474002146560","281474002146815","281474002149120","281474002149375","281474002153984","281474002154239","281474002154496","281474002154751","281474002156544","281474002156799","281474002166528","281474002166783","281474002188288","281474002188543","281474002207744","281474002207999","281474002838784","281474002839039","55838750780508424259664777868740657152","55838750780508424278111521942450208767","55838750780513259962943236385439481856","55838750780513259981389980459149033471","55838750780518095666221694902138306560","55838750780518095684668438975847858175","58568764397134893685541492238682423296","58568764476363056199805829832226373631"]},"hentiesbaai":{"name":"Hentiesbaai","latitude":"-22.116670","longitude":"14.283330","postcode":"-","gmtOffset":7200,"gmtOffsetName":"UTC+02:00","ip2locationv4":["699826432","699826687","3317469696","3317469951","3317473536","3317473791"],"ip2locationv6":["281471381569792","281471381570047","281473999213056","281473999213311","281473999216896","281473999217151"]},"walvisbay":{"name":"Walvis Bay","latitude":"-22.957500","longitude":"14.505280","postcode":"-","gmtOffset":7200,"gmtOffsetName":"UTC+02:00","ip2locationv4":["699826688","699827199","699827456","699827711","699827968","699828223","699830272","699831295","699831552","699832319","699836928","699837183","699858688","699858943","702250752","702251007","1776812288","1776812543","1776828416","1776828671","1776830208","1776830463","1776831488","1776831743","1776839680","1776840191","1776843264","1776843519","1776874240","1776874495","1776875008","1776875263","2761976832","2761977855","3302502144","3302502399","3317438720","3317439231","3317439488","3317439743","3317469440","3317469695","3317469952","3317470207","3317470464","3317471231","3317473280","3317473535","3317473792","3317474815","3317475072","3317475327","3317485568","3317486079","3317486848","3317487615","3317490176","3317490687","3320384256","3320384511","3320389120","3320389375","3320389632","3320389887","3320401408","3320401663","3320420864","3320421119","3320421632","3320421887","3320431360","3320431615","3320443136","3320443391"],"ip2locationv6":["281471381570048","281471381570559","281471381570816","281471381571071","281471381571328","281471381571583","281471381573632","281471381574655","281471381574912","281471381575679","281471381580288","281471381580543","281471381602048","281471381602303","281471383994112","281471383994367","281472458555648","281472458555903","281472458571776","281472458572031","281472458573568","281472458573823","281472458574848","281472458575103","281472458583040","281472458583551","281472458586624","281472458586879","281472458617600","281472458617855","281472458618368","281472458618623","281473443720192","281473443721215","281473984245504","281473984245759","281473999182080","281473999182591","281473999182848","281473999183103","281473999212800","281473999213055","281473999213312","281473999213567","281473999213824","281473999214591","281473999216640","281473999216895","281473999217152","281473999218175","281473999218432","281473999218687","281473999228928","281473999229439","281473999230208","281473999230975","281473999233536","281473999234047","281474002127616","281474002127871","281474002132480","281474002132735","281474002132992","281474002133247","281474002144768","281474002145023","281474002164224","281474002164479","281474002164992","281474002165247","281474002174720","281474002174975","281474002186496","281474002186751","55838750780508424296558266016159760384","55838750780508424315005010089869311999","55838750780513259999836724532858585088","55838750780513260018283468606568136703","55838750780518095703115183049557409792","55838750780518095721561927123266961407"]},"arandis":{"name":"Arandis","latitude":"-22.416670","longitude":"14.966670","postcode":"-","gmtOffset":7200,"gmtOffsetName":"UTC+02:00","ip2locationv4":["701334016","701334271","1776838912","1776839167","3320410112","3320410367","3320416768","3320417023","3320420352","3320420607","3320429824","3320430079","3320431616","3320431871","3320442112","3320442367"],"ip2locationv6":["281471383077376","281471383077631","281472458582272","281472458582527","281474002153472","281474002153727","281474002160128","281474002160383","281474002163712","281474002163967","281474002173184","281474002173439","281474002174976","281474002175231","281474002185472","281474002185727"]},"omaruru":{"name":"Omaruru","latitude":"-21.433330","longitude":"15.933330","postcode":"-","gmtOffset":7200,"gmtOffsetName":"UTC+02:00","ip2locationv4":["1776835584","1776835839","3317486336","3317486591"],"ip2locationv6":["281472458578944","281472458579199","281473999229696","281473999229951"]}}},"karas":{"name":"Karas","cities":{"keetmanshoop":{"name":"Keetmanshoop","latitude":"-26.583330","longitude":"18.133330","postcode":"-","gmtOffset":7200,"gmtOffsetName":"UTC+02:00","ip2locationv4":["699809280","699809535","3320398848","3320399103"],"ip2locationv6":["281471381552640","281471381552895","281474002142208","281474002142463"]},"karasburg":{"name":"Karasburg","latitude":"-28.016670","longitude":"18.750000","postcode":"-","gmtOffset":7200,"gmtOffsetName":"UTC+02:00","ip2locationv4":["699832320","699833087","699833600","699833855","699834112","699834367","3320432384","3320432639"],"ip2locationv6":["281471381575680","281471381576447","281471381576960","281471381577215","281471381577472","281471381577727","281474002175744","281474002175999"]},"oranjemund":{"name":"Oranjemund","latitude":"-28.550000","longitude":"16.433330","postcode":"-","gmtOffset":7200,"gmtOffsetName":"UTC+02:00","ip2locationv4":["699846656","699847167","699848704","699848959","699849472","699849727","699850240","699850751","3317479936","3317480191","3317481472","3317481727","3317482240","3317482495","3317483264","3317483519","3320415232","3320415487","3320431104","3320431359","3320435968","3320436223"],"ip2locationv6":["281471381590016","281471381590527","281471381592064","281471381592319","281471381592832","281471381593087","281471381593600","281471381594111","281473999223296","281473999223551","281473999224832","281473999225087","281473999225600","281473999225855","281473999226624","281473999226879","281474002158592","281474002158847","281474002174464","281474002174719","281474002179328","281474002179583"]},"luderitz":{"name":"Luderitz","latitude":"-26.648060","longitude":"15.159440","postcode":"-","gmtOffset":7200,"gmtOffsetName":"UTC+02:00","ip2locationv4":["699847168","699847423"],"ip2locationv6":["281471381590528","281471381590783"]},"bethanie":{"name":"Bethanie","latitude":"-26.483330","longitude":"17.150000","postcode":"-","gmtOffset":7200,"gmtOffsetName":"UTC+02:00","ip2locationv4":["1776828928","1776829183","1776832256","1776832511","3317482752","3317483007"],"ip2locationv6":["281472458572288","281472458572543","281472458575616","281472458575871","281473999226112","281473999226367"]}}},"kunene":{"name":"Kunene","cities":{"outjo":{"name":"Outjo","latitude":"-20.116670","longitude":"16.150000","postcode":"-","gmtOffset":7200,"gmtOffsetName":"UTC+02:00","ip2locationv4":["699834880","699835135","699837952","699838207","699842560","699842815","699845376","699845631","1776832000","1776832255","1776842752","1776843007","1776876032","1776876287"],"ip2locationv6":["281471381578240","281471381578495","281471381581312","281471381581567","281471381585920","281471381586175","281471381588736","281471381588991","281472458575360","281472458575615","281472458586112","281472458586367","281472458619392","281472458619647"]},"opuwo":{"name":"Opuwo","latitude":"-18.060680","longitude":"13.839980","postcode":"-","gmtOffset":7200,"gmtOffsetName":"UTC+02:00","ip2locationv4":["699835392","699835647","1776815616","1776815871","1776834048","1776834303","1776838656","1776838911","3320404992","3320405247"],"ip2locationv6":["281471381578752","281471381579007","281472458558976","281472458559231","281472458577408","281472458577663","281472458582016","281472458582271","281474002148352","281474002148607"]},"khorixas":{"name":"Khorixas","latitude":"-20.366670","longitude":"14.966670","postcode":"-","gmtOffset":7200,"gmtOffsetName":"UTC+02:00","ip2locationv4":["699842816","699843071","699843328","699843839","699844864","699845119","699845888","699846399","1776821504","1776821759","1776876544","1776876799","3317476096","3317477119","3317490688","3317490943"],"ip2locationv6":["281471381586176","281471381586431","281471381586688","281471381587199","281471381588224","281471381588479","281471381589248","281471381589759","281472458564864","281472458565119","281472458619904","281472458620159","281473999219456","281473999220479","281473999234048","281473999234303"]}}},"ohangwena":{"name":"Ohangwena","cities":{"eenhana":{"name":"Eenhana","latitude":"-17.485350","longitude":"16.329400","postcode":"-","gmtOffset":7200,"gmtOffsetName":"UTC+02:00","ip2locationv4":["699835136","699835391"],"ip2locationv6":["281471381578496","281471381578751"]},"oshikango":{"name":"Oshikango","latitude":"-17.400000","longitude":"15.883330","postcode":"-","gmtOffset":7200,"gmtOffsetName":"UTC+02:00","ip2locationv4":["1776844032","1776844287"],"ip2locationv6":["281472458587392","281472458587647"]}}},"kavangoeast":{"name":"Kavango East","cities":{"rundu":{"name":"Rundu","latitude":"-17.933330","longitude":"19.766670","postcode":"-","gmtOffset":7200,"gmtOffsetName":"UTC+02:00","ip2locationv4":["699838208","699838463","699844352","699844607","3317464320","3317464575","3320392960","3320393215"],"ip2locationv6":["281471381581568","281471381581823","281471381587712","281471381587967","281473999207680","281473999207935","281474002136320","281474002136575"]}}},"oshana":{"name":"Oshana","cities":{"oshakati":{"name":"Oshakati","latitude":"-17.783330","longitude":"15.683330","postcode":"-","gmtOffset":7200,"gmtOffsetName":"UTC+02:00","ip2locationv4":["699840768","699841023","1776812032","1776812287","1776836352","1776836607","3320466944","3320467199"],"ip2locationv6":["281471381584128","281471381584383","281472458555392","281472458555647","281472458579712","281472458579967","281474002210304","281474002210559"]},"ongwediva":{"name":"Ongwediva","latitude":"-17.783330","longitude":"15.766670","postcode":"-","gmtOffset":7200,"gmtOffsetName":"UTC+02:00","ip2locationv4":["699842304","699842559","2700241152","2700241407","3317443072","3317443327"],"ip2locationv6":["281471381585664","281471381585919","281473381984512","281473381984767","281473999186432","281473999186687"]},"ondangwa":{"name":"Ondangwa","latitude":"-17.916670","longitude":"15.950000","postcode":"-","gmtOffset":7200,"gmtOffsetName":"UTC+02:00","ip2locationv4":["3317440512","3317440767","3317441024","3317442303","3317442560","3317443071","3317443328","3317443839","3317444096","3317444607","3320395776","3320396031","3320418048","3320418303","3320426752","3320427007","3320436736","3320436991"],"ip2locationv6":["281473999183872","281473999184127","281473999184384","281473999185663","281473999185920","281473999186431","281473999186688","281473999187199","281473999187456","281473999187967","281474002139136","281474002139391","281474002161408","281474002161663","281474002170112","281474002170367","281474002180096","281474002180351"]}}},"oshikoto":{"name":"Oshikoto","cities":{"tsumeb":{"name":"Tsumeb","latitude":"-19.233330","longitude":"17.716670","postcode":"-","gmtOffset":7200,"gmtOffsetName":"UTC+02:00","ip2locationv4":["699843072","699843327","699844608","699844863","699845120","699845375","699846400","699846655","1776813824","1776814079","3317457408","3317457663","3317461248","3317461503","3317462016","3317462271","3317462528","3317463039","3317463296","3317464319","3317464576","3317465087","3317467136","3317469183","3317475328","3317476095"],"ip2locationv6":["281471381586432","281471381586687","281471381587968","281471381588223","281471381588480","281471381588735","281471381589760","281471381590015","281472458557184","281472458557439","281473999200768","281473999201023","281473999204608","281473999204863","281473999205376","281473999205631","281473999205888","281473999206399","281473999206656","281473999207679","281473999207936","281473999208447","281473999210496","281473999212543","281473999218688","281473999219455","55838750780508424278111521942450208768","55838750780508424296558266016159760383","55838750780513259981389980459149033472","55838750780513259999836724532858585087","55838750780518095684668438975847858176","55838750780518095703115183049557409791"]}}},"zambezi":{"name":"Zambezi","cities":{"katimamulilo":{"name":"Katima Mulilo","latitude":"-17.500000","longitude":"24.266670","postcode":"-","gmtOffset":7200,"gmtOffsetName":"UTC+02:00","ip2locationv4":["699843840","699844351","699845632","699845887","3317460992","3317461247","3317477120","3317477375"],"ip2locationv6":["281471381587200","281471381587711","281471381588992","281471381589247","281473999204352","281473999204607","281473999220480","281473999220735"]}}},"omusati":{"name":"Omusati","cities":{"ongandjera":{"name":"Ongandjera","latitude":"-17.883330","longitude":"15.066670","postcode":"-","gmtOffset":7200,"gmtOffsetName":"UTC+02:00","ip2locationv4":["1776822528","1776822783","2583744000","2583744255","3320424192","3320424447"],"ip2locationv6":["281472458565888","281472458566143","281473265487360","281473265487615","281474002167552","281474002167807"]},"outapi":{"name":"Outapi","latitude":"-17.503750","longitude":"14.983830","postcode":"-","gmtOffset":7200,"gmtOffsetName":"UTC+02:00","ip2locationv4":["1776836096","1776836351"],"ip2locationv6":["281472458579456","281472458579711"]}}},"kavangowest":{"name":"Kavango West","cities":{"nkurenkuru":{"name":"Nkurenkuru","latitude":"-17.641820","longitude":"18.619660","postcode":"-","gmtOffset":7200,"gmtOffsetName":"UTC+02:00","ip2locationv4":["3320410880","3320411135","3320420608","3320420863"],"ip2locationv6":["281474002154240","281474002154495","281474002163968","281474002164223"]}}}}}