{"id":73,"name":"Fiji Islands","iso3":"FJI","iso2":"FJ","numeric_code":"242","phone_code":"679","capital":"Suva","currency":"FJD","currency_name":"Fijian dollar","currency_symbol":"FJ$","tld":".fj","native":"Fiji","region":"Oceania","region_id":"5","subregion":"Melanesia","subregion_id":"20","nationality":"Fijian","timezones":[{"zoneName":"Pacific/Fiji","gmtOffset":43200,"gmtOffsetName":"UTC+12:00","abbreviation":"FJT","tzName":"Fiji Time"}],"translations":{"kr":"\ud53c\uc9c0","pt-BR":"Fiji","pt":"Fiji","nl":"Fiji","hr":"Fi\u0111i","fa":"\u0641\u06cc\u062c\u06cc","de":"Fidschi","es":"Fiyi","fr":"Fidji","ja":"\u30d5\u30a3\u30b8\u30fc","it":"Figi","cn":"\u6590\u6d4e","tr":"Fiji"},"latitude":"-18.00000000","longitude":"175.00000000","emoji":"\ud83c\uddeb\ud83c\uddef","emojiU":"U+1F1EB U+1F1EF","states":{"ba":{"id":1917,"name":"Ba","state_code":"01","latitude":"36.06138930","longitude":"-95.80058720","type":null},"bua":{"id":1930,"name":"Bua","state_code":"02","latitude":"43.09645840","longitude":"-89.50088000","type":null},"cakaudrove":{"id":1924,"name":"Cakaudrove","state_code":"03","latitude":"-16.58141050","longitude":"179.51200840","type":null},"centraldivision":{"id":1929,"name":"Central Division","state_code":"C","latitude":"34.04400660","longitude":"-118.24727380","type":null,"cities":{"naitasiriprovince":{"id":39145,"name":"Naitasiri Province","latitude":"-17.83333000","longitude":"178.25000000"},"namosiprovince":{"id":39146,"name":"Namosi Province","latitude":"-18.05000000","longitude":"178.13333000"},"rewaprovince":{"id":39149,"name":"Rewa Province","latitude":"-18.08333000","longitude":"178.33333000"},"seruaprovince":{"id":39150,"name":"Serua Province","latitude":"-18.16667000","longitude":"178.00000000"},"suva":{"id":39151,"name":"Suva","latitude":"-18.14161000","longitude":"178.44149000"},"tailevuprovince":{"id":39152,"name":"Tailevu Province","latitude":"-17.83333000","longitude":"178.50000000"}}},"easterndivision":{"id":1932,"name":"Eastern Division","state_code":"E","latitude":"32.80943050","longitude":"-117.12899370","type":null,"cities":{"kadavuprovince":{"id":39137,"name":"Kadavu Province","latitude":"-18.99331000","longitude":"178.22021000"},"lauprovince":{"id":39139,"name":"Lau Province","latitude":"-18.20488000","longitude":"-178.79251000"},"levuka":{"id":39141,"name":"Levuka","latitude":"-18.06667000","longitude":"179.31667000"},"lomaivitiprovince":{"id":39142,"name":"Lomaiviti Province","latitude":"-17.66667000","longitude":"178.80000000"}}},"kadavu":{"id":1934,"name":"Kadavu","state_code":"04","latitude":"-19.01271220","longitude":"178.18766760","type":null},"lau":{"id":1933,"name":"Lau","state_code":"05","latitude":"31.66870150","longitude":"-106.39557630","type":null},"lomaiviti":{"id":1916,"name":"Lomaiviti","state_code":"06","latitude":"-17.70900000","longitude":"179.09100000","type":null},"macuata":{"id":1922,"name":"Macuata","state_code":"07","latitude":"-16.48649220","longitude":"179.28472510","type":null},"nadroga-navosa":{"id":1919,"name":"Nadroga-Navosa","state_code":"08","latitude":"-17.98652780","longitude":"177.65811300","type":null},"naitasiri":{"id":1927,"name":"Naitasiri","state_code":"09","latitude":"-17.89757540","longitude":"178.20715980","type":null},"namosi":{"id":1928,"name":"Namosi","state_code":"10","latitude":"-18.08641760","longitude":"178.12913870","type":null},"northerndivision":{"id":1921,"name":"Northern Division","state_code":"N","latitude":"32.87687660","longitude":"-117.21563450","type":null,"cities":{"buaprovince":{"id":39135,"name":"Bua Province","latitude":"-16.83333000","longitude":"178.75000000"},"cakaudroveprovince":{"id":39136,"name":"Cakaudrove Province","latitude":"-16.66667000","longitude":"179.41667000"},"labasa":{"id":39138,"name":"Labasa","latitude":"-16.43320000","longitude":"179.36451000"},"macuataprovince":{"id":39143,"name":"Macuata Province","latitude":"-16.50000000","longitude":"179.25000000"}}},"ra":{"id":1926,"name":"Ra","state_code":"11","latitude":"37.10031530","longitude":"-95.67442460","type":null},"rewa":{"id":1920,"name":"Rewa","state_code":"12","latitude":"34.79235170","longitude":"-82.36092640","type":null},"rotuma":{"id":1931,"name":"Rotuma","state_code":"R","latitude":"-12.50250690","longitude":"177.07241640","type":null,"cities":{"gaol":{"name":"Gaol","latitude":"-12.501700","longitude":"177.047000","postcode":"-","gmtOffset":43200,"gmtOffsetName":"UTC+12:00","ip2locationv4":["243872512","243872767"],"ip2locationv6":["281470925615872","281470925616127"]}}},"serua":{"id":1925,"name":"Serua","state_code":"13","latitude":"-18.18047490","longitude":"178.05097900","type":null},"tailevu":{"id":1918,"name":"Tailevu","state_code":"14","latitude":"-17.82691110","longitude":"178.29324800","type":null},"westerndivision":{"id":1923,"name":"Western Division","state_code":"W","latitude":"42.96621980","longitude":"-78.70211340","type":null,"cities":{"ba":{"id":39133,"name":"Ba","latitude":"-17.53430000","longitude":"177.67407000"},"baprovince":{"id":39134,"name":"Ba Province","latitude":"-17.66667000","longitude":"177.66667000"},"lautoka":{"id":39140,"name":"Lautoka","latitude":"-17.61686000","longitude":"177.45049000"},"nadi":{"id":39144,"name":"Nadi","latitude":"-17.80309000","longitude":"177.41617000"},"nandrongaandnavosaprovince":{"id":39147,"name":"Nandronga and Navosa Province","latitude":"-18.00000000","longitude":"177.66667000"},"raprovince":{"id":39148,"name":"Ra Province","latitude":"-17.50000000","longitude":"178.16667000"}}},"central":{"name":"Central","cities":{"suva":{"name":"Suva","latitude":"-18.141610","longitude":"178.441490","postcode":"-","gmtOffset":43200,"gmtOffsetName":"UTC+12:00","ip2locationv4":["243869184","243869439","461078528","461081087","461081600","461081855","461082112","461084159","461084416","461088767","461089024","461089791","461090048","461093119","461093376","461094911","762703872","762704383","762704896","762705151","960930304","960930815","1348221696","1348221951","1728165376","1728165887","1731483648","1731484671","1731859456","1731860479","1732758528","1732758783","1733074176","1733074431","1734552320","1734552575","1734733824","1734734847","1735695360","1735695615","1737736704","1737737215","1737766400","1737766911","1739768576","1739768831","1744102400","1744102655","1847810048","1847812095","1897152512","1897155327","1897155584","1897160703","2011908608","2011908863","2011910656","2011912447","2011912960","2011915519","2011915776","2011916287","2087458816","2087460863","2423783424","2423784191","2423784448","2423799295","2423799552","2423848959","2644977920","2644978175","2890174720","2890174975","3075571712","3075575807","3389037568","3389037823","3389038080","3389038335","3393091072","3393091327","3393091584","3393092095","3393092352","3393093375","3397510400","3397510655","3397510912","3397511167","3398021120","3398023167","3398897664","3398899711","3398899968","3398901759","3400146944","3400151039","3406910464","3406910719","3411278592","3411278847","3413586688","3413586943","3419073280","3419073535","3461572864","3461573119","3523674112","3523675135","3523675392","3523675647","3523676160","3523677183","3523677440","3523678975","3523679232","3523680255","3523680512","3523680767","3523681024","3523681279","3523681536","3523682303"],"ip2locationv6":["281470925612544","281470925612799","281471142821888","281471142824447","281471142824960","281471142825215","281471142825472","281471142827519","281471142827776","281471142832127","281471142832384","281471142833151","281471142833408","281471142836479","281471142836736","281471142838271","281471444447232","281471444447743","281471444448256","281471444448511","281471642673664","281471642674175","281472029965056","281472029965311","281472409908736","281472409909247","281472413227008","281472413228031","281472413602816","281472413603839","281472414501888","281472414502143","281472414817536","281472414817791","281472416295680","281472416295935","281472416477184","281472416478207","281472417438720","281472417438975","281472419480064","281472419480575","281472419509760","281472419510271","281472421511936","281472421512191","281472425845760","281472425846015","281472529553408","281472529555455","281472578895872","281472578898687","281472578898944","281472578904063","281472693651968","281472693652223","281472693654016","281472693655807","281472693656320","281472693658879","281472693659136","281472693659647","281472769202176","281472769204223","281473105526784","281473105527551","281473105527808","281473105542655","281473105542912","281473105592319","281473326721280","281473326721535","281473571918080","281473571918335","281473757315072","281473757319167","281474070780928","281474070781183","281474070781440","281474070781695","281474074834432","281474074834687","281474074834944","281474074835455","281474074835712","281474074836735","281474079253760","281474079254015","281474079254272","281474079254527","281474079764480","281474079766527","281474080641024","281474080643071","281474080643328","281474080645119","281474081890304","281474081894399","281474088653824","281474088654079","281474093021952","281474093022207","281474095330048","281474095330303","281474100816640","281474100816895","281474143316224","281474143316479","281474205417472","281474205418495","281474205418752","281474205419007","281474205419520","281474205420543","281474205420800","281474205422335","281474205422592","281474205423615","281474205423872","281474205424127","281474205424384","281474205424639","281474205424896","281474205425663","42540578165216864032944015797888483328","42540578165216864051390759871598034943","42540768946583793313362787945060237312","42540768946585002239182402574234943487","42540770848234987899551011420447440896","42540770848236196825370626049622147071","42540771029727394420836445531561525248","42540771029728603346656060160736231423","42540771030191621935568463134648696832","42540771030194039787207692392998109183","42540771056807332780204139044979867648","42540771056809750631843368303329279999","42540771271125702081485599136890748928","42540771271126911007305213766065455103","47856325179670830773771315906328133632","47856325179672039699590930535502839807","47859043020293402037469924393775792128","47859043099521564551734261987319742463","47861776074987494100059551285886582784","47861776154215656614323888879430533119","47862065099324346136363092534217408512","47862065178552508650627430127761358847","47863084290406929632801895883594530816","47863084369635092147066233477138481151","47863429091370191711199102986866393088","47863429170598354225463440580410343423","47869204507504831524352321966670086144","47869204586732994038616659560214036479","47879726087024373352470427265543438336","47879726087333858362291772334268219391","47884279429410355043791049167292334080","47884279429487726296246385434473529343","47884279444652491777492293801987801088","47884279444729863029947630069168996351","47888391666989886004573376066386657280","47888391746218048518837713659930607615","47888716185543544431300159222407233536","47888716264771706945564496815951183871","47891799111803299485204599204602707968","47891799191031461999468936798146658303","50521102391539651091902600977462591488","50521102391558993905016435044257890303","50541822693432487404683069151091097600","50541822693451830217796903217886396415","50541822696338745075036637687084744704","50541822696358087888150471753880043519","50543536570501758194783944666653917184","50543536570511429601340861700051566591","55838750793738230751490243688927330304","55838750793738230769936987762636881919","55838750793738845249428827101510762496","55838750793738845267875571175220314111","55838750793739439677309858318102036480","55838750793739439695756602391811588095","55838750793743066454768702205626155008","55838750793743066473215446279335706623","55838750793743680952707285618209587200","55838750793743680971154029691919138815","55838750793744275380588316834800861184","55838750793744275399035060908510412799","55838750793747902158047160722324979712","55838750793747902176493904796034531327","55838750793748516655985744134908411904","55838750793748516674432488208617963519","55838750793749111083866775351499685888","55838750793749111102313519425209237503","55838750793752737861325619239023804416","55838750793752737879772363312733356031","55838750793753352359264202651607236608","55838750793753352377710946725316788223","55838750793753946787145233868198510592","55838750793753946805591977941908062207","55849932188183881062748106091701207040","55849932188183881081194850165410758655","55849932188183970732371048393831612416","55849932188183975454737531263476826111","55849932188198388283263946084054990848","55849932188198388301710690157764542463","55849932188198496731672355422508941312","55849932188198501454038838292154155007","55849932188231029114372844408386093056","55849932188231029132819588482095644671","55849932188231104672236570322709512192","55849932188231109394603053192354725887","55849932188287848683234964200725938176","55849932188287848701681708274435489791","55849932188287938352857906502856343552","55849932188287943075224389372501557247","55849932208011926722089762450869059584","55849932208012002279953488365192478719","55849932208031269535203596517664358400","55849932208031345093067322431987777535","55849932208050612348317430584459657216","55849932208050687906181156498783076351","55849932208069955161431264651254956032","55849932208070030719294990565578375167","55849932208089297974545098718050254848","55849932208089373532408824632373673983","55849932208108640787658932784845553664","55849932208108716345522658699168972799","55849932208127983600772766851640852480","55849932208128059158636492765964271615","55849932208147326413886600918436151296","55849932208147401971750326832759570431","55878094325520612442633120818638356480","55878094325520612461079864892347908095","55878094325559298068860788952228954112","55878094325559298087307533025938505727","55878094325597983695088457085819551744","55878094325597983713535201159529103359","55878094325636669321316125219410149376","55878094325636669339762869293119700991","55878094408452923668196682203482030080","55878094408462595074753599236879679487","55878094487681086182461019797025980416","55878094487690757589017936830423629823","55878094552276410576109885859926376448","55878094552286081982666802893324025855","55878094557228170733251406959522873344","55878094557237842139808323992920522751","55878094646243796683115782351488024576","55878094646253468089672699384885673983","55878094725471959197380119945031974912","55878094725481630603937036978429624319","55931082442769540545800524005023678464","55931082442977475786774240223073140735"]},"nausori":{"name":"Nausori","latitude":"-18.031340","longitude":"178.530630","postcode":"-","gmtOffset":43200,"gmtOffsetName":"UTC+12:00","ip2locationv4":["2011912448","2011912959","3397510144","3397510399","3523675904","3523676159"],"ip2locationv6":["281472693655808","281472693656319","281474079253504","281474079253759","281474205419264","281474205419519"]}}},"eastern":{"name":"Eastern","cities":{"draiba":{"name":"Draiba","latitude":"-17.695200","longitude":"178.836000","postcode":"-","gmtOffset":43200,"gmtOffsetName":"UTC+12:00","ip2locationv4":["461081088","461081599"],"ip2locationv6":["281471142824448","281471142824959"]},"nukumataisettlement":{"name":"Nukumatai Settlement","latitude":"-17.690200","longitude":"178.835000","postcode":"-","gmtOffset":43200,"gmtOffsetName":"UTC+12:00","ip2locationv4":["762704384","762704895"],"ip2locationv6":["281471444447744","281471444448255"]},"waidradranusettlement":{"name":"Waidradranu Settlement","latitude":"-17.650100","longitude":"178.747000","postcode":"-","gmtOffset":43200,"gmtOffsetName":"UTC+12:00","ip2locationv4":["762705152","762705407"],"ip2locationv6":["281471444448512","281471444448767"]},"kadavu":{"name":"Kadavu","latitude":"-19.036800","longitude":"178.381000","postcode":"-","gmtOffset":43200,"gmtOffsetName":"UTC+12:00","ip2locationv6":["47854418630903769456613264420482580480","47854418710131931970877602014026530815"]}}},"western":{"name":"Western","cities":{"nadi":{"name":"Nadi","latitude":"-17.800000","longitude":"177.416670","postcode":"-","gmtOffset":43200,"gmtOffsetName":"UTC+12:00","ip2locationv4":["461081856","461082111","461084160","461084415","461088768","461089023","461089792","461090047","461093120","461093375","762372096","762373119","762705408","762705919","1728164864","1728165119","1733157120","1733157375","1737064704","1737064959","1744102912","1744103423","1897155328","1897155583","2011906048","2011906303","2423799296","2423799551","3393091328","3393091583","3393092096","3393092351","3393093376","3393093631","3397510656","3397510911","3398899712","3398899967","3523675136","3523675391","3523678976","3523679231","3523680768","3523681023","3523681280","3523681535"],"ip2locationv6":["281471142825216","281471142825471","281471142827520","281471142827775","281471142832128","281471142832383","281471142833152","281471142833407","281471142836480","281471142836735","281471444115456","281471444116479","281471444448768","281471444449279","281472409908224","281472409908479","281472414900480","281472414900735","281472418808064","281472418808319","281472425846272","281472425846783","281472578898688","281472578898943","281472693649408","281472693649663","281473105542656","281473105542911","281474074834688","281474074834943","281474074835456","281474074835711","281474074836736","281474074836991","281474079254016","281474079254271","281474080643072","281474080643327","281474205418496","281474205418751","281474205422336","281474205422591","281474205424128","281474205424383","281474205424640","281474205424895","42540771321571758682364845339030061056","42540771321572967608184459968204767231"]},"lautoka":{"name":"Lautoka","latitude":"-17.616860","longitude":"177.450490","postcode":"-","gmtOffset":43200,"gmtOffsetName":"UTC+12:00","ip2locationv4":["1728165120","1728165375","1744102656","1744102911","2011906304","2011908607","2011908864","2011910655","2011915520","2011915775","3523680256","3523680511"],"ip2locationv6":["281472409908480","281472409908735","281472425846016","281472425846271","281472693649664","281472693651967","281472693652224","281472693654015","281472693658880","281472693659135","281474205423616","281474205423871"]}}},"northern":{"name":"Northern","cities":{"labasa":{"name":"Labasa","latitude":"-16.416670","longitude":"179.383330","postcode":"-","gmtOffset":43200,"gmtOffsetName":"UTC+12:00","ip2locationv4":["3523675648","3523675903","3523677184","3523677439"],"ip2locationv6":["281474205419008","281474205419263","281474205420544","281474205420799"]}}}}}