{"id":217,"name":"Tajikistan","iso3":"TJK","iso2":"TJ","numeric_code":"762","phone_code":"992","capital":"Dushanbe","currency":"TJS","currency_name":"Tajikistani somoni","currency_symbol":"SM","tld":".tj","native":"\u0422\u043e\u04b7\u0438\u043a\u0438\u0441\u0442\u043e\u043d","region":"Asia","region_id":"3","subregion":"Central Asia","subregion_id":"10","nationality":"Tajikistani","timezones":[{"zoneName":"Asia/Dushanbe","gmtOffset":18000,"gmtOffsetName":"UTC+05:00","abbreviation":"TJT","tzName":"Tajikistan Time"}],"translations":{"kr":"\ud0c0\uc9c0\ud0a4\uc2a4\ud0c4","pt-BR":"Tajiquist\u00e3o","pt":"Tajiquist\u00e3o","nl":"Tadzjikistan","hr":"Ta\u0111ikistan","fa":"\u062a\u0627\u062c\u06cc\u06a9\u0633\u062a\u0627\u0646","de":"Tadschikistan","es":"Tayikist\u00e1n","fr":"Tadjikistan","ja":"\u30bf\u30b8\u30ad\u30b9\u30bf\u30f3","it":"Tagikistan","cn":"\u5854\u5409\u514b\u65af\u5766","tr":"Tacikistan"},"latitude":"39.00000000","longitude":"71.00000000","emoji":"\ud83c\uddf9\ud83c\uddef","emojiU":"U+1F1F9 U+1F1EF","states":{"districtsofrepublicansubordination":{"id":3397,"name":"districts of Republican Subordination","state_code":"RA","latitude":"39.08579020","longitude":"70.24083250","type":null,"cities":{"darband":{"id":106769,"name":"Darband","latitude":"38.86776000","longitude":"69.96642000"},"hisor":{"id":106774,"name":"Hisor","latitude":"38.52504000","longitude":"68.55124000"},"karakenja":{"id":106779,"name":"Karakenja","latitude":"39.23585000","longitude":"71.52412000"},"khodzha-maston":{"id":106780,"name":"Khodzha-Maston","latitude":"38.74457000","longitude":"68.62702000"},"novobod":{"id":106800,"name":"Novobod","latitude":"39.01084000","longitude":"70.15082000"},"obigarm":{"id":106801,"name":"Obigarm","latitude":"38.71731000","longitude":"69.70885000"},"rasht":{"id":106811,"name":"Rasht","latitude":"39.02871000","longitude":"70.37446000"},"roghun":{"id":106812,"name":"Roghun","latitude":"38.69331000","longitude":"69.73692000"},"shahrinav":{"id":106813,"name":"Shahrinav","latitude":"38.57085000","longitude":"68.33498000"},"tagob":{"id":106819,"name":"Tagob","latitude":"38.83827000","longitude":"68.89847000"},"tursunzoda":{"id":106821,"name":"Tursunzoda","latitude":"38.51271000","longitude":"68.23163000"},"vahdat":{"id":106822,"name":"Vahdat","latitude":"38.55632000","longitude":"69.01354000"},"vahdatdistrict":{"id":106823,"name":"Vahdat District","latitude":"38.83333000","longitude":"69.33333000"},"varzob":{"id":106825,"name":"Varzob","latitude":"38.77369000","longitude":"68.81776000"},"varzobdistrict":{"id":106826,"name":"Varzob District","latitude":"38.75000000","longitude":"68.75000000"}}},"gorno-badakhshanautonomousprovince":{"id":3399,"name":"Gorno-Badakhshan Autonomous Province","state_code":"GB","latitude":"38.41273200","longitude":"73.08774900","type":null,"cities":{"ishqoshim":{"id":106776,"name":"Ishqoshim","latitude":"36.72484000","longitude":"71.61331000"},"khorugh":{"id":106781,"name":"Khorugh","latitude":"37.48974000","longitude":"71.55304000"},"murghob":{"id":106790,"name":"Murghob","latitude":"38.17023000","longitude":"73.96674000"},"nohiyaishughnon":{"id":106796,"name":"Nohiyai Shughnon","latitude":"37.70004000","longitude":"72.16748000"}}},"khatlonprovince":{"id":3398,"name":"Khatlon Province","state_code":"KT","latitude":"37.91135620","longitude":"69.09702300","type":null,"cities":{"abdurahmonijom\u00ed":{"id":106760,"name":"Abdurahmoni Jom\u00ed","latitude":"37.94636000","longitude":"68.80878000"},"boshchorbogh":{"id":106763,"name":"Boshchorbogh","latitude":"37.52027000","longitude":"68.12825000"},"b\u016dstonqal\u2019a":{"id":106765,"name":"B\u016dstonqal\u2019a","latitude":"37.84783000","longitude":"68.83125000"},"chubek":{"id":106767,"name":"Chubek","latitude":"37.61453000","longitude":"69.70525000"},"danghara":{"id":106768,"name":"Danghara","latitude":"38.09578000","longitude":"69.33998000"},"d\u016dst\u00ed":{"id":106770,"name":"D\u016dst\u00ed","latitude":"37.34812000","longitude":"68.66398000"},"farkhor":{"id":106771,"name":"Farkhor","latitude":"37.49219000","longitude":"69.40356000"},"gharav\u016dt\u00ed":{"id":106773,"name":"Gharav\u016dt\u00ed","latitude":"37.56703000","longitude":"68.44668000"},"jilik\u016dl":{"id":106778,"name":"Jilik\u016dl","latitude":"37.49167000","longitude":"68.53106000"},"kirov":{"id":106784,"name":"Kirov","latitude":"37.81908000","longitude":"68.85905000"},"kolkhozobod":{"id":106785,"name":"Kolkhozobod","latitude":"37.58823000","longitude":"68.65886000"},"k\u016dlob":{"id":106788,"name":"K\u016dlob","latitude":"37.91459000","longitude":"69.78454000"},"moskovskiy":{"id":106789,"name":"Moskovskiy","latitude":"37.60931000","longitude":"68.58094000"},"m\u016d\u2019minobod":{"id":106791,"name":"M\u016d\u2019minobod","latitude":"38.10714000","longitude":"70.03213000"},"nohiyaikolkhozobod":{"id":106793,"name":"Nohiyai Kolkhozobod","latitude":"37.57277000","longitude":"68.81528000"},"nohiyaipanj":{"id":106795,"name":"Nohiyai Panj","latitude":"37.31611000","longitude":"69.16679000"},"nohiyaivakhsh":{"id":106797,"name":"Nohiyai Vakhsh","latitude":"37.75602000","longitude":"68.94138000"},"norak":{"id":106798,"name":"Norak","latitude":"38.38917000","longitude":"69.32272000"},"orzu":{"id":106803,"name":"Orzu","latitude":"37.55820000","longitude":"68.81952000"},"panj":{"id":106806,"name":"Panj","latitude":"37.23634000","longitude":"69.09911000"},"q\u016drghonteppa":{"id":106810,"name":"Q\u016drghonteppa","latitude":"37.83399000","longitude":"68.78186000"},"shahritus":{"id":106814,"name":"Shahritus","latitude":"37.26206000","longitude":"68.13849000"},"sovet":{"id":106817,"name":"Sovet","latitude":"38.04670000","longitude":"69.58822000"},"tartiki":{"id":106820,"name":"Tartiki","latitude":"37.58221000","longitude":"68.13347000"},"vakhsh":{"id":106824,"name":"Vakhsh","latitude":"37.71485000","longitude":"68.83456000"},"vose\u2019":{"id":106828,"name":"Vose\u2019","latitude":"37.80396000","longitude":"69.64417000"},"yovon":{"id":106829,"name":"Yovon","latitude":"38.31408000","longitude":"69.03784000"}}},"sughdprovince":{"id":3400,"name":"Sughd Province","state_code":"SU","latitude":"39.51553260","longitude":"69.09702300","type":null,"cities":{"adrasmon":{"id":106761,"name":"Adrasmon","latitude":"40.64928000","longitude":"69.98472000"},"ayn\u00ed":{"id":106762,"name":"Ayn\u00ed","latitude":"39.39406000","longitude":"68.53766000"},"b\u016dston":{"id":106764,"name":"B\u016dston","latitude":"40.52286000","longitude":"69.33307000"},"chkalov":{"id":106766,"name":"Chkalov","latitude":"40.23417000","longitude":"69.69481000"},"ghafurov":{"id":106772,"name":"Ghafurov","latitude":"40.21571000","longitude":"69.72867000"},"isfara":{"id":106775,"name":"Isfara","latitude":"40.12649000","longitude":"70.62526000"},"istaravshan":{"id":106777,"name":"Istaravshan","latitude":"39.91420000","longitude":"69.00328000"},"kh\u016djand":{"id":106782,"name":"Kh\u016djand","latitude":"40.28256000","longitude":"69.62216000"},"kim":{"id":106783,"name":"Kim","latitude":"40.20798000","longitude":"70.46882000"},"konibodom":{"id":106786,"name":"Konibodom","latitude":"40.29414000","longitude":"70.43122000"},"konsoy":{"id":106787,"name":"Konsoy","latitude":"40.49155000","longitude":"69.70245000"},"neftobod":{"id":106792,"name":"Neftobod","latitude":"40.21524000","longitude":"70.57193000"},"nohiyaikonibodom":{"id":106794,"name":"Nohiyai Konibodom","latitude":"40.26877000","longitude":"70.33057000"},"nov":{"id":106799,"name":"Nov","latitude":"40.15220000","longitude":"69.37076000"},"oltintopkan":{"id":106802,"name":"Oltintopkan","latitude":"40.65425000","longitude":"69.59811000"},"pakhtakoron":{"id":106804,"name":"Pakhtakoron","latitude":"40.15709000","longitude":"68.74659000"},"palos":{"id":106805,"name":"Palos","latitude":"40.31628000","longitude":"69.73743000"},"panjakent":{"id":106807,"name":"Panjakent","latitude":"39.49524000","longitude":"67.60931000"},"proletar":{"id":106808,"name":"Proletar","latitude":"40.16713000","longitude":"69.50163000"},"quruqsoy":{"id":106809,"name":"Quruqsoy","latitude":"40.57648000","longitude":"69.37962000"},"shaydon":{"id":106815,"name":"Shaydon","latitude":"40.66992000","longitude":"70.35020000"},"sh\u016drob":{"id":106816,"name":"Sh\u016drob","latitude":"40.04605000","longitude":"70.54117000"},"taboshar":{"id":106818,"name":"Taboshar","latitude":"40.57017000","longitude":"69.64175000"},"vorukh":{"id":106827,"name":"Vorukh","latitude":"39.85125000","longitude":"70.58012000"}}},"dushanbe":{"name":"Dushanbe","cities":{"dushanbe":{"name":"Dushanbe","latitude":"38.535750","longitude":"68.779050","postcode":"734018","gmtOffset":18000,"gmtOffsetName":"UTC+05:00","ip2locationv4":["627218432","627220223","761190400","761190911","761191168","761191423","763125760","763126271","764311808","764312063","773111808","773112831","773113344","773114367","773114880","773115903","962239488","962239999","1046073344","1046073599","1046073856","1046074111","1046076416","1046077439","1048217600","1048219647","1298071552","1298073599","1307873280","1307877375","1336588288","1336590335","1347022848","1347023103","1402277632","1402277887","1426620672","1426620927","1426685952","1426686207","1426686464","1426689023","1426689280","1426690559","1426691072","1426691327","1426691584","1426702335","1500018944","1500019199","1539381760","1539382015","1539889152","1539889663","1539889920","1539890175","1541054976","1541055487","1541056512","1541056767","1541057024","1541057279","1541929984","1541931007","1542136832","1542137855","1590104064","1590104831","1590105088","1590106111","1596890112","1596890367","1603162112","1603162879","1603163136","1603163647","1603164160","1603166207","1823155712","1823155967","1833232384","1833232895","1833233920","1833234431","1833582592","1833583615","1833583872","1833584127","1833584384","1833586687","1833644032","1833644287","1833644800","1833645055","1833645824","1833646079","1833646336","1833647359","1833647872","1833648127","1841588480","1841588735","2378251008","2378251263","2450765568","2450765823","2632580864","2632581119","2632714496","2632715263","2653861888","2653862399","2960228608","2960230911","2960231168","2960232447","3106562048","3106563071","3110724608","3110724863","3110725120","3110725631","3111714816","3111715327","3111715584","3111715839","3114678272","3114679295","3115385088","3115385855","3116315648","3116316671","3116549120","3116550143","3117441024","3117442047","3118387968","3118388223","3240198656","3240199167","3240200192","3240200703","3241791488","3241792511","3245279744","3245280255","3272019712","3272019967","3287705088","3287705599","3580729600","3580729855","3641188352","3641188863","3641189120","3641190911","3641191168","3641191679","3641421824","3641422079","3641422336","3641422591","3641422848","3641423359","3641423616","3641424127","3641424128","3641425407","3641425664","3641425919"],"ip2locationv6":["281471308961792","281471308963583","281471442933760","281471442934271","281471442934528","281471442934783","281471444869120","281471444869631","281471446055168","281471446055423","281471454855168","281471454856191","281471454856704","281471454857727","281471454858240","281471454859263","281471643982848","281471643983359","281471727816704","281471727816959","281471727817216","281471727817471","281471727819776","281471727820799","281471729960960","281471729963007","281471979814912","281471979816959","281471989616640","281471989620735","281472018331648","281472018333695","281472028766208","281472028766463","281472084020992","281472084021247","281472108364032","281472108364287","281472108429312","281472108429567","281472108429824","281472108432383","281472108432640","281472108433919","281472108434432","281472108434687","281472108434944","281472108445695","281472181762304","281472181762559","281472221125120","281472221125375","281472221632512","281472221633023","281472221633280","281472221633535","281472222798336","281472222798847","281472222799872","281472222800127","281472222800384","281472222800639","281472223673344","281472223674367","281472223880192","281472223881215","281472271847424","281472271848191","281472271848448","281472271849471","281472278633472","281472278633727","281472284905472","281472284906239","281472284906496","281472284907007","281472284907520","281472284909567","281472504899072","281472504899327","281472514975744","281472514976255","281472514977280","281472514977791","281472515325952","281472515326975","281472515327232","281472515327487","281472515327744","281472515330047","281472515387392","281472515387647","281472515388160","281472515388415","281472515389184","281472515389439","281472515389696","281472515390719","281472515391232","281472515391487","281472523331840","281472523332095","281473059994368","281473059994623","281473132508928","281473132509183","281473314324224","281473314324479","281473314457856","281473314458623","281473335605248","281473335605759","281473641971968","281473641974271","281473641974528","281473641975807","281473788305408","281473788306431","281473792467968","281473792468223","281473792468480","281473792468991","281473793458176","281473793458687","281473793458944","281473793459199","281473796421632","281473796422655","281473797128448","281473797129215","281473798059008","281473798060031","281473798292480","281473798293503","281473799184384","281473799185407","281473800131328","281473800131583","281473921942016","281473921942527","281473921943552","281473921944063","281473923534848","281473923535871","281473927023104","281473927023615","281473953763072","281473953763327","281473969448448","281473969448959","281474262472960","281474262473215","281474322931712","281474322932223","281474322932480","281474322934271","281474322934528","281474322935039","281474323165184","281474323165439","281474323165696","281474323165951","281474323166208","281474323166719","281474323166976","281474323167487","281474323167488","281474323168767","281474323169024","281474323169279","42540578165198727138830512345610977280","42540578165198727157277256419320528895","42540578165216821513198925897372008448","42540578165216821531645669971081560063","42540578165233766784538755860034224128","42540578165233766802985499933743775743","42540578165292985647615566758914555904","42540578165292985666062310832624107519","42540578165300310204051194242026962944","42540578165300310222497938315736514559","42540578165302661407604085187766386688","42540578165302661426050829261475938303","42540578174768574334592998563618226176","42540578174768574353039742637327777791","42540578174773378383258626594726477824","42540578174773378401705370668436029439","42540578174775876588915040931882729472","42540578174775876607361785005592281087","42540578174785492046497182404210327552","42540578174785492064943926477919879167","42540578174785507209720810993461755904","42540578174785507228167555067171307519","42540578174785522668092344762066010112","42540578174785522686539088835775561727","42540578174785526966183713936391536640","42540578174785526984630458010101088255","42540578174785532260399263091032850432","42540578174785532278846007164742402047","42540578187741521868682218641341546496","42540578187742730794501833270516252671","42540578205073891344497157119103991808","42540578205075100270316771748278697983","42540578228088212172500852717985464320","42540578228089421098320467347160170495","42540578233573108616092425283627384832","42540578233574317541912039912802091007","42540619365766590506790652080407183360","42540619365767799432610266709581889535","50541822698524482956899887234953510912","50541822698563168583127555368544108543","50543536582262188567995057278195597312","50543536582271859974551974311593246719","55834661989821742464314263102692524032","55834662623647042578428963851044126719","55838750785227392981403254298995851264","55838750785227392999849998372705402879","55838750785228057064189907842854027264","55838750785228057082636651916563578879","55838750785228601907222868928170557440","55838750785228601925669613001880109055","55838750785232228684681712815694675968","55838750785232228703128456889404227583","55838750785232892767468366359552851968","55838750785232892785915110433262403583","55838750785233437610501327444869382144","55838750785233437628948071518578933759","55838750785237064387960171332393500672","55838750785237064406406915406103052287","55838750785237728470746824876251676672","55838750785237728489193568949961228287","55838750785238273313779785961568206848","55838750785238273332226530035277758463","55838750785241900091238629849092325376","55838750785241900109685373922801876991","55838750785242564174025283392950501376","55838750785242564192472027466660052991","55838750785243109017058244478267031552","55838750785243109035504988551976583167","55849932188198389426962078654047191040","55849932188198389445408822727756742655","55849932188198628957933875772574924800","55849932188198633680300358642220138495","55849932188220149612099796062743560192","55849932188220149630546540136453111807","55849932188220285730624315965524934656","55849932188220290452990798835170148351","55849932188303567449008077289010757632","55849932188303567467454821362720309247","55849932188303923563402420251904704512","55849932188303928285768903121549918207","55849932208023109285921197770735091712","55849932208023184843784923685058510847","55849932208042452099035031837530390528","55849932208042527656898757751853809663","55849932208061794912148865904325689344","55849932208061870470012591818649108479","55849932208081137725262699971120988160","55849932208081213283126425885444407295","55849932208100480538376534037916286976","55849932208100556096240259952239706111","55849932208119823351490368104711585792","55849932208119898909354094019035004927","55849932208139166164604202171506884608","55849932208139241722467928085830303743","55849932208158508977718036238302183424","55849932208158584535581762152625602559","55853643837445732124439108515111370752","55853643837446941050258723144286076927","55875472733245490081666047965686398976","55875472812473652595930385559230349311","55878094348422503169412655904272154624","55878094348422503187859399977981706239","55878094348461188795640324037862752256","55878094348461188814087068111572303871","55878094348499874421867992171453349888","55878094348499874440314736245162901503","55878094348538560048095660305043947520","55878094348538560066542404378753499135","55878094420213354041407794815023710208","55878094420223025447964711848421359615","55878094499441516555672132408567660544","55878094499451187962229049441965309951","55878094553698107339976689769380839424","55878094553707778746533606802778488831","55878094558649867497118210868977336320","55878094558659538903675127902374985727","55878094658187983780908318597585043456","55878094658197655187465235630982692863","55878094737416146295172656191128993792","55878094737425817701729573224526643199","55880340511550366482567795305995042816","55880341145375666596682496054346645503","55881871833475442183684803323467137024","55881871912703604697949140917011087359","55885730561902536913982959288024301568","55885731195727837028097660036375904255","55886876518045143233361912307721961472","55886877151870443347476613056073564159","55888230368886186982362710786745303040","55888230448114349496627048380289253375","55908979273910722641206408824810897408","55908979907736022755321109573162500095","55925230554605648542133596559903817728","55925231188430948656248297308255420415","55926777088337926982003422537814376448","55926777722163227096118123286165979135","55928273153730683835490201428228571136","55928273232958846349754539021772521471","55929693239629910222577031695417999360","55929693239934559529119918247443955711","55931426830739564127448112445171695616","55931427464564864241562813193523298303","55931888255558047202950257245138452480","55931888889383347317064957993490055167"]}}},"sughd":{"name":"Sughd","cities":{"khujand":{"name":"Khujand","latitude":"40.285270","longitude":"69.627920","postcode":"735701","gmtOffset":18000,"gmtOffsetName":"UTC+05:00","ip2locationv4":["627220224","627220479","760292608","760292863","761190912","761191167","1539889664","1539889919","1541054720","1541054975","1603163648","1603164159","1833232896","1833233919","1833583616","1833583871","1833647360","1833647871","2725778688","2725778943","3641188864","3641189119","3641422592","3641422847","3653593344","3653593599"],"ip2locationv6":["281471308963584","281471308963839","281471442035968","281471442036223","281471442934272","281471442934527","281472221633024","281472221633279","281472222798080","281472222798335","281472284907008","281472284907519","281472514976256","281472514977279","281472515326976","281472515327231","281472515390720","281472515391231","281473407522048","281473407522303","281474322932224","281474322932479","281474323165952","281474323166207","281474335336704","281474335336959","55838750785228057082636651916563578880","55838750785228057101083395990273130495","55838750785232892785915110433262403584","55838750785232892804361854506971955199","55838750785237728489193568949961228288","55838750785237728507640313023670779903","55838750785242564192472027466660052992","55838750785242564210918771540369604607"]},"chkalovsk":{"name":"Chkalovsk","latitude":"40.234170","longitude":"69.694810","postcode":"735730","gmtOffset":18000,"gmtOffsetName":"UTC+05:00","ip2locationv4":["773112832","773113087"],"ip2locationv6":["281471454856192","281471454856447"]},"konibodom":{"name":"Konibodom","latitude":"40.284340","longitude":"70.442570","postcode":"-","gmtOffset":18000,"gmtOffsetName":"UTC+05:00","ip2locationv4":["773114368","773114623","3641190912","3641191167","3641191936","3641192191"],"ip2locationv6":["281471454857728","281471454857983","281474322934272","281474322934527","281474322935296","281474322935551"]},"adrasmon":{"name":"Adrasmon","latitude":"40.647160","longitude":"69.985590","postcode":"-","gmtOffset":18000,"gmtOffsetName":"UTC+05:00","ip2locationv4":["773114624","773114879"],"ip2locationv6":["281471454857984","281471454858239"]},"proletarsk":{"name":"Proletarsk","latitude":"40.167040","longitude":"69.503980","postcode":"-","gmtOffset":18000,"gmtOffsetName":"UTC+05:00","ip2locationv4":["1046073600","1046073855","1308083712","1308083967","1426691328","1426691583","1833584128","1833584383","2960228352","2960228607","3641191680","3641191935"],"ip2locationv6":["281471727816960","281471727817215","281471989827072","281471989827327","281472108434688","281472108434943","281472515327488","281472515327743","281473641971712","281473641971967","281474322935040","281474322935295"]},"isfara":{"name":"Isfara","latitude":"40.126480","longitude":"70.625260","postcode":"-","gmtOffset":18000,"gmtOffsetName":"UTC+05:00","ip2locationv4":["1541054464","1541054719"],"ip2locationv6":["281472222797824","281472222798079"]},"istaravshan":{"name":"Istaravshan","latitude":"39.914200","longitude":"69.003280","postcode":"-","gmtOffset":18000,"gmtOffsetName":"UTC+05:00","ip2locationv4":["3641192192","3641192447"],"ip2locationv6":["281474322935552","281474322935807"]}}},"nohiyahoitobeijumhuri":{"name":"Nohiyahoi Tobei Jumhuri","cities":{"obigarm":{"name":"Obigarm","latitude":"38.717310","longitude":"69.708850","postcode":"-","gmtOffset":18000,"gmtOffsetName":"UTC+05:00","ip2locationv4":["773113088","773113343"],"ip2locationv6":["281471454856448","281471454856703"]},"hisor":{"name":"Hisor","latitude":"38.525040","longitude":"68.551240","postcode":"-","gmtOffset":18000,"gmtOffsetName":"UTC+05:00","ip2locationv4":["1426689024","1426689279"],"ip2locationv6":["281472108432384","281472108432639"]},"karakenja":{"name":"Karakenja","latitude":"39.235850","longitude":"71.524120","postcode":"-","gmtOffset":18000,"gmtOffsetName":"UTC+05:00","ip2locationv4":["1541056768","1541057023"],"ip2locationv6":["281472222800128","281472222800383","55857122388266838972537575854756069376","55857122388344210224992912121937264639"]},"tursunzoda":{"name":"Tursunzoda","latitude":"38.514370","longitude":"68.233270","postcode":"-","gmtOffset":18000,"gmtOffsetName":"UTC+05:00","ip2locationv4":["1541057280","1541057535","1833644288","1833644543","2960230912","2960231167"],"ip2locationv6":["281472222800640","281472222800895","281472515387648","281472515387903","281473641974272","281473641974527"]},"vahdat":{"name":"Vahdat","latitude":"38.560256","longitude":"69.016551","postcode":"-","gmtOffset":18000,"gmtOffsetName":"UTC+05:00","ip2locationv4":["1590104832","1590105087","3111715328","3111715583"],"ip2locationv6":["281472271848192","281472271848447","281473793458688","281473793458943"]}}},"khatlon":{"name":"Khatlon","cities":{"qurghonteppa":{"name":"Qurghonteppa","latitude":"37.836390","longitude":"68.780280","postcode":"-","gmtOffset":18000,"gmtOffsetName":"UTC+05:00","ip2locationv4":["1046074112","1046074367","1603162880","1603163135","1833644544","1833644799","1833645312","1833645567","1833646080","1833646335"],"ip2locationv6":["281471727817472","281471727817727","281472284906240","281472284906495","281472515387904","281472515388159","281472515388672","281472515388927","281472515389440","281472515389695"]},"kuybishevsk":{"name":"Kuybishevsk","latitude":"37.946360","longitude":"68.808780","postcode":"-","gmtOffset":18000,"gmtOffsetName":"UTC+05:00","ip2locationv4":["1426690560","1426691071"],"ip2locationv6":["281472108433920","281472108434431"]},"vakhsh":{"name":"Vakhsh","latitude":"37.714850","longitude":"68.834560","postcode":"-","gmtOffset":18000,"gmtOffsetName":"UTC+05:00","ip2locationv4":["1833645056","1833645311"],"ip2locationv6":["281472515388416","281472515388671"]},"bustonqal\u0027a":{"name":"Bustonqal\u0027a","latitude":"37.847830","longitude":"68.831250","postcode":"-","gmtOffset":18000,"gmtOffsetName":"UTC+05:00","ip2locationv4":["3110724864","3110725119","3641423360","3641423615"],"ip2locationv6":["281473792468224","281473792468479","281474323166720","281474323166975"]},"kulob":{"name":"Kulob","latitude":"37.914530","longitude":"69.783030","postcode":"735360","gmtOffset":18000,"gmtOffsetName":"UTC+05:00","ip2locationv4":["3115384832","3115385087","3641422080","3641422335","3641425408","3641425663"],"ip2locationv6":["281473797128192","281473797128447","281474323165440","281474323165695","281474323168768","281474323169023"]}}},"kuhistonibadakhshon":{"name":"Kuhistoni Badakhshon","cities":{"khorugh":{"name":"Khorugh","latitude":"37.489740","longitude":"71.553040","postcode":"736000","gmtOffset":18000,"gmtOffsetName":"UTC+05:00","ip2locationv4":["1426686208","1426686463"],"ip2locationv6":["281472108429568","281472108429823"]},"eshkashem":{"name":"Eshkashem","latitude":"36.724840","longitude":"71.613310","postcode":"-","gmtOffset":18000,"gmtOffsetName":"UTC+05:00","ip2locationv4":["1833645568","1833645823"],"ip2locationv6":["281472515388928","281472515389183"]}}}}}