{"id":26,"name":"Bhutan","iso3":"BTN","iso2":"BT","numeric_code":"064","phone_code":"975","capital":"Thimphu","currency":"BTN","currency_name":"Bhutanese ngultrum","currency_symbol":"Nu.","tld":".bt","native":"\u02bcbrug-yul","region":"Asia","region_id":"3","subregion":"Southern Asia","subregion_id":"14","nationality":"Bhutanese","timezones":[{"zoneName":"Asia/Thimphu","gmtOffset":21600,"gmtOffsetName":"UTC+06:00","abbreviation":"BTT","tzName":"Bhutan Time"}],"translations":{"kr":"\ubd80\ud0c4","pt-BR":"But\u00e3o","pt":"But\u00e3o","nl":"Bhutan","hr":"Butan","fa":"\u0628\u0648\u062a\u0627\u0646","de":"Bhutan","es":"But\u00e1n","fr":"Bhoutan","ja":"\u30d6\u30fc\u30bf\u30f3","it":"Bhutan","cn":"\u4e0d\u4e39","tr":"Butan"},"latitude":"27.50000000","longitude":"90.50000000","emoji":"\ud83c\udde7\ud83c\uddf9","emojiU":"U+1F1E7 U+1F1F9","states":{"bumthangdistrict":{"id":240,"name":"Bumthang District","state_code":"33","latitude":"27.64183900","longitude":"90.67730460","type":null,"cities":{"jakar":{"id":15709,"name":"Jakar","latitude":"27.54918000","longitude":"90.75250000"}}},"chukhadistrict":{"id":239,"name":"Chukha District","state_code":"12","latitude":"27.07843040","longitude":"89.47421770","type":null,"cities":{"daphu":{"id":15706,"name":"Daphu","latitude":"26.96667000","longitude":"89.38333000"},"phuntsholing":{"id":15716,"name":"Phuntsholing","latitude":"26.85164000","longitude":"89.38837000"},"tsimasham":{"id":15726,"name":"Tsimasham","latitude":"27.09890000","longitude":"89.53604000"}}},"daganadistrict":{"id":238,"name":"Dagana District","state_code":"22","latitude":"27.03228610","longitude":"89.88793040","type":null,"cities":{"daga":{"id":15705,"name":"Daga","latitude":"27.07529000","longitude":"89.87688000"},"wangduephodrang":{"id":15728,"name":"Wangdue Phodrang","latitude":"27.48615000","longitude":"89.89915000"}}},"gasadistrict":{"id":229,"name":"Gasa District","state_code":"GA","latitude":"28.01858860","longitude":"89.92532330","type":null,"cities":{"gasa":{"id":15707,"name":"Gasa","latitude":"27.90372000","longitude":"89.72689000"}}},"haadistrict":{"id":232,"name":"Haa District","state_code":"13","latitude":"27.26516690","longitude":"89.17059980","type":null,"cities":{"ha":{"id":15708,"name":"Ha","latitude":"27.38747000","longitude":"89.28074000"}}},"lhuntsedistrict":{"id":234,"name":"Lhuntse District","state_code":"44","latitude":"27.82649890","longitude":"91.13530200","type":null,"cities":{"lhuentse":{"id":15710,"name":"Lhuentse","latitude":"27.66787000","longitude":"91.18393000"}}},"mongardistrict":{"id":242,"name":"Mongar District","state_code":"42","latitude":"27.26170590","longitude":"91.28910360","type":null,"cities":{"mongar":{"id":15711,"name":"Mongar","latitude":"27.27471000","longitude":"91.23963000"}}},"parodistrict":{"id":237,"name":"Paro District","state_code":"11","latitude":"27.42859490","longitude":"89.41665160","type":null,"cities":{"paro":{"id":15714,"name":"Paro","latitude":"27.43050000","longitude":"89.41334000"}}},"pemagatsheldistrict":{"id":244,"name":"Pemagatshel District","state_code":"43","latitude":"27.00238200","longitude":"91.34692470","type":null,"cities":{"pemagatshel":{"id":15715,"name":"Pemagatshel","latitude":"27.03795000","longitude":"91.40305000"}}},"punakhadistrict":{"id":235,"name":"Punakha District","state_code":"23","latitude":"27.69037160","longitude":"89.88793040","type":null,"cities":{"pajo":{"id":15712,"name":"Pajo","latitude":"27.53333000","longitude":"89.88333000"},"pun\u0101kha":{"id":15717,"name":"Pun\u0101kha","latitude":"27.59137000","longitude":"89.87743000"}}},"samdrupjongkhardistrict":{"id":243,"name":"Samdrup Jongkhar District","state_code":"45","latitude":"26.80356820","longitude":"91.50392070","type":null,"cities":{"samdrupjongkhar":{"id":15718,"name":"Samdrup Jongkhar","latitude":"26.80069000","longitude":"91.50519000"}}},"samtsedistrict":{"id":246,"name":"Samtse District","state_code":"14","latitude":"27.02918320","longitude":"89.05615320","type":null,"cities":{"samtse":{"id":15719,"name":"Samtse","latitude":"26.89903000","longitude":"89.09951000"}}},"sarpangdistrict":{"id":247,"name":"Sarpang District","state_code":"31","latitude":"26.93730410","longitude":"90.48799160","type":null,"cities":{"sarpang":{"id":15720,"name":"Sarpang","latitude":"26.86395000","longitude":"90.26745000"}}},"thimphudistrict":{"id":241,"name":"Thimphu District","state_code":"15","latitude":"27.47122160","longitude":"89.63390410","type":null,"cities":{"thimphu":{"id":15722,"name":"Thimphu","latitude":"27.46609000","longitude":"89.64191000"}}},"trashigangdistrict":{"id":236,"name":"Trashigang District","state_code":"41","latitude":"27.25667950","longitude":"91.75388170","type":null,"cities":{"trashigang":{"id":15724,"name":"Trashigang","latitude":"27.33310000","longitude":"91.55424000"}}},"trongsadistrict":{"id":245,"name":"Trongsa District","state_code":"32","latitude":"27.50022690","longitude":"90.50806340","type":null},"tsirangdistrict":{"id":230,"name":"Tsirang District","state_code":"21","latitude":"27.03220700","longitude":"90.18696440","type":null,"cities":{"trongsa":{"id":15725,"name":"Trongsa","latitude":"27.50260000","longitude":"90.50716000"},"tsirang":{"id":15727,"name":"Tsirang","latitude":"27.02190000","longitude":"90.12291000"}}},"wangduephodrangdistrict":{"id":231,"name":"Wangdue Phodrang District","state_code":"24","latitude":"27.45260460","longitude":"90.06749280","type":null,"cities":{"trashiyangtse":{"id":15723,"name":"Trashi Yangtse","latitude":"27.61160000","longitude":"91.49800000"}}},"zhemgangdistrict":{"id":233,"name":"Zhemgang District","state_code":"34","latitude":"27.07697500","longitude":"90.82940020","type":null,"cities":{"panbang":{"id":15713,"name":"Panbang","latitude":"26.86667000","longitude":"90.98333000"},"shemgang":{"id":15721,"name":"Shemgang","latitude":"27.21689000","longitude":"90.65793000"}}},"trongsa":{"name":"Trongsa","cities":{"trongsa":{"name":"Trongsa","latitude":"27.516670","longitude":"90.500000","postcode":"-","gmtOffset":21600,"gmtOffsetName":"UTC+06:00","ip2locationv4":["95863808","95864063","737249280","737249535","1730011648","1730011903","1732717056","1732717311","1986496768","1986497023","1986497536","1986497791","3701403136","3701403391"],"ip2locationv6":["281470777607168","281470777607423","281471418992640","281471418992895","281472411755008","281472411755263","281472414460416","281472414460671","281472668240128","281472668240383","281472668240896","281472668241151","281474383146496","281474383146751"]}}},"thimphu":{"name":"Thimphu","cities":{"thimphu":{"name":"Thimphu","latitude":"27.466090","longitude":"89.641910","postcode":"11001","gmtOffset":21600,"gmtOffsetName":"UTC+06:00","ip2locationv4":["135560192","135560447","607266048","607266303","736459776","736460799","736546816","736547071","737249536","737250303","759232512","759233535","763804672","763804927","961139200","961139711","1053138176","1053138431","1728576512","1728577535","1730011136","1730011391","1732716544","1732717055","1732717312","1732717567","1733193472","1733193727","1733194752","1733195263","1733323776","1733324799","1734432512","1734432767","1735741440","1735741695","1735884288","1735884543","1736523264","1736523775","1736825600","1736825855","1738008320","1738008575","1738668288","1738668543","1738942976","1738943487","1739836928","1739837439","1741008896","1741009151","1741009408","1741009663","1743420928","1743421439","1744171776","1744172031","1744589824","1744590079","1986496512","1986496767","1986497792","1986498047","1986498304","1986498559","1996644352","1996647679","1996647936","1996648191","1996648448","1996649215","1996649472","1996651775","1996652288","1996652543","2634710528","2634711551","2634713088","2634713599","2634714624","2634715135","2890259200","2890259455","3331450112","3331450367","3394836480","3394838527","3398467584","3398468863","3398469120","3398469887","3398470144","3398472191","3398472448","3398475775","3701402624","3701403135","3701403392","3701403647"],"ip2locationv6":["281470817303552","281470817303807","281471289009408","281471289009663","281471418203136","281471418204159","281471418290176","281471418290431","281471418992896","281471418993663","281471440975872","281471440976895","281471445548032","281471445548287","281471642882560","281471642883071","281471734881536","281471734881791","281472410319872","281472410320895","281472411754496","281472411754751","281472414459904","281472414460415","281472414460672","281472414460927","281472414936832","281472414937087","281472414938112","281472414938623","281472415067136","281472415068159","281472416175872","281472416176127","281472417484800","281472417485055","281472417627648","281472417627903","281472418266624","281472418267135","281472418568960","281472418569215","281472419751680","281472419751935","281472420411648","281472420411903","281472420686336","281472420686847","281472421580288","281472421580799","281472422752256","281472422752511","281472422752768","281472422753023","281472425164288","281472425164799","281472425915136","281472425915391","281472426333184","281472426333439","281472668239872","281472668240127","281472668241152","281472668241407","281472668241664","281472668241919","281472678387712","281472678391039","281472678391296","281472678391551","281472678391808","281472678392575","281472678392832","281472678395135","281472678395648","281472678395903","281473316453888","281473316454911","281473316456448","281473316456959","281473316457984","281473316458495","281473572002560","281473572002815","281474013193472","281474013193727","281474076579840","281474076581887","281474080210944","281474080212223","281474080212480","281474080213247","281474080213504","281474080215551","281474080215808","281474080219135","281474383145984","281474383146495","281474383146752","281474383147007","42540578165184183098613501228992167936","42540578165184183117060245302701719551","42540578165184257051610492730584596480","42540578165184257070057236804294148095","42540578165214434725876716765907517440","42540578165214434744323460839617069055","42540578174773417527249551006395006976","42540578174773417545696295080104558591","42540578239525859351874859339880595456","42540578239527068277694473969055301631","42540770392497759198686949027237330944","42540770392500177050326178285586743295","42540770491532962341517371019167268864","42540770491534171267336985648341975039","42540770920943413468633653874800984064","42540770920944622394453268503975690239","42540771058741614091587545724509749248","42540771058742823017407160353684455423","42540771155533050913213215968185024512","42540771155534259839032830597359730687","42540771294646562827907824359974109184","42540771294647771753727438989148815359","42540771311204010853349785536749895680","42540771311206428704989014795099308031","42540771315691543495759289033259220992","42540771315692752421578903662433927167","47852618567051445370863139101930946560","47852618646279607885127476695474896895","47853797482109657624206531035911946240","47853797561337820138470868629455896575","47853845652832466296923787910633750528","47853845732060628811188125504177700863","47856325178072630840240776137366568960","47856325178073839766060390766541275135","47859332044630254073773465642106617856","47859332123858416588037803235650568191","47867896292085395991609977368962138112","47867896371313558505874314962506088447","47870522864129068882929878538003677184","47870522943357231397194216131547627519","47874706111109822039954817658581417984","47874706190337984554219155252125368319","47882388073747205110127887680005996544","47882388123593634504478277811491045375","47882388123594843430297892440665751552","47882388123597261281937121699015163903","47882388123598470207756736328189870080","47882388123600888059395965586539282431","47882388123602096985215580215713988608","47882388152975367624392225273549946879","47882955981216107356899758203042004992","47882956139672432385428433390129905663","47890181589637408264488289411312648192","47890181595526085931831148121306431487","47890181595527294857650762750481137664","47890181668865570778752627004856598527","50543536560095324739541216730783154176","50543536560104996146098133764180803583","50547156965370246506794530728788885504","50547156965371455432614145357963591679","50549190276929385809295687553206190080","50549190276930594735115302182380896255","55838750781590944116002449741479673856","55838750781590944134449193815189225471","55838750781591619414409500100745232384","55838750781591619432856244174454783999","55838750781591619488196476395583438848","55838750781591619506643220469292990463","55838750781592153041822064370654380032","55838750781592153060268808444363931647","55838750781600615522559366774877323264","55838750781600615541006110848586874879","55838750781601290820966417134142881792","55838750781601290839413161207852433407","55838750781601290894753393428981088256","55838750781601290913200137502690639871","55838750781601824448378981404052029440","55838750781601824466825725477761581055","55838750781602499746786031763317587968","55838750781602499765232775837027139583","55838750781602499820573008058155794432","55838750781602499839019752131865346047","55838750781603033374198596033226735616","55838750781603033392645340106936287231","55838750781604242300018210662401441792","55838750781604242318464954736110993407","55838750781605451225837825291576147968","55838750781605451244284569365285699583","55838750781606126524244875650841706496","55838750781606126542691619724551258111","55838750781606126598031851945679912960","55838750781606126616478596019389464575","55838750781606660151657439920750854144","55838750781606660170104183994460405759","55838750781610286929116283808274972672","55838750781610286947563027881984524287","55838750781610962227523334167540531200","55838750781610962245970078241250082815","55838750781610962301310310462378737664","55838750781610962319757054536088289279","55838750781611495854935898437449678848","55838750781611495873382642511159230463","55849932188183881044301362017991655424","55849932188183881062748106091701207039","55849932188183966010004565524186398720","55849932188183970732371048393831612415","55849932188197179209870378865203871744","55849932188197179228317122938913423359","55849932188197259471653843575462952960","55849932188197264194020326445108166655","55849932188198388246370457936635887616","55849932188198388264817202010345439231","55849932188198487286939389683218513920","55849932188198492009305872552863727615","55849932188260043739871965130189176832","55849932188260043758318709203898728447","55849932188260137781373252901483315200","55849932188260142503739735771128528895","55849932188287848664788220127016386560","55849932188287848683234964200725938175","55849932188287933630491423633211129856","55849932188287938352857906502856343551","55849932188304773976750962335943753728","55849932188304773995197706409653305343","55849932188304868036698994180947443712","55849932188304872759065477050592657407","55849932208009055523268177706579132416","55849932208009131081131903620902551551","55849932208028398336382011773374431232","55849932208028473894245737687697850367","55849932208047741149495845840169730048","55849932208047816707359571754493149183","55849932208067083962609679906965028864","55849932208067159520473405821288447999","55849932208086426775723513973760327680","55849932208086502333587239888083746815","55849932208105769588837348040555626496","55849932208105845146701073954879045631","55849932208125112401951182107350925312","55849932208125187959814908021674344447","55849932208144455215065016174146224128","55849932208144530772928742088469643263","55878094235352880186676003823178219520","55878094235354089112495618452352925695","55878094319485654751116891978505125888","55878094319485654769563636052214677503","55878094319524340377344560112095723520","55878094319524340395791304185805275135","55878094319563026003572228245686321152","55878094319563026022018972319395872767","55878094319601711629799896379276918784","55878094319601711648246640452986470399","55878094398046490212953954267611267072","55878094398056161619510871301008916479","55878094477274652727218291861155217408","55878094477284324133775208894552866815","55878094551908897126947038590815698944","55878094551918568533503955624213348351","55878094556860657284088559690412195840","55878094556870328690645476723809845247","55878094635769663381974635181833715712","55878094635779334788531552215231365119","55878094714997825896238972775377666048","55878094715007497302795889808775315455","55882404246772268295359173218277523456","55882404246773477221178787847452229631"]}}},"samdrupjongkhar":{"name":"Samdrup Jongkhar","cities":{"samdrupjongkhar":{"name":"Samdrup Jongkhar","latitude":"26.800700","longitude":"91.535200","postcode":"41001","gmtOffset":21600,"gmtOffsetName":"UTC+06:00","ip2locationv4":["1730011392","1730011647","1741009664","1741009919"],"ip2locationv6":["281472411754752","281472411755007","281472422753024","281472422753279","55838750781591619469749732321873887232","55838750781591619488196476395583438847","55838750781601290876306649355271536640","55838750781601290894753393428981088255","55838750781602499802126263984446242816","55838750781602499820573008058155794431","55838750781606126579585107871970361344","55838750781606126598031851945679912959","55838750781610962282863566388669186048","55838750781610962301310310462378737663"]},"bhangtar":{"name":"Bhangtar","latitude":"26.816700","longitude":"91.716700","postcode":"-","gmtOffset":21600,"gmtOffsetName":"UTC+06:00","ip2locationv4":["3398469888","3398470143"],"ip2locationv6":["281474080213248","281474080213503"]}}},"sarpang":{"name":"Sarpang","cities":{"sarpang":{"name":"Sarpang","latitude":"26.863950","longitude":"90.267450","postcode":"-","gmtOffset":21600,"gmtOffsetName":"UTC+06:00","ip2locationv4":["1730011904","1730012159","2634714112","2634714623","2634715136","2634715647"],"ip2locationv6":["281472411755264","281472411755519","281473316457472","281473316457983","281473316458496","281473316459007","47882388123597261281937121699015163904","47882388123598470207756736328189870079","47890181595526085931831148121306431488","47890181595527294857650762750481137663"]}}},"chhukha":{"name":"Chhukha","cities":{"phuntsholing":{"name":"Phuntsholing","latitude":"26.851640","longitude":"89.388370","postcode":"21101","gmtOffset":21600,"gmtOffsetName":"UTC+06:00","ip2locationv4":["1736441344","1736441599","1738668032","1738668287","1744171008","1744171263"],"ip2locationv6":["281472418184704","281472418184959","281472420411392","281472420411647","281472425914368","281472425914623","47882388123600888059395965586539282432","47882388123602096985215580215713988607"]}}},"wangduephodrang":{"name":"Wangdue Phodrang","cities":{"wangduephodrang":{"name":"Wangdue Phodrang","latitude":"27.486200","longitude":"89.899100","postcode":"14001","gmtOffset":21600,"gmtOffsetName":"UTC+06:00","ip2locationv4":["1736824832","1736825087","2634708992","2634709503"],"ip2locationv6":["281472418568192","281472418568447","281473316452352","281473316452863"]}}},"paro":{"name":"Paro","cities":{"paro":{"name":"Paro","latitude":"27.433330","longitude":"89.416670","postcode":"12001","gmtOffset":21600,"gmtOffsetName":"UTC+06:00","ip2locationv4":["1736825088","1736825343","1986497280","1986497535","1986498048","1986498303","2634710016","2634710527"],"ip2locationv6":["281472418568448","281472418568703","281472668240640","281472668240895","281472668241408","281472668241663","281473316453376","281473316453887"]}}},"trashigang":{"name":"Trashigang","cities":{"kanglung":{"name":"Kanglung","latitude":"27.290000","longitude":"91.540000","postcode":"42002","gmtOffset":21600,"gmtOffsetName":"UTC+06:00","ip2locationv4":["1736825344","1736825599","3398468864","3398469119"],"ip2locationv6":["281472418568704","281472418568959","281474080212224","281474080212479"]},"thrimshing":{"name":"Thrimshing","latitude":"27.133300","longitude":"91.616700","postcode":"-","gmtOffset":21600,"gmtOffsetName":"UTC+06:00","ip2locationv6":["47882388123593634504478277811491045376","47882388123594843430297892440665751551"]}}},"tsirang":{"name":"Tsirang","cities":{"changra":{"name":"Changra","latitude":"27.400000","longitude":"90.466700","postcode":"-","gmtOffset":21600,"gmtOffsetName":"UTC+06:00","ip2locationv4":["1741009152","1741009407"],"ip2locationv6":["281472422752512","281472422752767"]},"tsirang":{"name":"Tsirang","latitude":"27.021900","longitude":"90.122900","postcode":"36001","gmtOffset":21600,"gmtOffsetName":"UTC+06:00","ip2locationv4":["1744171264","1744171775"],"ip2locationv6":["281472425914624","281472425915135"]},"bali":{"name":"Bali","latitude":"27.366600","longitude":"90.562400","postcode":"-","gmtOffset":21600,"gmtOffsetName":"UTC+06:00","ip2locationv4":["1996648192","1996648447"],"ip2locationv6":["281472678391552","281472678391807"]},"dagapela":{"name":"Dagapela","latitude":"26.933300","longitude":"89.950000","postcode":"36001","gmtOffset":21600,"gmtOffsetName":"UTC+06:00","ip2locationv4":["3398472192","3398472447"],"ip2locationv6":["281474080215552","281474080215807"]}}},"monggar":{"name":"Monggar","cities":{"mongar":{"name":"Mongar","latitude":"27.250000","longitude":"91.200000","postcode":"43001","gmtOffset":21600,"gmtOffsetName":"UTC+06:00","ip2locationv4":["1986497024","1986497279","1996651776","1996652031"],"ip2locationv6":["281472668240384","281472668240639","281472678395136","281472678395391","55838750781591619432856244174454784000","55838750781591619451302988248164335615","55838750781601290839413161207852433408","55838750781601290857859905281561985023","55838750781602499765232775837027139584","55838750781602499783679519910736691199","55838750781606126542691619724551258112","55838750781606126561138363798260809727","55838750781610962245970078241250082816","55838750781610962264416822314959634431"]}}},"dagana":{"name":"Dagana","cities":{"daga":{"name":"Daga","latitude":"27.066670","longitude":"89.883330","postcode":"35001","gmtOffset":21600,"gmtOffsetName":"UTC+06:00","ip2locationv4":["1996647680","1996647935"],"ip2locationv6":["281472678391040","281472678391295"]}}},"punakha":{"name":"Punakha","cities":{"punakha":{"name":"Punakha","latitude":"27.591370","longitude":"89.877430","postcode":"13001","gmtOffset":21600,"gmtOffsetName":"UTC+06:00","ip2locationv4":["1996649216","1996649471","2634713600","2634714111"],"ip2locationv6":["281472678392576","281472678392831","281473316456960","281473316457471","55838750781591619451302988248164335616","55838750781591619469749732321873887231","55838750781601290857859905281561985024","55838750781601290876306649355271536639","55838750781602499783679519910736691200","55838750781602499802126263984446242815","55838750781606126561138363798260809728","55838750781606126579585107871970361343","55838750781610962264416822314959634432","55838750781610962282863566388669186047"]}}},"lhuentse":{"name":"Lhuentse","cities":{"lhuentse":{"name":"Lhuentse","latitude":"27.667900","longitude":"91.183900","postcode":"45001","gmtOffset":21600,"gmtOffsetName":"UTC+06:00","ip2locationv4":["1996652032","1996652287"],"ip2locationv6":["281472678395392","281472678395647"]}}},"gasa":{"name":"Gasa","cities":{"gasa":{"name":"Gasa","latitude":"27.903720","longitude":"89.726890","postcode":"16001","gmtOffset":21600,"gmtOffsetName":"UTC+06:00","ip2locationv4":["2634709504","2634710015"],"ip2locationv6":["281473316452864","281473316453375"]}}},"samtse":{"name":"Samtse","cities":{"samtse":{"name":"Samtse","latitude":"26.899000","longitude":"89.099500","postcode":"22001","gmtOffset":21600,"gmtOffsetName":"UTC+06:00","ip2locationv4":["2634715648","2634716159"],"ip2locationv6":["281473316459008","281473316459519"]}}}}}