{"id":95,"name":"Haiti","iso3":"HTI","iso2":"HT","numeric_code":"332","phone_code":"509","capital":"Port-au-Prince","currency":"HTG","currency_name":"Haitian gourde","currency_symbol":"G","tld":".ht","native":"Ha\u00efti","region":"Americas","region_id":"2","subregion":"Caribbean","subregion_id":"7","nationality":"Haitian","timezones":[{"zoneName":"America/Port-au-Prince","gmtOffset":-18000,"gmtOffsetName":"UTC-05:00","abbreviation":"EST","tzName":"Eastern Standard Time (North America"}],"translations":{"kr":"\uc544\uc774\ud2f0","pt-BR":"Haiti","pt":"Haiti","nl":"Ha\u00efti","hr":"Haiti","fa":"\u0647\u0627\u0626\u06cc\u062a\u06cc","de":"Haiti","es":"Haiti","fr":"Ha\u00efti","ja":"\u30cf\u30a4\u30c1","it":"Haiti","cn":"\u6d77\u5730","tr":"Haiti"},"latitude":"19.00000000","longitude":"-72.41666666","emoji":"\ud83c\udded\ud83c\uddf9","emojiU":"U+1F1ED U+1F1F9","states":{"artibonite":{"id":4123,"name":"Artibonite","state_code":"AR","latitude":"19.36290200","longitude":"-72.42581450","type":null,"cities":{"anserouge":{"id":55046,"name":"Anse Rouge","latitude":"19.63382000","longitude":"-73.05530000"},"arrondissementdesaint-marc":{"id":55064,"name":"Arrondissement de Saint-Marc","latitude":"19.00000000","longitude":"-72.50000000"},"d\u00e9sarmes":{"id":55094,"name":"D\u00e9sarmes","latitude":"18.99345000","longitude":"-72.39058000"},"dessalines":{"id":55091,"name":"Dessalines","latitude":"19.26177000","longitude":"-72.51611000"},"ennery":{"id":55095,"name":"Ennery","latitude":"19.483330","longitude":"-72.483330","postcode":"HT 4120","gmtOffset":14400,"gmtOffsetName":"UTC-04:00","ip2locationv4":["3195252736","3195252991"],"ip2locationv6":["281473876996096","281473876996351"]},"gona\u00efves":{"id":55102,"name":"Gona\u00efves","latitude":"19.44755000","longitude":"-72.68928000"},"grandesaline":{"id":55104,"name":"Grande Saline","latitude":"19.26513000","longitude":"-72.76897000"},"grosmorne":{"id":55107,"name":"Gros Morne","latitude":"19.666670","longitude":"-72.683330","postcode":"HT 4210","gmtOffset":14400,"gmtOffsetName":"UTC-04:00","ip2locationv4":["3194374656","3194374911","3194379520","3194379775"],"ip2locationv6":["281473876118016","281473876118271","281473876122880","281473876123135"]},"marmelade":{"id":55126,"name":"Marmelade","latitude":"19.51736000","longitude":"-72.36133000"},"saint-marc":{"id":55155,"name":"Saint-Marc","latitude":"19.108190","longitude":"-72.693790","postcode":"HT 4310","gmtOffset":14400,"gmtOffsetName":"UTC-04:00","ip2locationv4":["3133019392","3133019647","3194374912","3194375167"],"ip2locationv6":["281473814762752","281473814763007","281473876118272","281473876118527"]},"verrettes":{"id":55166,"name":"Verrettes","latitude":"19.05050000","longitude":"-72.46585000"},"desarmes":{"name":"Desarmes","latitude":"18.991670","longitude":"-72.388890","postcode":"HT 4421","gmtOffset":14400,"gmtOffsetName":"UTC-04:00","ip2locationv4":["3006516736","3006516991","3195586304","3195586559"],"ip2locationv6":["281473688260096","281473688260351","281473877329664","281473877329919"]},"gonaives":{"name":"Gonaives","latitude":"19.450000","longitude":"-72.683330","postcode":"HT 4111","gmtOffset":14400,"gmtOffsetName":"UTC-04:00","ip2locationv4":["3194377472","3194377727","3195241728","3195241983","3362913536","3362913791"],"ip2locationv6":["281473876120832","281473876121087","281473876985088","281473876985343","281474044656896","281474044657151"]}}},"centre":{"id":4125,"name":"Centre","state_code":"CE","latitude":"32.83702510","longitude":"-96.77738820","type":null,"cities":{"arrondissementdecercalasource":{"id":55054,"name":"Arrondissement de Cerca La Source","latitude":"19.11667000","longitude":"-71.75000000"},"cercalasource":{"id":55082,"name":"Cerca la Source","latitude":"19.16696000","longitude":"-71.79015000"},"hinche":{"id":55108,"name":"Hinche","latitude":"19.150000","longitude":"-72.016670","postcode":"HT 5110","gmtOffset":14400,"gmtOffsetName":"UTC-04:00","ip2locationv4":["2489746432","2489746687","3195248896","3195249151"],"ip2locationv6":["281473171489792","281473171490047","281473876992256","281473876992511"]},"lascahobas":{"id":55117,"name":"Lascahobas","latitude":"18.83047000","longitude":"-71.93563000"},"mayisad":{"id":55127,"name":"Mayisad","latitude":"19.17607000","longitude":"-72.13958000"},"mirebalais":{"id":55130,"name":"Mirebalais","latitude":"18.833330","longitude":"-72.105280","postcode":"HT 5210","gmtOffset":14400,"gmtOffsetName":"UTC-04:00","ip2locationv4":["3195245568","3195245823"],"ip2locationv6":["281473876988928","281473876989183"]},"thomassique":{"id":55158,"name":"Thomassique","latitude":"19.08209000","longitude":"-71.83855000"},"thomonde":{"id":55160,"name":"Thomonde","latitude":"19.01730000","longitude":"-71.96235000"}}},"grand\u0027anse":{"id":4119,"name":"Grand\u0027Anse","state_code":"GA","latitude":"12.01666670","longitude":"-61.76666670","type":null,"cities":{"anse-\u00e0-veau":{"id":55049,"name":"Anse-\u00e0-Veau","latitude":"18.50110000","longitude":"-73.34490000"},"chambellan":{"id":55083,"name":"Chambellan","latitude":"18.55037000","longitude":"-74.31317000"},"corail":{"id":55086,"name":"Corail","latitude":"18.56766000","longitude":"-73.88942000"},"dame-marie":{"id":55089,"name":"Dame-Marie","latitude":"18.56107000","longitude":"-74.42167000"},"jeremi":{"id":55111,"name":"Jeremi","latitude":"18.58333000","longitude":"-74.20000000"},"j\u00e9r\u00e9mie":{"id":55112,"name":"J\u00e9r\u00e9mie","latitude":"18.65000000","longitude":"-74.11667000"},"lesabricots":{"id":55119,"name":"Les Abricots","latitude":"18.64901000","longitude":"-74.30786000"},"lesirois":{"id":55122,"name":"Les Irois","latitude":"18.40490000","longitude":"-74.45280000"},"moron":{"id":55132,"name":"Moron","latitude":"18.56039000","longitude":"-74.25777000"},"petiterivi\u00e8redenippes":{"id":55139,"name":"Petite Rivi\u00e8re de Nippes","latitude":"18.47611000","longitude":"-73.23495000"}}},"nippes":{"id":4118,"name":"Nippes","state_code":"NI","latitude":"18.39907350","longitude":"-73.41802110","type":null,"cities":{"ansavo":{"id":55045,"name":"Ansavo","latitude":"18.41667000","longitude":"-73.50000000"},"barad\u00e8res":{"id":55072,"name":"Barad\u00e8res","latitude":"18.48255000","longitude":"-73.63884000"},"mirago\u00e2ne":{"id":55129,"name":"Mirago\u00e2ne","latitude":"18.44599000","longitude":"-73.08957000"},"petittroudenippes":{"id":55137,"name":"Petit Trou de Nippes","latitude":"18.52535000","longitude":"-73.50815000"}}},"nord":{"id":4117,"name":"Nord","state_code":"ND","latitude":"43.19052600","longitude":"-89.43792100","type":null,"cities":{"aculdunord":{"id":55044,"name":"Acul du Nord","latitude":"19.66667000","longitude":"-72.28333000"},"arrondissementdelagranderivi\u00e8redunord":{"id":55065,"name":"Arrondissement de la Grande Rivi\u00e8re du Nord","latitude":"19.51667000","longitude":"-72.16667000"},"arrondissementdeplaisance":{"id":55059,"name":"Arrondissement de Plaisance","latitude":"19.66756000","longitude":"-72.54908000"},"arrondissementduborgne":{"id":55067,"name":"Arrondissement du Borgne","latitude":"19.75000000","longitude":"-72.50000000"},"bahon":{"id":55070,"name":"Bahon","latitude":"19.46959000","longitude":"-72.11466000"},"borgne":{"id":55075,"name":"Borgne","latitude":"19.84507000","longitude":"-72.52349000"},"dondon":{"id":55092,"name":"Dondon","latitude":"19.52734000","longitude":"-72.24337000"},"granderivi\u00e8redunord":{"id":55103,"name":"Grande Rivi\u00e8re du Nord","latitude":"19.57744000","longitude":"-72.16872000"},"lenbe":{"id":55118,"name":"Lenbe","latitude":"19.70603000","longitude":"-72.40336000"},"limonade":{"id":55123,"name":"Limonade","latitude":"19.67014000","longitude":"-72.12430000"},"milot":{"id":55128,"name":"Milot","latitude":"19.60837000","longitude":"-72.21319000"},"okap":{"id":55134,"name":"Okap","latitude":"19.75938000","longitude":"-72.19815000"},"pignon":{"id":55141,"name":"Pignon","latitude":"19.333330","longitude":"-72.116670","postcode":"HT 1440","gmtOffset":14400,"gmtOffsetName":"UTC-04:00","ip2locationv4":["2701166336","2701166591"],"ip2locationv6":["281473382909696","281473382909951"]},"pilate":{"id":55142,"name":"Pilate","latitude":"19.66745000","longitude":"-72.55229000"},"plainedunord":{"id":55143,"name":"Plaine du Nord","latitude":"19.683330","longitude":"-72.266670","postcode":"HT 1220","gmtOffset":14400,"gmtOffsetName":"UTC-04:00","ip2locationv4":["3195248384","3195248639"],"ip2locationv6":["281473876991744","281473876991999"]},"plaisance":{"id":55144,"name":"Plaisance","latitude":"19.59795000","longitude":"-72.46994000"},"port-margot":{"id":55145,"name":"Port-Margot","latitude":"19.75180000","longitude":"-72.43006000"},"quartiermorin":{"id":55150,"name":"Quartier Morin","latitude":"19.696670","longitude":"-72.156940","postcode":"HT 1120","gmtOffset":14400,"gmtOffsetName":"UTC-04:00","ip2locationv4":["3194375424","3194375679","3195252992","3195253247","3195254016","3195254783"],"ip2locationv6":["281473876118784","281473876119039","281473876996352","281473876996607","281473876997376","281473876998143"]},"ranquitte":{"id":55151,"name":"Ranquitte","latitude":"19.41327000","longitude":"-72.08077000"},"saint-rapha\u00ebl":{"id":55156,"name":"Saint-Rapha\u00ebl","latitude":"19.43877000","longitude":"-72.19910000"},"cap-haitien":{"name":"Cap-Haitien","latitude":"19.757780","longitude":"-72.204170","postcode":"HT 1112","gmtOffset":14400,"gmtOffsetName":"UTC-04:00","ip2locationv4":["3194375168","3194375423","3194375680","3194375935","3195248128","3195248383","3355753216","3355753471","3362903552","3362903807"],"ip2locationv6":["281473876118528","281473876118783","281473876119040","281473876119295","281473876991488","281473876991743","281474037496576","281474037496831","281474044646912","281474044647167"]}}},"nord-est":{"id":4121,"name":"Nord-Est","state_code":"NE","latitude":"19.48897230","longitude":"-71.85713310","type":null,"cities":{"arrondissementdefortlibert\u00e9":{"id":55056,"name":"Arrondissement de Fort Libert\u00e9","latitude":"19.56667000","longitude":"-71.83333000"},"arrondissementdutroudunord":{"id":55069,"name":"Arrondissement du Trou du Nord","latitude":"19.55000000","longitude":"-71.98333000"},"caracol":{"id":55077,"name":"Caracol","latitude":"19.69274000","longitude":"-72.01733000"},"carice":{"id":55078,"name":"Carice","latitude":"19.37795000","longitude":"-71.83030000"},"d\u00e9rac":{"id":55093,"name":"D\u00e9rac","latitude":"19.65476000","longitude":"-71.81451000"},"ferrier":{"id":55096,"name":"Ferrier","latitude":"19.61549000","longitude":"-71.77792000"},"fortlibert\u00e9":{"id":55101,"name":"Fort Libert\u00e9","latitude":"19.66273000","longitude":"-71.83798000"},"mont\u00f2rganize":{"id":55131,"name":"Mont\u00f2rganize","latitude":"19.40815000","longitude":"-71.78132000"},"ouanaminthe":{"id":55135,"name":"Ouanaminthe","latitude":"19.54934000","longitude":"-71.72475000"},"perches":{"id":55136,"name":"Perches","latitude":"19.52201000","longitude":"-71.92323000"},"pha\u00ebton":{"id":55140,"name":"Pha\u00ebton","latitude":"19.67525000","longitude":"-71.89691000"},"troudunord":{"id":55165,"name":"Trou du Nord","latitude":"19.61668000","longitude":"-72.02442000"},"wanament":{"id":55167,"name":"Wanament","latitude":"19.48333000","longitude":"-71.76667000"}}},"nord-ouest":{"id":4126,"name":"Nord-Ouest","state_code":"NO","latitude":"19.83740090","longitude":"-73.04052770","type":null,"cities":{"arcahaie":{"id":55051,"name":"Arcahaie","latitude":"19.81667000","longitude":"-72.91667000"},"arrondissementdeport-de-paix":{"id":55062,"name":"Arrondissement de Port-de-Paix","latitude":"19.83333000","longitude":"-72.88333000"},"arrondissementdesaint-louisdunord":{"id":55063,"name":"Arrondissement de Saint-Louis du Nord","latitude":"19.85000000","longitude":"-72.66667000"},"arrondissementdum\u00f4lesaint-nicolas":{"id":55068,"name":"Arrondissement du M\u00f4le Saint-Nicolas","latitude":"19.75000000","longitude":"-73.25000000"},"baiedehenne":{"id":55071,"name":"Baie de Henne","latitude":"19.66307000","longitude":"-73.20943000"},"bombardopolis":{"id":55074,"name":"Bombardopolis","latitude":"19.69142000","longitude":"-73.33769000"},"fondbassinbleu":{"id":55097,"name":"Fond Bassin Bleu","latitude":"19.79445000","longitude":"-72.79949000"},"jean-rabel":{"id":55110,"name":"Jean-Rabel","latitude":"19.85379000","longitude":"-73.19131000"},"m\u00f4lesaint-nicolas":{"id":55133,"name":"M\u00f4le Saint-Nicolas","latitude":"19.80700000","longitude":"-73.37605000"},"petiteanse":{"id":55138,"name":"Petite Anse","latitude":"19.63011000","longitude":"-73.15499000"},"port-de-paix":{"id":55147,"name":"Port-de-Paix","latitude":"19.93984000","longitude":"-72.83037000"},"saint-louisdunord":{"id":55153,"name":"Saint-Louis du Nord","latitude":"19.933330","longitude":"-72.716670","postcode":"HT 3210","gmtOffset":14400,"gmtOffsetName":"UTC-04:00","ip2locationv4":["2701167104","2701167359","3362903808","3362904063","3362909696","3362909951","3362912256","3362912511"],"ip2locationv6":["281473382910464","281473382910719","281474044647168","281474044647423","281474044653056","281474044653311","281474044655616","281474044655871"]},"tiport-de-paix":{"id":55161,"name":"Ti Port-de-Paix","latitude":"19.93333000","longitude":"-72.83333000"}}},"ouest":{"id":4120,"name":"Ouest","state_code":"OU","latitude":"45.45472490","longitude":"-73.65023650","type":null,"cities":{"anse\u00e0galets":{"id":55047,"name":"Anse \u00e0 Galets","latitude":"18.83449000","longitude":"-72.86644000"},"arcahaie":{"id":55052,"name":"Arcahaie","latitude":"18.83333000","longitude":"-72.41667000"},"arrondissementdecroixdesbouquets":{"id":55055,"name":"Arrondissement de Croix des Bouquets","latitude":"18.48333000","longitude":"-72.01667000"},"arrondissementdel\u00e9og\u00e2ne":{"id":55058,"name":"Arrondissement de L\u00e9og\u00e2ne","latitude":"18.41667000","longitude":"-72.75000000"},"arrondissementdeport-au-prince":{"id":55061,"name":"Arrondissement de Port-au-Prince","latitude":"18.50000000","longitude":"-72.36667000"},"cabaret":{"id":55076,"name":"Cabaret","latitude":"18.735830","longitude":"-72.417500","postcode":"HT 6420","gmtOffset":14400,"gmtOffsetName":"UTC-04:00","ip2locationv4":["3362899200","3362899455"],"ip2locationv6":["281474044642560","281474044642815"]},"carrefour":{"id":55079,"name":"Carrefour","latitude":"18.54114000","longitude":"-72.39922000"},"cornillon":{"id":55087,"name":"Cornillon","latitude":"18.67546000","longitude":"-71.95271000"},"croix-des-bouquets":{"id":55088,"name":"Croix-des-Bouquets","latitude":"18.57677000","longitude":"-72.22625000"},"delmas73":{"id":55090,"name":"Delmas 73","latitude":"18.54472000","longitude":"-72.30278000"},"fondparisien":{"id":55098,"name":"Fond Parisien","latitude":"18.50547000","longitude":"-71.98122000"},"fondsverrettes":{"id":55100,"name":"Fonds Verrettes","latitude":"18.39566000","longitude":"-71.85634000"},"grangwav":{"id":55105,"name":"Grangwav","latitude":"18.42590000","longitude":"-72.76995000"},"gressier":{"id":55106,"name":"Gressier","latitude":"18.54091000","longitude":"-72.52679000"},"kenscoff":{"id":55113,"name":"Kenscoff","latitude":"18.44773000","longitude":"-72.28398000"},"lagonav":{"id":55116,"name":"Lagonav","latitude":"18.85000000","longitude":"-73.05000000"},"l\u00e9og\u00e2ne":{"id":55124,"name":"L\u00e9og\u00e2ne","latitude":"18.51110000","longitude":"-72.63343000"},"p\u00e9tionville":{"id":55149,"name":"P\u00e9tionville","latitude":"18.51250000","longitude":"-72.28528000"},"port-au-prince":{"id":55146,"name":"Port-au-Prince","latitude":"18.539170","longitude":"-72.335000","postcode":"HT 6119","gmtOffset":14400,"gmtOffsetName":"UTC-04:00","ip2locationv4":["961179648","961180159","1107929088","1107929855","1761222144","1761222399","2178825216","2178825727","2489745408","2489745919","2489746176","2489746431","2489746688","2489748991","2489749248","2489778175","2644998400","2644998655","2701164800","2701166335","2701166592","2701167103","2701167360","2701168639","2701168896","2701170687","2831508480","2831509503","2857433088","2857434111","2857615360","2857616383","2867792896","2867793919","3120676864","3120680447","3120680704","3120680959","3133014016","3133019391","3133019648","3133020159","3133020416","3133021439","3133021696","3133046783","3194372096","3194374655","3194375936","3194377471","3194377728","3194378239","3194378752","3194379519","3194379776","3194380287","3194596352","3194597375","3195240448","3195240959","3195241216","3195241727","3195241984","3195243263","3195243520","3195245567","3195245824","3195248127","3195248640","3195248895","3195249152","3195252735","3195253248","3195254015","3195254784","3195256831","3195584512","3195585279","3195585536","3195585791","3195586048","3195586303","3195586560","3195592703","3200565248","3200569343","3355447808","3355448063","3355607040","3355610367","3355610624","3355611903","3355612160","3355612927","3355613440","3355614207","3355614720","3355615231","3355746560","3355753215","3355753472","3355754495","3362897920","3362899199","3362899456","3362903551","3362904064","3362905599","3362905856","3362909695","3362909952","3362912255","3362912512","3362913535","3362913792","3362914303","3363026432","3363026943","3380825344","3380825599","3382077440","3382078463","3633036032","3633036287"],"ip2locationv6":["281471642923008","281471642923519","281471789672448","281471789673215","281472442965504","281472442965759","281472860568576","281472860569087","281473171488768","281473171489279","281473171489536","281473171489791","281473171490048","281473171492351","281473171492608","281473171521535","281473326741760","281473326742015","281473382908160","281473382909695","281473382909952","281473382910463","281473382910720","281473382911999","281473382912256","281473382914047","281473513251840","281473513252863","281473539176448","281473539177471","281473539358720","281473539359743","281473549536256","281473549537279","281473802420224","281473802423807","281473802424064","281473802424319","281473814757376","281473814762751","281473814763008","281473814763519","281473814763776","281473814764799","281473814765056","281473814790143","281473876115456","281473876118015","281473876119296","281473876120831","281473876121088","281473876121599","281473876122112","281473876122879","281473876123136","281473876123647","281473876339712","281473876340735","281473876983808","281473876984319","281473876984576","281473876985087","281473876985344","281473876986623","281473876986880","281473876988927","281473876989184","281473876991487","281473876992000","281473876992255","281473876992512","281473876996095","281473876996608","281473876997375","281473876998144","281473877000191","281473877327872","281473877328639","281473877328896","281473877329151","281473877329408","281473877329663","281473877329920","281473877336063","281473882308608","281473882312703","281474037191168","281474037191423","281474037350400","281474037353727","281474037353984","281474037355263","281474037355520","281474037356287","281474037356800","281474037357567","281474037358080","281474037358591","281474037489920","281474037496575","281474037496832","281474037497855","281474044641280","281474044642559","281474044642816","281474044646911","281474044647424","281474044648959","281474044649216","281474044653055","281474044653312","281474044655615","281474044655872","281474044656895","281474044657152","281474044657663","281474044769792","281474044770303","281474062568704","281474062568959","281474063820800","281474063821823","281474314779392","281474314779647","42540578165174519845517464775216332800","42540578165174519863964208848925884415","42540578165174531374732510843686092800","42540578165174531393179254917395644415","42540578165305092743813232327798030336","42540578165305092762259976401507581951","42540578174795148474297911585452064768","42540578174795148492744655659161616383","42540578195529421998639659784798732288","42540578195530630924459274413973438463","42540578232441554048933132376102404096","42540578232442762974752747005277110271","42540889323876840201199563023423897600","42540889323878049127019177652598603775","50521102391442937026333430643486097408","50521102391462279839447264710281396223","50538446336161032424076449132287361024","50538446336238403676531785399468556287","50541822696184002570125965152722354176","50541822696222688196353633286312951807","50543536572919609834013203016066269184","50543536572929281240570120049463918591","50676817341918494790760106025786802176","50676817341918494809206850099496353791","50676817341918786267763214710411886592","50676817341918786286209958784121438207","53169230116998854772110212624392650752","53169230196227017286374550217936601087","53174312129241653212586350314103242752","53174312129242862138405964943277948927","53174313943075267336148295909659115520","53174313943076476261967910538833821695","53174313975261708357568183057036345344","53174313975262917283387797686211051519","53174314000020509143275788555018829824","53174314000021718069095403184193535999","53187414564859128722874682831873769472","53187414644087291237139020425417719807","53187780965400196252586926375065092096","53187780965709681262408271443789873151","53188053460761643750493037170289278976","53188053539989806264757374763833229311","53188722780278564255617027429581717504","53188722859506726769881365023125667839","53188808980519379775216329205399683072","53188809059747542289480666798943633407","55838750794202458266222261292014501888","55838750794202458284669005365724053503","55838750794202487781012779227297087488","55838750794202487799459523301006639103","55838750794203667192041875921189208064","55838750794203667210488619994898759679","55838750794204876117861490550363914240","55838750794204876136308234624073465855","55838750794212129672779178325412151296","55838750794212129691225922399121702911","55838750794212159187569696260694736896","55838750794212159206016440334404288511","55838750794213338598598792954586857472","55838750794213338617045537028296409087","55838750794216965376057636842110976000","55838750794216965394504380915820527615","55838750794216994890848154777393561600","55838750794216994909294898851103113215","55838750794218174301877251471285682176","55838750794218174320323995544995233791","55838750794221801079336095358809800704","55838750794221801097782839432519352319","55838750794221830594126613294092386304","55838750794221830612573357367801937919","55838750794226636782614553875508625408","55838750794226636801061297949218177023","55838750794226666297405071810791211008","55838750794226666315851815884500762623","55838750794227845708434168504683331584","55838750794227845726880912578392883199","55838750794231472485893012392207450112","55838750794231472504339756465917001727","55838750794231502000683530327490035712","55838750794231502019130274401199587327","55838750794232681411712627021382156288","55838750794232681430159371095091707903","55849932188191134636112537940458995712","55849932188191134654559282014168547327","55849932188191229009655219038525063168","55849932188191233732021701908170276863","55849932188192343561932152569633701888","55849932188192343580378896643343253503","55849932188192437935474833667699769344","55849932188192442657841316537344983039","55849932188206851151382874036178518016","55849932188206851169829618109888069631","55849932188207025325540418001764876288","55849932188207030047906900871410089983","55849932188278177608719440494100217856","55849932188278177627166184567809769471","55849932188278318892332301035556044800","55849932188278323614698783905201258495","55849932208014042342274088051924795392","55849932208014117900137813966248214527","55849932208033385155387922118720094208","55849932208033460713251648033043513343","55849932208052727968501756185515393024","55849932208052803526365482099838812159","55849932208072070781615590252310691840","55849932208072146339479316166634110975","55849932208091413594729424319105990656","55849932208091489152593150233429409791","55849932208110756407843258385901289472","55849932208110831965706984300224708607","55849932208130099220957092452696588288","55849932208130174778820818367020007423","55849932208149442034070926519491887104","55849932208149517591934652433815306239","55878094329853402580131951780785291264","55878094329853402598578695854494842879","55878094329892088206359619914375888896","55878094329892088224806363988085440511","55878094329930773832587288047966486528","55878094329930773851034032121676038143","55878094329969459458814956181557084160","55878094329969459477261700255266635775","55878094410870775307425940552894382080","55878094410880446713982857586292031487","55878094490098937821690278146438332416","55878094490108609228247195179835981823","55878094552547209959703562795060559872","55878094552556881366260479828458209279","55878094557498970116845083894657056768","55878094557508641523402000928054706175","55878094648690662542015791801093324800","55878094648700333948572708834490974207","55878094727918825056280129394637275136","55878094727928496462837046428034924543"]},"thomazeau":{"id":55159,"name":"Thomazeau","latitude":"18.65297000","longitude":"-72.09391000"},"tigwav":{"id":55163,"name":"Tigwav","latitude":"18.43117000","longitude":"-72.86521000"},"petitgoave":{"name":"Petit Goave","latitude":"18.431390","longitude":"-72.866940","postcode":"HT 6220","gmtOffset":14400,"gmtOffsetName":"UTC-04:00","ip2locationv4":["3195585280","3195585535","3355610368","3355610623","3355614208","3355614463"],"ip2locationv6":["281473877328640","281473877328895","281474037353728","281474037353983","281474037357568","281474037357823"]},"leogane":{"name":"Leogane","latitude":"18.510830","longitude":"-72.633890","postcode":"HT 6212","gmtOffset":14400,"gmtOffsetName":"UTC-04:00","ip2locationv4":["3355611904","3355612159"],"ip2locationv6":["281474037355264","281474037355519"]}}},"sud":{"id":4122,"name":"Sud","state_code":"SD","latitude":"29.92132480","longitude":"-90.09737720","type":null,"cities":{"aquin":{"id":55050,"name":"Aquin","latitude":"18.27974000","longitude":"-73.39433000"},"arrondissementdeport-salut":{"id":55060,"name":"Arrondissement de Port-Salut","latitude":"18.13333000","longitude":"-73.90000000"},"arrondissementdescayes":{"id":55066,"name":"Arrondissement des Cayes","latitude":"18.30000000","longitude":"-73.83333000"},"cavaillon":{"id":55080,"name":"Cavaillon","latitude":"18.29987000","longitude":"-73.65455000"},"chantal":{"id":55084,"name":"Chantal","latitude":"18.200000","longitude":"-73.883330","postcode":"HT 8130","gmtOffset":14400,"gmtOffsetName":"UTC-04:00","ip2locationv4":["3133020160","3133020415","3355613184","3355613439"],"ip2locationv6":["281473814763520","281473814763775","281474037356544","281474037356799"]},"chardonni\u00e8re":{"id":55085,"name":"Chardonni\u00e8re","latitude":"18.27484000","longitude":"-74.16613000"},"fonddesblancs":{"id":55099,"name":"Fond des Blancs","latitude":"18.27782000","longitude":"-73.12733000"},"koto":{"id":55115,"name":"Koto","latitude":"18.20601000","longitude":"-74.04013000"},"lesanglais":{"id":55120,"name":"Les Anglais","latitude":"18.305400","longitude":"-74.219680","postcode":"HT 8520","gmtOffset":14400,"gmtOffsetName":"UTC-04:00","ip2locationv4":["2701168640","2701168895"],"ip2locationv6":["281473382912000","281473382912255"]},"lescayes":{"id":55121,"name":"Les Cayes","latitude":"18.200000","longitude":"-73.750000","postcode":"HT 8110","gmtOffset":14400,"gmtOffsetName":"UTC-04:00","ip2locationv4":["2489745920","2489746175","2489748992","2489749247","3133021440","3133021695","3194378240","3194378751","3195585792","3195586047","3355746304","3355746559"],"ip2locationv6":["281473171489280","281473171489535","281473171492352","281473171492607","281473814764800","281473814765055","281473876121600","281473876122111","281473877329152","281473877329407","281474037489664","281474037489919"]},"port-\u00e0-piment":{"id":55148,"name":"Port-\u00e0-Piment","latitude":"18.24963000","longitude":"-74.09710000"},"roche-\u00e0-bateau":{"id":55152,"name":"Roche-\u00e0-Bateau","latitude":"18.18182000","longitude":"-74.00345000"},"saint-louisdusud":{"id":55154,"name":"Saint-Louis du Sud","latitude":"18.26241000","longitude":"-73.54603000"},"tiburon":{"id":55162,"name":"Tiburon","latitude":"18.32589000","longitude":"-74.39598000"},"torbeck":{"id":55164,"name":"Torbeck","latitude":"18.166670","longitude":"-73.811940","postcode":"HT 8122","gmtOffset":14400,"gmtOffsetName":"UTC-04:00","ip2locationv4":["3355612928","3355613183"],"ip2locationv6":["281474037356288","281474037356543"]},"cotes-de-fer":{"name":"Cotes-de-Fer","latitude":"18.183330","longitude":"-73.000000","postcode":"HT 9220","gmtOffset":14400,"gmtOffsetName":"UTC-04:00","ip2locationv4":["3120680448","3120680703","3195243264","3195243519"],"ip2locationv6":["281473802423808","281473802424063","281473876986624","281473876986879"]}}},"sud-est":{"id":4124,"name":"Sud-Est","state_code":"SE","latitude":"18.27835980","longitude":"-72.35479150","type":null,"cities":{"anse-\u00e0-pitre":{"id":55048,"name":"Anse-\u00e0-Pitre","latitude":"18.05000000","longitude":"-71.75000000"},"arrondissementdebainet":{"id":55053,"name":"Arrondissement de Bainet","latitude":"18.25000000","longitude":"-72.85000000"},"arrondissementdejacmel":{"id":55057,"name":"Arrondissement de Jacmel","latitude":"18.33333000","longitude":"-72.50000000"},"belle-anse":{"id":55073,"name":"Belle-Anse","latitude":"18.23768000","longitude":"-72.06638000"},"cayes-jacmel":{"id":55081,"name":"Cayes-Jacmel","latitude":"18.23110000","longitude":"-72.39545000"},"jacmel":{"id":55109,"name":"Jacmel","latitude":"18.234170","longitude":"-72.534720","postcode":"HT 9110","gmtOffset":14400,"gmtOffsetName":"UTC-04:00","ip2locationv4":["3355614464","3355614719","3362905600","3362905855"],"ip2locationv6":["281474037357824","281474037358079","281474044648960","281474044649215"]},"kotdef\u00e8":{"id":55114,"name":"Kotdef\u00e8","latitude":"18.18872000","longitude":"-73.00287000"},"marigot":{"id":55125,"name":"Marigot","latitude":"18.23167000","longitude":"-72.32289000"},"thiotte":{"id":55157,"name":"Thiotte","latitude":"18.24384000","longitude":"-71.84157000"}}},"grande\u0027anse":{"name":"Grande\u0027Anse","cities":{"baraderes":{"name":"Baraderes","latitude":"18.482500","longitude":"-73.638610","postcode":"HT 7520","gmtOffset":14400,"gmtOffsetName":"UTC-04:00","ip2locationv4":["2701164544","2701164799"],"ip2locationv6":["281473382907904","281473382908159"]},"petiterivieredenippes":{"name":"Petite Riviere de Nippes","latitude":"18.476110","longitude":"-73.234950","postcode":"HT 7420","gmtOffset":14400,"gmtOffsetName":"UTC-04:00","ip2locationv4":["3195240960","3195241215"],"ip2locationv6":["281473876984320","281473876984575"]}}}}}